,username,stage,dist_search_novel,type,dist_search_vis,dist_search_data
0,jmamaril25,1,1.0,novel,0.0,0.0
1,hihms,1,0.0,novel,0.0,0.0
2,ko68,1,1.0,novel,0.0,0.0
3,Nigogu,1,1.0,novel,0.0,0.0
4,alejosaur,1,1.0,novel,0.0,0.0
5,pahigueraf,1,1.0,novel,0.0,0.0
6,mdecloedt,2,0.0,novel,0.0,0.0
7,Jordan-Loeser,2,0.6666666666666667,novel,0.0,0.0
8,jmamaril25,2,0.4444444444444444,novel,0.0,0.0
9,noah-curran,2,0.0,novel,0.0,0.0
10,matson3,2,0.0,novel,0.0,0.0
11,littlex2015,2,0.0,novel,0.0,0.0
12,hihms,2,0.0,novel,0.0,0.0
13,zhao744,2,0.0,novel,0.0,0.0
14,ko68,2,1.0,novel,0.0,0.0
15,Nigogu,2,0.0,novel,0.0,0.0
16,olimita,2,1.0,novel,0.0,0.0
17,LauraMolina,2,0.0,novel,0.0,0.0
18,cglaitong,2,0.4285714285714286,novel,0.0,0.0
19,BrandonAvilanR,2,0.8333333333333334,novel,0.0,0.0
20,alejosaur,2,0.1999999999999999,novel,0.0,0.0
21,garayf,2,1.0,novel,0.0,0.0
22,xFortich,2,1.0,novel,0.0,0.0
23,davideperdomo,2,0.75,novel,0.0,0.0
24,trickyjuggler,2,0.75,novel,0.0,0.0
25,jsalcinar,2,1.0,novel,0.0,0.0
26,Anvido,2,0.0,novel,0.0,0.0
27,federgolo,2,1.0,novel,0.0,0.0
28,pahigueraf,2,0.8333333333333334,novel,0.0,0.0
29,mdecloedt,3,1.0,novel,0.0,0.0
30,Jordan-Loeser,3,1.0,novel,0.0,0.0
31,LukasMMarinovic,3,0.0,novel,0.0,0.0
32,jmamaril25,3,0.7272727272727273,novel,0.0,0.0
33,noah-curran,3,1.0,novel,0.0,0.0
34,bzin22,3,0.8,novel,0.0,0.0
35,AkaGar,3,0.0,novel,0.0,0.0
36,matson3,3,0.0,novel,0.0,0.0
37,ecottle,3,0.0,novel,0.0,0.0
38,littlex2015,3,1.0,novel,0.0,0.0
39,nbraunec,3,0.8,novel,0.0,0.0
40,hihms,3,0.0,novel,0.0,0.0
41,zhao744,3,0.0,novel,0.0,0.0
42,ko68,3,0.6,novel,0.0,0.0
43,gshowal,3,0.0,novel,0.0,0.0
44,Nigogu,3,1.0,novel,0.0,0.0
45,daapinzonch,3,1.0,novel,0.0,0.0
46,olimita,3,1.0,novel,0.0,0.0
47,Joacampora,3,0.8,novel,0.0,0.0
48,LauraMolina,3,0.0,novel,0.0,0.0
49,evilcucaracha,3,0.0,novel,0.0,0.0
50,JulianM96,3,0.0,novel,0.0,0.0
51,cglaitong,3,0.1666666666666666,novel,0.0,0.0
52,alejosaur,3,0.4285714285714286,novel,0.0,0.0
53,garayf,3,0.0,novel,0.0,0.0
54,sebcamacho1703,3,1.0,novel,0.0,0.0
55,xFortich,3,0.6666666666666667,novel,0.0,0.0
56,davideperdomo,3,0.75,novel,0.0,0.0
57,ayperezc,3,1.0,novel,0.0,0.0
58,anferoar96,3,0.0,novel,0.0,0.0
59,trickyjuggler,3,0.3333333333333333,novel,0.0,0.0
60,casc3798,3,0.0,novel,0.0,0.0
61,jsalcinar,3,0.0,novel,0.0,0.0
62,Anvido,3,0.6666666666666667,novel,0.0,0.0
63,federgolo,3,0.75,novel,0.0,0.0
64,pahigueraf,3,0.625,novel,0.0,0.0
65,mdecloedt,4,1.0,novel,0.0,0.0
66,Jordan-Loeser,4,1.0,novel,0.0,0.0
67,LukasMMarinovic,4,0.0,novel,0.0,0.0
68,whipplem123,4,0.0,novel,0.0,0.0
69,jmamaril25,4,0.9166666666666666,novel,0.0,0.0
70,viswapurdue,4,0.0,novel,0.0,0.0
71,noah-curran,4,0.0,novel,0.0,0.0
72,bzin22,4,0.0,novel,0.0,0.0
73,AkaGar,4,0.8571428571428572,novel,0.0,0.0
74,matson3,4,0.0,novel,0.0,0.0
75,ecottle,4,0.0,novel,0.0,0.0
76,littlex2015,4,1.0,novel,0.0,0.0
77,hihms,4,0.0,novel,0.0,0.0
78,snugghash,4,0.5,novel,0.0,0.0
79,zhao744,4,0.0,novel,0.0,0.0
80,ko68,4,0.8333333333333334,novel,0.0,0.0
81,GeoffYart,4,0.3333333333333333,novel,0.0,0.0
82,gshowal,4,0.0,novel,0.0,0.0
83,Nigogu,4,0.7142857142857143,novel,0.0,0.0
84,daapinzonch,4,0.8,novel,0.0,0.0
85,Orloffyeah,4,1.0,novel,0.0,0.0
86,DiegoAraque1207,4,0.0,novel,0.0,0.0
87,olimita,4,0.3333333333333333,novel,0.0,0.0
88,Joacampora,4,0.0,novel,0.0,0.0
89,LauraMolina,4,0.0,novel,0.0,0.0
90,JulianM96,4,0.0,novel,0.0,0.0
91,cglaitong,4,0.2857142857142857,novel,0.0,0.0
92,DaniCastel,4,1.0,novel,0.0,0.0
93,alejosaur,4,0.4285714285714286,novel,0.0,0.0
94,garayf,4,0.5,novel,0.0,0.0
95,sebcamacho1703,4,1.0,novel,0.0,0.0
96,xFortich,4,0.6666666666666667,novel,0.0,0.0
97,davideperdomo,4,0.375,novel,0.0,0.0
98,anferoar96,4,0.0,novel,0.0,0.0
99,trickyjuggler,4,0.0,novel,0.0,0.0
100,casc3798,4,1.0,novel,0.0,0.0
101,jsalcinar,4,0.8,novel,0.0,0.0
102,Anvido,4,0.5,novel,0.0,0.0
103,Jufcardenasmo,4,0.0,novel,0.0,0.0
104,federgolo,4,0.6,novel,0.0,0.0
105,diefrodriguezcha,4,0.0,novel,0.0,0.0
106,pahigueraf,4,0.5,novel,0.0,0.0
107,AkaGar,1,0.0,complete,0.635,0.0
108,AkaGar,1,0.0,complete,0.635,0.0
109,CampbellC2,1,0.0,complete,0.529,0.0
110,CampbellC2,1,0.0,complete,0.529,0.0
111,GeoffYart,1,0.0,complete,0.762,0.0
112,GeoffYart,1,0.0,complete,0.762,0.0
113,Ilyumzhinov,1,0.0,complete,0.5,0.0
114,Ilyumzhinov,1,0.0,complete,0.5,0.0
115,Jordan-Loeser,1,0.0,complete,0.043,0.0
116,Jordan-Loeser,1,0.0,complete,0.043,0.0
117,LukasMMarinovic,1,0.0,complete,0.316,0.0
118,LukasMMarinovic,1,0.0,complete,0.316,0.0
119,RCODI,1,0.0,complete,0.821,0.0
120,RCODI,1,0.0,complete,0.821,0.0
121,SionHu,1,0.0,complete,0.462,0.0
122,SionHu,1,0.0,complete,0.462,0.0
123,aclipfel,1,0.0,complete,0.01,0.0
124,aclipfel,1,0.0,complete,0.01,0.0
125,bzin22,1,0.0,complete,0.908,0.0
126,bzin22,1,0.0,complete,0.908,0.0
127,ecottle,1,0.0,complete,0.528,0.0
128,ecottle,1,0.0,complete,0.528,0.0
129,gshowal,1,0.0,complete,0.796,0.0
130,gshowal,1,0.0,complete,0.796,0.0
131,hihms,1,0.0,complete,0.014,0.0
132,hihms,1,0.0,complete,0.014,0.0
133,jmamaril25,1,0.0,complete,0.403,0.0
134,jmamaril25,1,0.0,complete,0.403,0.0
135,jmhunter4711,1,0.0,complete,0.01,0.0
136,jmhunter4711,1,0.0,complete,0.01,0.0
137,ko68,1,0.0,complete,0.002,0.0
138,ko68,1,0.0,complete,0.002,0.0
139,laurarotger,1,0.0,complete,0.01,0.0
140,laurarotger,1,0.0,complete,0.01,0.0
141,laurenjank,1,0.0,complete,0.283,0.0
142,laurenjank,1,0.0,complete,0.283,0.0
143,lennwgs,1,0.0,complete,0.699,0.0
144,lennwgs,1,0.0,complete,0.699,0.0
145,littlex2015,1,0.0,complete,0.578,0.0
146,littlex2015,1,0.0,complete,0.578,0.0
147,matson3,1,0.0,complete,0.676,0.0
148,matson3,1,0.0,complete,0.676,0.0
149,mdecloedt,1,0.0,complete,0.838,0.0
150,mdecloedt,1,0.0,complete,0.838,0.0
151,nbraunec,1,0.0,complete,0.653,0.0
152,nbraunec,1,0.0,complete,0.653,0.0
153,noah-curran,1,0.0,complete,0.278,0.0
154,noah-curran,1,0.0,complete,0.278,0.0
155,sanjitsama,1,0.0,complete,0.605,0.0
156,sanjitsama,1,0.0,complete,0.605,0.0
157,shivans,1,0.0,complete,0.734,0.0
158,shivans,1,0.0,complete,0.734,0.0
159,snugghash,1,0.0,complete,0.31,0.0
160,snugghash,1,0.0,complete,0.31,0.0
161,viswapurdue,1,0.0,complete,0.64,0.0
162,viswapurdue,1,0.0,complete,0.64,0.0
163,whipplem123,1,0.0,complete,0.011,0.0
164,whipplem123,1,0.0,complete,0.011,0.0
165,zhao744,1,0.0,complete,0.489,0.0
166,zhao744,1,0.0,complete,0.489,0.0
167,AkaGar,2,0.0,complete,0.01,0.0
168,AkaGar,2,0.0,complete,0.01,0.0
169,CampbellC2,2,0.0,complete,0.738,0.0
170,CampbellC2,2,0.0,complete,0.738,0.0
171,GeoffYart,2,0.0,complete,0.724,0.0
172,GeoffYart,2,0.0,complete,0.724,0.0
173,Ilyumzhinov,2,0.0,complete,0.01,0.0
174,Ilyumzhinov,2,0.0,complete,0.01,0.0
175,Jordan-Loeser,2,0.0,complete,0.471,0.0
176,Jordan-Loeser,2,0.0,complete,0.471,0.0
177,LukasMMarinovic,2,0.0,complete,0.325,0.0
178,LukasMMarinovic,2,0.0,complete,0.325,0.0
179,RCODI,2,0.0,complete,0.684,0.0
180,RCODI,2,0.0,complete,0.684,0.0
181,SionHu,2,0.0,complete,0.01,0.0
182,SionHu,2,0.0,complete,0.01,0.0
183,aclipfel,2,0.0,complete,0.01,0.0
184,aclipfel,2,0.0,complete,0.01,0.0
185,bzin22,2,0.0,complete,0.129,0.0
186,bzin22,2,0.0,complete,0.129,0.0
187,ecottle,2,0.0,complete,0.235,0.0
188,ecottle,2,0.0,complete,0.235,0.0
189,gshowal,2,0.0,complete,0.107,0.0
190,gshowal,2,0.0,complete,0.107,0.0
191,hihms,2,0.0,complete,0.01,0.0
192,hihms,2,0.0,complete,0.01,0.0
193,jmamaril25,2,0.0,complete,0.097,0.0
194,jmamaril25,2,0.0,complete,0.097,0.0
195,jmhunter4711,2,0.0,complete,0.01,0.0
196,jmhunter4711,2,0.0,complete,0.01,0.0
197,ko68,2,0.0,complete,0.01,0.0
198,ko68,2,0.0,complete,0.01,0.0
199,laurarotger,2,0.0,complete,0.01,0.0
200,laurarotger,2,0.0,complete,0.01,0.0
201,laurenjank,2,0.0,complete,0.661,0.0
202,laurenjank,2,0.0,complete,0.661,0.0
203,lennwgs,2,0.0,complete,0.01,0.0
204,lennwgs,2,0.0,complete,0.01,0.0
205,littlex2015,2,0.0,complete,0.001,0.0
206,littlex2015,2,0.0,complete,0.001,0.0
207,matson3,2,0.0,complete,0.711,0.0
208,matson3,2,0.0,complete,0.711,0.0
209,mdecloedt,2,0.0,complete,0.739,0.0
210,mdecloedt,2,0.0,complete,0.739,0.0
211,nbraunec,2,0.0,complete,0.029,0.0
212,nbraunec,2,0.0,complete,0.029,0.0
213,noah-curran,2,0.0,complete,0.003,0.0
214,noah-curran,2,0.0,complete,0.003,0.0
215,sanjitsama,2,0.0,complete,0.423,0.0
216,sanjitsama,2,0.0,complete,0.423,0.0
217,shivans,2,0.0,complete,0.01,0.0
218,shivans,2,0.0,complete,0.01,0.0
219,snugghash,2,0.0,complete,0.411,0.0
220,snugghash,2,0.0,complete,0.411,0.0
221,viswapurdue,2,0.0,complete,0.635,0.0
222,viswapurdue,2,0.0,complete,0.635,0.0
223,whipplem123,2,0.0,complete,0.047,0.0
224,whipplem123,2,0.0,complete,0.047,0.0
225,zhao744,2,0.0,complete,0.084,0.0
226,zhao744,2,0.0,complete,0.084,0.0
227,CampbellC2,3,0.0,complete,0.773,0.0
228,CampbellC2,3,0.0,complete,0.773,0.0
229,GeoffYart,3,0.0,complete,0.519,0.0
230,GeoffYart,3,0.0,complete,0.519,0.0
231,Ilyumzhinov,3,0.0,complete,0.01,0.0
232,Ilyumzhinov,3,0.0,complete,0.01,0.0
233,Jordan-Loeser,3,0.0,complete,0.012,0.0
234,Jordan-Loeser,3,0.0,complete,0.012,0.0
235,LukasMMarinovic,3,0.0,complete,0.01,0.0
236,LukasMMarinovic,3,0.0,complete,0.01,0.0
237,RCODI,3,0.0,complete,0.539,0.0
238,RCODI,3,0.0,complete,0.539,0.0
239,SionHu,3,0.0,complete,0.01,0.0
240,SionHu,3,0.0,complete,0.01,0.0
241,aclipfel,3,0.0,complete,0.01,0.0
242,aclipfel,3,0.0,complete,0.01,0.0
243,bzin22,3,0.0,complete,0.245,0.0
244,bzin22,3,0.0,complete,0.245,0.0
245,ecottle,3,0.0,complete,0.588,0.0
246,ecottle,3,0.0,complete,0.588,0.0
247,gshowal,3,0.0,complete,0.01,0.0
248,gshowal,3,0.0,complete,0.01,0.0
249,hihms,3,0.0,complete,0.003,0.0
250,hihms,3,0.0,complete,0.003,0.0
251,jmamaril25,3,0.0,complete,0.494,0.0
252,jmamaril25,3,0.0,complete,0.494,0.0
253,jmhunter4711,3,0.0,complete,0.01,0.0
254,jmhunter4711,3,0.0,complete,0.01,0.0
255,ko68,3,0.0,complete,0.002,0.0
256,ko68,3,0.0,complete,0.002,0.0
257,laurarotger,3,0.0,complete,0.01,0.0
258,laurarotger,3,0.0,complete,0.01,0.0
259,laurenjank,3,0.0,complete,0.01,0.0
260,laurenjank,3,0.0,complete,0.01,0.0
261,lennwgs,3,0.0,complete,0.01,0.0
262,lennwgs,3,0.0,complete,0.01,0.0
263,littlex2015,3,0.0,complete,0.656,0.0
264,littlex2015,3,0.0,complete,0.656,0.0
265,matson3,3,0.0,complete,0.005,0.0
266,matson3,3,0.0,complete,0.005,0.0
267,mdecloedt,3,0.0,complete,0.211,0.0
268,mdecloedt,3,0.0,complete,0.211,0.0
269,nbraunec,3,0.0,complete,0.09,0.0
270,nbraunec,3,0.0,complete,0.09,0.0
271,noah-curran,3,0.0,complete,0.01,0.0
272,noah-curran,3,0.0,complete,0.01,0.0
273,sanjitsama,3,0.0,complete,0.423,0.0
274,sanjitsama,3,0.0,complete,0.423,0.0
275,shivans,3,0.0,complete,0.01,0.0
276,shivans,3,0.0,complete,0.01,0.0
277,snugghash,3,0.0,complete,0.01,0.0
278,snugghash,3,0.0,complete,0.01,0.0
279,viswapurdue,3,0.0,complete,0.654,0.0
280,viswapurdue,3,0.0,complete,0.654,0.0
281,whipplem123,3,0.0,complete,0.082,0.0
282,whipplem123,3,0.0,complete,0.082,0.0
283,zhao744,3,0.0,complete,0.06,0.0
284,zhao744,3,0.0,complete,0.06,0.0
285,CampbellC2,4,0.0,complete,0.449,0.0
286,CampbellC2,4,0.0,complete,0.449,0.0
287,Ilyumzhinov,4,0.0,complete,0.01,0.0
288,Ilyumzhinov,4,0.0,complete,0.01,0.0
289,Jordan-Loeser,4,0.0,complete,0.001,0.0
290,Jordan-Loeser,4,0.0,complete,0.001,0.0
291,LukasMMarinovic,4,0.0,complete,0.281,0.0
292,LukasMMarinovic,4,0.0,complete,0.281,0.0
293,RCODI,4,0.0,complete,0.242,0.0
294,RCODI,4,0.0,complete,0.242,0.0
295,SionHu,4,0.0,complete,0.01,0.0
296,SionHu,4,0.0,complete,0.01,0.0
297,bzin22,4,0.0,complete,0.063,0.0
298,bzin22,4,0.0,complete,0.063,0.0
299,ecottle,4,0.0,complete,0.01,0.0
300,ecottle,4,0.0,complete,0.01,0.0
301,hihms,4,0.0,complete,0.005,0.0
302,hihms,4,0.0,complete,0.005,0.0
303,jmamaril25,4,0.0,complete,0.199,0.0
304,jmamaril25,4,0.0,complete,0.199,0.0
305,laurarotger,4,0.0,complete,0.01,0.0
306,laurarotger,4,0.0,complete,0.01,0.0
307,laurenjank,4,0.0,complete,0.134,0.0
308,laurenjank,4,0.0,complete,0.134,0.0
309,lennwgs,4,0.0,complete,0.01,0.0
310,lennwgs,4,0.0,complete,0.01,0.0
311,littlex2015,4,0.0,complete,0.01,0.0
312,littlex2015,4,0.0,complete,0.01,0.0
313,matson3,4,0.0,complete,0.1,0.0
314,matson3,4,0.0,complete,0.1,0.0
315,mdecloedt,4,0.0,complete,0.109,0.0
316,mdecloedt,4,0.0,complete,0.109,0.0
317,nbraunec,4,0.0,complete,0.527,0.0
318,nbraunec,4,0.0,complete,0.527,0.0
319,noah-curran,4,0.0,complete,0.128,0.0
320,noah-curran,4,0.0,complete,0.128,0.0
321,sanjitsama,4,0.0,complete,0.544,0.0
322,sanjitsama,4,0.0,complete,0.544,0.0
323,shivans,4,0.0,complete,0.01,0.0
324,shivans,4,0.0,complete,0.01,0.0
325,snugghash,4,0.0,complete,0.748,0.0
326,snugghash,4,0.0,complete,0.748,0.0
327,viswapurdue,4,0.0,complete,0.001,0.0
328,viswapurdue,4,0.0,complete,0.001,0.0
329,whipplem123,4,0.0,complete,0.013,0.0
330,whipplem123,4,0.0,complete,0.013,0.0
331,Acreed21,1,0.0,complete,0.713,0.0
332,Camiioo,1,0.0,complete,0.507,0.0
333,FredyRosero,1,0.0,complete,0.96,0.0
334,JamerMejiaGarcia,1,0.0,complete,0.607,0.0
335,Jfcastroh,1,0.0,complete,0.01,0.0
336,LauraMolina,1,0.0,complete,0.642,0.0
337,RafaelCruz15,1,0.0,complete,0.678,0.0
338,adcorredorm,1,0.0,complete,0.627,0.0
339,alebautis,1,0.0,complete,0.01,0.0
340,ayperezc,1,0.0,complete,0.479,0.0
341,bfprietoc,1,0.0,complete,0.01,0.0
342,biherrerap,1,0.0,complete,0.883,0.0
343,dahrojasca,1,0.0,complete,0.84,0.0
344,davideperdomo,1,0.0,complete,0.561,0.0
345,frnkbs,1,0.0,complete,0.439,0.0
346,gahormigag,1,0.0,complete,0.01,0.0
347,ironhacktech2,1,0.0,complete,0.01,0.0
348,jannMorenoJ,1,0.0,complete,0.049,0.0
349,jdgaitanf,1,0.0,complete,0.942,0.0
350,nikolasto,1,0.0,complete,0.58,0.0
351,pahigueraf,1,0.0,complete,0.659,0.0
352,sarguellesr,1,0.0,complete,0.724,0.0
353,uxjudges1,1,0.0,complete,0.985,0.0
354,uxjudges,1,0.0,complete,0.01,0.0
355,vvargasd,1,0.0,complete,0.01,0.0
356,Acreed21,2,0.0,complete,0.01,0.0
357,Camiioo,2,0.0,complete,0.746,0.0
358,FredyRosero,2,0.0,complete,0.894,0.0
359,JamerMejiaGarcia,2,0.0,complete,0.01,0.0
360,Jfcastroh,2,0.0,complete,0.01,0.0
361,LauraMolina,2,0.0,complete,0.01,0.0
362,RafaelCruz15,2,0.0,complete,0.341,0.0
363,adcorredorm,2,0.0,complete,0.01,0.0
364,alebautis,2,0.0,complete,0.01,0.0
365,ayperezc,2,0.0,complete,0.01,0.0
366,bfprietoc,2,0.0,complete,0.01,0.0
367,biherrerap,2,0.0,complete,0.01,0.0
368,dahrojasca,2,0.0,complete,0.579,0.0
369,davideperdomo,2,0.0,complete,0.408,0.0
370,frnkbs,2,0.0,complete,0.439,0.0
371,gahormigag,2,0.0,complete,0.01,0.0
372,gimg1859,2,0.0,complete,0.549,0.0
373,ironhacktech2,2,0.0,complete,0.01,0.0
374,jannMorenoJ,2,0.0,complete,0.719,0.0
375,jdgaitanf,2,0.0,complete,0.57,0.0
376,nikolasto,2,0.0,complete,0.419,0.0
377,pahigueraf,2,0.0,complete,0.647,0.0
378,sarguellesr,2,0.0,complete,0.19,0.0
379,uxjudges1,2,0.0,complete,0.01,0.0
380,uxjudges,2,0.0,complete,0.01,0.0
381,vvargasd,2,0.0,complete,0.01,0.0
382,Acreed21,3,0.0,complete,0.002,0.0
383,Camiioo,3,0.0,complete,0.636,0.0
384,FredyRosero,3,0.0,complete,0.149,0.0
385,JamerMejiaGarcia,3,0.0,complete,0.01,0.0
386,Jfcastroh,3,0.0,complete,0.707,0.0
387,LauraMolina,3,0.0,complete,0.084,0.0
388,RafaelCruz15,3,0.0,complete,0.01,0.0
389,adcorredorm,3,0.0,complete,0.01,0.0
390,alebautis,3,0.0,complete,0.01,0.0
391,ayperezc,3,0.0,complete,0.18,0.0
392,bfprietoc,3,0.0,complete,0.01,0.0
393,biherrerap,3,0.0,complete,0.662,0.0
394,dahrojasca,3,0.0,complete,0.579,0.0
395,davideperdomo,3,0.0,complete,0.272,0.0
396,frnkbs,3,0.0,complete,0.257,0.0
397,gahormigag,3,0.0,complete,0.01,0.0
398,gimg1859,3,0.0,complete,0.01,0.0
399,ironhacktech2,3,0.0,complete,0.131,0.0
400,jannMorenoJ,3,0.0,complete,0.01,0.0
401,jdgaitanf,3,0.0,complete,0.59,0.0
402,nikolasto,3,0.0,complete,0.671,0.0
403,pahigueraf,3,0.0,complete,0.01,0.0
404,sarguellesr,3,0.0,complete,0.01,0.0
405,uxjudges1,3,0.0,complete,0.01,0.0
406,uxjudges,3,0.0,complete,0.01,0.0
407,vvargasd,3,0.0,complete,0.01,0.0
408,Acreed21,4,0.0,complete,0.664,0.0
409,Camiioo,4,0.0,complete,0.539,0.0
410,FredyRosero,4,0.0,complete,0.494,0.0
411,JamerMejiaGarcia,4,0.0,complete,0.01,0.0
412,Jfcastroh,4,0.0,complete,0.01,0.0
413,LauraMolina,4,0.0,complete,0.085,0.0
414,RafaelCruz15,4,0.0,complete,0.539,0.0
415,adcorredorm,4,0.0,complete,0.323,0.0
416,alebautis,4,0.0,complete,0.01,0.0
417,ayperezc,4,0.0,complete,0.01,0.0
418,bfprietoc,4,0.0,complete,0.01,0.0
419,biherrerap,4,0.0,complete,0.119,0.0
420,dahrojasca,4,0.0,complete,0.875,0.0
421,davideperdomo,4,0.0,complete,0.242,0.0
422,frnkbs,4,0.0,complete,0.348,0.0
423,gahormigag,4,0.0,complete,0.01,0.0
424,gimg1859,4,0.0,complete,0.672,0.0
425,ironhacktech2,4,0.0,complete,0.131,0.0
426,jannMorenoJ,4,0.0,complete,0.01,0.0
427,jdgaitanf,4,0.0,complete,0.59,0.0
428,nikolasto,4,0.0,complete,0.01,0.0
429,pahigueraf,4,0.0,complete,0.304,0.0
430,sarguellesr,4,0.0,complete,0.01,0.0
431,uxjudges1,4,0.0,complete,0.01,0.0
432,uxjudges,4,0.0,complete,0.01,0.0
433,vvargasd,4,0.0,complete,0.01,0.0
434,Alekzu,1,0.0,complete,0.01,0.0
435,Anvido,1,0.0,complete,0.266,0.0
436,Biopeligro,1,0.0,complete,0.595,0.0
437,Caadiazsi,1,0.0,complete,0.01,0.0
438,DavidsMartinez,1,0.0,complete,0.488,0.0
439,DiegoAraque1207,1,0.0,complete,0.676,0.0
440,GabrielUnal,1,0.0,complete,0.01,0.0
441,Gavnic,1,0.0,complete,0.64,0.0
442,Gusgal03,1,0.0,complete,0.01,0.0
443,Joacampora,1,0.0,complete,0.183,0.0
444,Juankmilo97,1,0.0,complete,0.708,0.0
445,Jufcardenasmo,1,0.0,complete,0.801,0.0
446,Ozai98,1,0.0,complete,0.01,0.0
447,Sariilan,1,0.0,complete,0.01,0.0
448,bsdiaza,1,0.0,complete,0.01,0.0
449,casc3798,1,0.0,complete,0.881,0.0
450,diefrodriguezcha,1,0.0,complete,0.634,0.0
451,facuellarg,1,0.0,complete,0.725,0.0
452,federgolo,1,0.0,complete,0.089,0.0
453,garayf,1,0.0,complete,0.094,0.0
454,jaleonro,1,0.0,complete,0.163,0.0
455,jsalcinar,1,0.0,complete,0.184,0.0
456,jssanchezo,1,0.0,complete,0.01,0.0
457,nviverosb,1,0.0,complete,0.008,0.0
458,olimita,1,0.0,complete,0.676,0.0
459,sebcamacho1703,1,0.0,complete,0.555,0.0
460,serbatero,1,0.0,complete,0.696,0.0
461,xFortich,1,0.0,complete,0.374,0.0
462,yaochoal,1,0.0,complete,0.135,0.0
463,Alekzu,2,0.0,complete,0.731,0.0
464,Anvido,2,0.0,complete,0.813,0.0
465,Biopeligro,2,0.0,complete,0.595,0.0
466,Caadiazsi,2,0.0,complete,0.55,0.0
467,DavidsMartinez,2,0.0,complete,0.01,0.0
468,DiegoAraque1207,2,0.0,complete,0.718,0.0
469,GabrielUnal,2,0.0,complete,0.612,0.0
470,Gavnic,2,0.0,complete,0.635,0.0
471,Gusgal03,2,0.0,complete,0.531,0.0
472,Joacampora,2,0.0,complete,0.251,0.0
473,Juankmilo97,2,0.0,complete,0.821,0.0
474,Jufcardenasmo,2,0.0,complete,0.514,0.0
475,Ozai98,2,0.0,complete,0.809,0.0
476,Sariilan,2,0.0,complete,0.01,0.0
477,bsdiaza,2,0.0,complete,0.66,0.0
478,casc3798,2,0.0,complete,0.041,0.0
479,diefrodriguezcha,2,0.0,complete,0.145,0.0
480,facuellarg,2,0.0,complete,0.724,0.0
481,federgolo,2,0.0,complete,0.715,0.0
482,garayf,2,0.0,complete,0.01,0.0
483,jaleonro,2,0.0,complete,0.006,0.0
484,jsalcinar,2,0.0,complete,0.257,0.0
485,jssanchezo,2,0.0,complete,0.01,0.0
486,nviverosb,2,0.0,complete,0.01,0.0
487,olimita,2,0.0,complete,0.016,0.0
488,sebcamacho1703,2,0.0,complete,0.886,0.0
489,serbatero,2,0.0,complete,0.006,0.0
490,xFortich,2,0.0,complete,0.062,0.0
491,yaochoal,2,0.0,complete,0.017,0.0
492,Alekzu,3,0.0,complete,0.928,0.0
493,Anvido,3,0.0,complete,0.001,0.0
494,Biopeligro,3,0.0,complete,0.01,0.0
495,Caadiazsi,3,0.0,complete,0.01,0.0
496,DavidsMartinez,3,0.0,complete,0.01,0.0
497,DiegoAraque1207,3,0.0,complete,0.003,0.0
498,GabrielUnal,3,0.0,complete,0.01,0.0
499,Gavnic,3,0.0,complete,0.655,0.0
500,Gusgal03,3,0.0,complete,0.01,0.0
501,Joacampora,3,0.0,complete,0.748,0.0
502,Juankmilo97,3,0.0,complete,0.009,0.0
503,Jufcardenasmo,3,0.0,complete,0.514,0.0
504,Ozai98,3,0.0,complete,0.139,0.0
505,Sariilan,3,0.0,complete,0.01,0.0
506,bsdiaza,3,0.0,complete,0.734,0.0
507,casc3798,3,0.0,complete,0.01,0.0
508,diefrodriguezcha,3,0.0,complete,0.174,0.0
509,facuellarg,3,0.0,complete,0.724,0.0
510,federgolo,3,0.0,complete,0.191,0.0
511,garayf,3,0.0,complete,0.002,0.0
512,jaleonro,3,0.0,complete,0.138,0.0
513,jsalcinar,3,0.0,complete,0.093,0.0
514,jssanchezo,3,0.0,complete,0.01,0.0
515,nviverosb,3,0.0,complete,0.003,0.0
516,olimita,3,0.0,complete,0.044,0.0
517,sebcamacho1703,3,0.0,complete,0.401,0.0
518,serbatero,3,0.0,complete,0.01,0.0
519,xFortich,3,0.0,complete,0.329,0.0
520,yaochoal,3,0.0,complete,0.003,0.0
521,Alekzu,4,0.0,complete,0.712,0.0
522,Anvido,4,0.0,complete,0.01,0.0
523,Biopeligro,4,0.0,complete,0.903,0.0
524,Caadiazsi,4,0.0,complete,0.01,0.0
525,DavidsMartinez,4,0.0,complete,0.01,0.0
526,DiegoAraque1207,4,0.0,complete,0.127,0.0
527,GabrielUnal,4,0.0,complete,0.549,0.0
528,Gavnic,4,0.0,complete,0.684,0.0
529,Gusgal03,4,0.0,complete,0.01,0.0
530,Joacampora,4,0.0,complete,0.063,0.0
531,Juankmilo97,4,0.0,complete,0.156,0.0
532,Jufcardenasmo,4,0.0,complete,0.759,0.0
533,Ozai98,4,0.0,complete,0.01,0.0
534,Sariilan,4,0.0,complete,0.01,0.0
535,bsdiaza,4,0.0,complete,0.146,0.0
536,casc3798,4,0.0,complete,0.524,0.0
537,diefrodriguezcha,4,0.0,complete,0.735,0.0
538,facuellarg,4,0.0,complete,0.01,0.0
539,federgolo,4,0.0,complete,0.085,0.0
540,garayf,4,0.0,complete,0.01,0.0
541,jaleonro,4,0.0,complete,0.152,0.0
542,jsalcinar,4,0.0,complete,0.138,0.0
543,jssanchezo,4,0.0,complete,0.01,0.0
544,nviverosb,4,0.0,complete,0.009,0.0
545,olimita,4,0.0,complete,0.017,0.0
546,sebcamacho1703,4,0.0,complete,0.191,0.0
547,serbatero,4,0.0,complete,0.585,0.0
548,xFortich,4,0.0,complete,0.001,0.0
549,yaochoal,4,0.0,complete,0.007,0.0
550,BrandonAvilanR,1,0.0,complete,0.607,0.0
551,DaniCastel,1,0.0,complete,0.878,0.0
552,DaveValencia,1,0.0,complete,0.674,0.0
553,Orloffyeah,1,0.0,complete,0.273,0.0
554,alejosaur,1,0.0,complete,0.001,0.0
555,anythinglord,1,0.0,complete,0.506,0.0
556,buendiagon,1,0.0,complete,0.674,0.0
557,cglaitong,1,0.0,complete,0.057,0.0
558,criscapunal,1,0.0,complete,0.436,0.0
559,csalfonsol,1,0.0,complete,0.876,0.0
560,dieguischa,1,0.0,complete,0.228,0.0
561,jaasuarezvi,1,0.0,complete,0.674,0.0
562,tres-xxx,1,0.0,complete,0.674,0.0
563,BrandonAvilanR,2,0.0,complete,0.608,0.0
564,DaniCastel,2,0.0,complete,0.36,0.0
565,DaveValencia,2,0.0,complete,0.674,0.0
566,Orloffyeah,2,0.0,complete,0.252,0.0
567,alejosaur,2,0.0,complete,0.01,0.0
568,anythinglord,2,0.0,complete,0.773,0.0
569,buendiagon,2,0.0,complete,0.674,0.0
570,cglaitong,2,0.0,complete,0.205,0.0
571,criscapunal,2,0.0,complete,0.591,0.0
572,csalfonsol,2,0.0,complete,0.761,0.0
573,dieguischa,2,0.0,complete,0.165,0.0
574,jaasuarezvi,2,0.0,complete,0.674,0.0
575,tres-xxx,2,0.0,complete,0.674,0.0
576,BrandonAvilanR,3,0.0,complete,0.383,0.0
577,DSFarfanF,3,0.0,complete,0.674,0.0
578,DaniCastel,3,0.0,complete,0.797,0.0
579,DaveValencia,3,0.0,complete,0.674,0.0
580,JorgeTorresC,3,0.0,complete,0.291,0.0
581,Orloffyeah,3,0.0,complete,0.248,0.0
582,Saariasba,3,0.0,complete,0.99,0.0
583,SergioLopez40,3,0.0,complete,0.712,0.0
584,alejosaur,3,0.0,complete,0.01,0.0
585,anythinglord,3,0.0,complete,0.392,0.0
586,buendiagon,3,0.0,complete,0.674,0.0
587,cglaitong,3,0.0,complete,0.211,0.0
588,criscapunal,3,0.0,complete,0.417,0.0
589,csalfonsol,3,0.0,complete,0.713,0.0
590,daapinzonch,3,0.0,complete,0.53,0.0
591,dcastanedar,3,0.0,complete,0.355,0.0
592,dieguischa,3,0.0,complete,0.646,0.0
593,jaasuarezvi,3,0.0,complete,0.674,0.0
594,jdsolanos,3,0.0,complete,0.542,0.0
595,tres-xxx,3,0.0,complete,0.674,0.0
596,trickyjuggler,3,0.0,complete,0.671,0.0
597,BrandonAvilanR,4,0.0,complete,0.537,0.0
598,DSFarfanF,4,0.0,complete,0.01,0.0
599,DaniCastel,4,0.0,complete,0.29,0.0
600,DaveValencia,4,0.0,complete,0.01,0.0
601,JorgeTorresC,4,0.0,complete,0.066,0.0
602,Orloffyeah,4,0.0,complete,0.218,0.0
603,Saariasba,4,0.0,complete,0.99,0.0
604,SergioLopez40,4,0.0,complete,0.001,0.0
605,alejosaur,4,0.0,complete,0.01,0.0
606,anythinglord,4,0.0,complete,0.278,0.0
607,buendiagon,4,0.0,complete,0.01,0.0
608,cglaitong,4,0.0,complete,0.01,0.0
609,criscapunal,4,0.0,complete,0.347,0.0
610,csalfonsol,4,0.0,complete,0.228,0.0
611,daapinzonch,4,0.0,complete,0.506,0.0
612,dcastanedar,4,0.0,complete,0.818,0.0
613,dieguischa,4,0.0,complete,0.01,0.0
614,jaasuarezvi,4,0.0,complete,0.01,0.0
615,jdsolanos,4,0.0,complete,0.506,0.0
616,tres-xxx,4,0.0,complete,0.01,0.0
617,trickyjuggler,4,0.0,complete,0.409,0.0
618,mdecloedt,1,0.0,data,0.0,1.0
619,Jordan-Loeser,1,0.0,data,0.0,1.0
620,LukasMMarinovic,1,0.0,data,0.0,0.0
621,whipplem123,1,0.0,data,0.0,0.0
622,SionHu,1,0.0,data,0.0,0.0
623,jmamaril25,1,0.0,data,0.0,0.5897435897435898
624,lennwgs,1,0.0,data,0.0,0.0
625,viswapurdue,1,0.0,data,0.0,0.0
626,CampbellC2,1,0.0,data,0.0,0.0
627,noah-curran,1,0.0,data,0.0,1.0
628,laurenjank,1,0.0,data,0.0,0.0
629,bzin22,1,0.0,data,0.0,0.0
630,AkaGar,1,0.0,data,0.0,0.0
631,matson3,1,0.0,data,0.0,1.0
632,ecottle,1,0.0,data,0.0,0.0
633,littlex2015,1,0.0,data,0.0,1.0
634,shivans,1,0.0,data,0.0,0.0
635,nbraunec,1,0.0,data,0.0,0.0
636,sanjitsama,1,0.0,data,0.0,0.0
637,Ilyumzhinov,1,0.0,data,0.0,0.0
638,hihms,1,0.0,data,0.0,0.0
639,snugghash,1,0.0,data,0.0,0.0
640,zhao744,1,0.0,data,0.0,1.0
641,aclipfel,1,0.0,data,0.0,0.0
642,ko68,1,0.0,data,0.0,0.4074074074074074
643,GeoffYart,1,0.0,data,0.0,0.0
644,jmhunter4711,1,0.0,data,0.0,0.0
645,Nigogu,1,0.0,data,0.0,0.5925925925925926
646,Daryhez,1,0.0,data,0.0,0.0
647,daapinzonch,1,0.0,data,0.0,0.0
648,fewilchesc,1,0.0,data,0.0,0.0
649,JorgeTorresC,1,0.0,data,0.0,0.0
650,anythinglord,1,0.0,data,0.0,1.0
651,criscapunal,1,0.0,data,0.0,0.0
652,dieguischa,1,0.0,data,0.0,0.0
653,Orloffyeah,1,0.0,data,0.0,1.0
654,SergioLopez40,1,0.0,data,0.0,0.0
655,DiegoAraque1207,1,0.0,data,0.0,0.0
656,olimita,1,0.0,data,0.0,1.0
657,yaochoal,1,0.0,data,0.0,0.0
658,Gavnic,1,0.0,data,0.0,0.0
659,Joacampora,1,0.0,data,0.0,0.0
660,Ozai98,1,0.0,data,0.0,0.0
661,nviverosb,1,0.0,data,0.0,1.0
662,Sariilan,1,0.0,data,0.0,0.0
663,Alekzu,1,0.0,data,0.0,0.0
664,vvargasd,1,0.0,data,0.0,0.0
665,biherrerap,1,0.0,data,0.0,0.0
666,bfprietoc,1,0.0,data,0.0,0.0
667,LauraMolina,1,0.0,data,0.0,1.0
668,Acreed21,1,0.0,data,0.0,0.0
669,Camiioo,1,0.0,data,0.0,0.0
670,frnkbs,1,0.0,data,0.0,0.0
671,Jfcastroh,1,0.0,data,0.0,0.0
672,evilcucaracha,1,0.0,data,0.0,0.0
673,JulianM96,1,0.0,data,0.0,0.0
674,Saariasba,1,0.0,data,0.0,0.0
675,tres-iqus,1,0.0,data,0.0,0.0
676,cglaitong,1,0.0,data,0.0,1.0
677,DaniCastel,1,0.0,data,0.0,0.0
678,BrandonAvilanR,1,0.0,data,0.0,1.0
679,alejosaur,1,0.0,data,0.0,0.5
680,jaasuarezvi,1,0.0,data,0.0,0.0
681,jdsolanos,1,0.0,data,0.0,0.0
682,DavidsMartinez,1,0.0,data,0.0,0.0
683,Biopeligro,1,0.0,data,0.0,0.0
684,garayf,1,0.0,data,0.0,1.0
685,jaleonro,1,0.0,data,0.0,0.0
686,facuellarg,1,0.0,data,0.0,0.0
687,Caadiazsi,1,0.0,data,0.0,0.0
688,sebcamacho1703,1,0.0,data,0.0,0.0
689,xFortich,1,0.0,data,0.0,1.0
690,Gusgal03,1,0.0,data,0.0,0.0
691,Juankmilo97,1,0.0,data,0.0,0.0
692,alebautis,1,0.0,data,0.0,0.0
693,sarguellesr,1,0.0,data,0.0,0.0
694,davideperdomo,1,0.0,data,0.0,1.0
695,JamerMejiaGarcia,1,0.0,data,0.0,0.0
696,nikolasto,1,0.0,data,0.0,0.0
697,gahormigag,1,0.0,data,0.0,0.0
698,ayperezc,1,0.0,data,0.0,0.0
699,anferoar96,1,0.0,data,0.0,0.0
700,StevenEsmar,1,0.0,data,0.0,0.0
701,dcastanedar,1,0.0,data,0.0,0.0
702,trickyjuggler,1,0.0,data,0.0,1.0
703,DaveValencia,1,0.0,data,0.0,0.0
704,csalfonsol,1,0.0,data,0.0,0.0
705,tres-xxx,1,0.0,data,0.0,0.0
706,buendiagon,1,0.0,data,0.0,0.0
707,DSFarfanF,1,0.0,data,0.0,0.0
708,jssanchezo,1,0.0,data,0.0,0.0
709,bsdiaza,1,0.0,data,0.0,0.0
710,casc3798,1,0.0,data,0.0,0.0
711,jsalcinar,1,0.0,data,0.0,1.0
712,Anvido,1,0.0,data,0.0,1.0
713,Jufcardenasmo,1,0.0,data,0.0,0.0
714,federgolo,1,0.0,data,0.0,1.0
715,serbatero,1,0.0,data,0.0,0.0
716,GabrielUnal,1,0.0,data,0.0,0.0
717,diefrodriguezcha,1,0.0,data,0.0,0.0
718,adcorredorm,1,0.0,data,0.0,1.0
719,jdgaitanf,1,0.0,data,0.0,0.0
720,pahigueraf,1,0.0,data,0.0,0.0
721,RafaelCruz15,1,0.0,data,0.0,0.0
722,gimg1859,1,0.0,data,0.0,0.0
723,jannMorenoJ,1,0.0,data,0.0,1.0
724,dahrojasca,1,0.0,data,0.0,0.0
725,FredyRosero,1,0.0,data,0.0,0.0
726,mdecloedt,2,0.0,data,0.0,0.0
727,Jordan-Loeser,2,0.0,data,0.0,0.1290322580645161
728,LukasMMarinovic,2,0.0,data,0.0,1.0
729,whipplem123,2,0.0,data,0.0,0.0
730,SionHu,2,0.0,data,0.0,0.0
731,jmamaril25,2,0.0,data,0.0,0.0256410256410256
732,lennwgs,2,0.0,data,0.0,0.0
733,viswapurdue,2,0.0,data,0.0,0.0
734,CampbellC2,2,0.0,data,0.0,0.0
735,noah-curran,2,0.0,data,0.0,0.0
736,laurenjank,2,0.0,data,0.0,0.0
737,bzin22,2,0.0,data,0.0,1.0
738,AkaGar,2,0.0,data,0.0,1.0
739,matson3,2,0.0,data,0.0,0.0
740,ecottle,2,0.0,data,0.0,1.0
741,littlex2015,2,0.0,data,0.0,0.0
742,shivans,2,0.0,data,0.0,0.0
743,nbraunec,2,0.0,data,0.0,1.0
744,sanjitsama,2,0.0,data,0.0,0.0
745,Ilyumzhinov,2,0.0,data,0.0,0.0
746,hihms,2,0.0,data,0.0,0.0
747,snugghash,2,0.0,data,0.0,0.0
748,zhao744,2,0.0,data,0.0,0.0
749,aclipfel,2,0.0,data,0.0,0.0
750,ko68,2,0.0,data,0.0,0.4285714285714286
751,GeoffYart,2,0.0,data,0.0,0.0
752,Nigogu,2,0.0,data,0.0,0.0
753,Daryhez,2,0.0,data,0.0,0.0
754,daapinzonch,2,0.0,data,0.0,1.0
755,fewilchesc,2,0.0,data,0.0,0.0
756,JorgeTorresC,2,0.0,data,0.0,0.0
757,anythinglord,2,0.0,data,0.0,1.0
758,criscapunal,2,0.0,data,0.0,1.0
759,dieguischa,2,0.0,data,0.0,1.0
760,Orloffyeah,2,0.0,data,0.0,1.0
761,SergioLopez40,2,0.0,data,0.0,0.0
762,DiegoAraque1207,2,0.0,data,0.0,0.0
763,olimita,2,0.0,data,0.0,0.3199999999999999
764,yaochoal,2,0.0,data,0.0,0.0
765,Gavnic,2,0.0,data,0.0,0.0
766,Joacampora,2,0.0,data,0.0,1.0
767,Ozai98,2,0.0,data,0.0,0.0
768,nviverosb,2,0.0,data,0.0,1.0
769,Sariilan,2,0.0,data,0.0,0.0
770,Alekzu,2,0.0,data,0.0,0.0
771,vvargasd,2,0.0,data,0.0,0.0
772,biherrerap,2,0.0,data,0.0,0.0
773,bfprietoc,2,0.0,data,0.0,0.0
774,LauraMolina,2,0.0,data,0.0,0.0
775,Acreed21,2,0.0,data,0.0,0.0
776,Camiioo,2,0.0,data,0.0,0.0
777,frnkbs,2,0.0,data,0.0,0.0
778,Jfcastroh,2,0.0,data,0.0,0.0
779,evilcucaracha,2,0.0,data,0.0,1.0
780,JulianM96,2,0.0,data,0.0,1.0
781,Saariasba,2,0.0,data,0.0,0.0
782,tres-iqus,2,0.0,data,0.0,0.0
783,cglaitong,2,0.0,data,0.0,0.0
784,DaniCastel,2,0.0,data,0.0,0.0
785,BrandonAvilanR,2,0.0,data,0.0,0.4186046511627906
786,alejosaur,2,0.0,data,0.0,0.0714285714285714
787,jaasuarezvi,2,0.0,data,0.0,0.0
788,jdsolanos,2,0.0,data,0.0,0.0
789,DavidsMartinez,2,0.0,data,0.0,0.0
790,Biopeligro,2,0.0,data,0.0,0.0
791,garayf,2,0.0,data,0.0,0.1904761904761904
792,jaleonro,2,0.0,data,0.0,0.0
793,facuellarg,2,0.0,data,0.0,0.0
794,Caadiazsi,2,0.0,data,0.0,0.0
795,sebcamacho1703,2,0.0,data,0.0,1.0
796,xFortich,2,0.0,data,0.0,0.2903225806451612
797,Gusgal03,2,0.0,data,0.0,0.0
798,Juankmilo97,2,0.0,data,0.0,0.0
799,alebautis,2,0.0,data,0.0,0.0
800,sarguellesr,2,0.0,data,0.0,0.0
801,davideperdomo,2,0.0,data,0.0,0.3947368421052631
802,JamerMejiaGarcia,2,0.0,data,0.0,0.0
803,nikolasto,2,0.0,data,0.0,0.0
804,gahormigag,2,0.0,data,0.0,0.0
805,ayperezc,2,0.0,data,0.0,1.0
806,anferoar96,2,0.0,data,0.0,1.0
807,StevenEsmar,2,0.0,data,0.0,0.0
808,dcastanedar,2,0.0,data,0.0,0.0
809,trickyjuggler,2,0.0,data,0.0,0.0999999999999999
810,DaveValencia,2,0.0,data,0.0,0.0
811,csalfonsol,2,0.0,data,0.0,0.0
812,tres-xxx,2,0.0,data,0.0,0.0
813,buendiagon,2,0.0,data,0.0,0.0
814,DSFarfanF,2,0.0,data,0.0,0.0
815,jssanchezo,2,0.0,data,0.0,0.0
816,bsdiaza,2,0.0,data,0.0,0.0
817,casc3798,2,0.0,data,0.0,1.0
818,jsalcinar,2,0.0,data,0.0,0.5428571428571429
819,Anvido,2,0.0,data,0.0,0.0
820,Jufcardenasmo,2,0.0,data,0.0,0.0
821,federgolo,2,0.0,data,0.0,0.3461538461538461
822,serbatero,2,0.0,data,0.0,0.0
823,GabrielUnal,2,0.0,data,0.0,0.0
824,diefrodriguezcha,2,0.0,data,0.0,0.0
825,adcorredorm,2,0.0,data,0.0,1.0
826,jdgaitanf,2,0.0,data,0.0,1.0
827,pahigueraf,2,0.0,data,0.0,0.2068965517241379
828,RafaelCruz15,2,0.0,data,0.0,0.0
829,gimg1859,2,0.0,data,0.0,0.0
830,jannMorenoJ,2,0.0,data,0.0,1.0
831,dahrojasca,2,0.0,data,0.0,0.0
832,FredyRosero,2,0.0,data,0.0,0.0
833,mdecloedt,3,0.0,data,0.0,0.0
834,Jordan-Loeser,3,0.0,data,0.0,0.0
835,LukasMMarinovic,3,0.0,data,0.0,0.0
836,whipplem123,3,0.0,data,0.0,1.0
837,SionHu,3,0.0,data,0.0,0.0
838,jmamaril25,3,0.0,data,0.0,0.0512820512820513
839,lennwgs,3,0.0,data,0.0,0.0
840,viswapurdue,3,0.0,data,0.0,1.0
841,CampbellC2,3,0.0,data,0.0,0.0
842,noah-curran,3,0.0,data,0.0,0.3333333333333333
843,laurenjank,3,0.0,data,0.0,0.0
844,bzin22,3,0.0,data,0.0,0.2558139534883721
845,AkaGar,3,0.0,data,0.0,0.0
846,matson3,3,0.0,data,0.0,0.0
847,ecottle,3,0.0,data,0.0,0.0
848,littlex2015,3,0.0,data,0.0,0.4074074074074074
849,shivans,3,0.0,data,0.0,0.0
850,nbraunec,3,0.0,data,0.0,0.2058823529411765
851,sanjitsama,3,0.0,data,0.0,0.0
852,Ilyumzhinov,3,0.0,data,0.0,0.0
853,hihms,3,0.0,data,0.0,0.0
854,snugghash,3,0.0,data,0.0,1.0
855,zhao744,3,0.0,data,0.0,0.0
856,aclipfel,3,0.0,data,0.0,0.0
857,ko68,3,0.0,data,0.0,0.0
858,GeoffYart,3,0.0,data,0.0,1.0
859,gshowal,3,0.0,data,0.0,0.0
860,Nigogu,3,0.0,data,0.0,0.6341463414634146
861,Daryhez,3,0.0,data,0.0,0.0
862,daapinzonch,3,0.0,data,0.0,0.2903225806451612
863,fewilchesc,3,0.0,data,0.0,0.0
864,JorgeTorresC,3,0.0,data,0.0,0.0
865,anythinglord,3,0.0,data,0.0,0.0
866,criscapunal,3,0.0,data,0.0,1.0
867,dieguischa,3,0.0,data,0.0,1.0
868,Orloffyeah,3,0.0,data,0.0,1.0
869,SergioLopez40,3,0.0,data,0.0,0.0
870,DiegoAraque1207,3,0.0,data,0.0,1.0
871,olimita,3,0.0,data,0.0,0.1071428571428571
872,yaochoal,3,0.0,data,0.0,0.0
873,Gavnic,3,0.0,data,0.0,0.0
874,Joacampora,3,0.0,data,0.0,0.1142857142857143
875,Ozai98,3,0.0,data,0.0,0.0
876,nviverosb,3,0.0,data,0.0,1.0
877,Sariilan,3,0.0,data,0.0,0.0
878,Alekzu,3,0.0,data,0.0,0.0
879,vvargasd,3,0.0,data,0.0,0.0
880,biherrerap,3,0.0,data,0.0,0.0
881,bfprietoc,3,0.0,data,0.0,0.0
882,LauraMolina,3,0.0,data,0.0,0.0
883,Acreed21,3,0.0,data,0.0,0.0
884,Camiioo,3,0.0,data,0.0,0.0
885,frnkbs,3,0.0,data,0.0,0.0
886,Jfcastroh,3,0.0,data,0.0,0.0
887,evilcucaracha,3,0.0,data,0.0,0.0
888,JulianM96,3,0.0,data,0.0,0.0
889,Saariasba,3,0.0,data,0.0,0.0
890,tres-iqus,3,0.0,data,0.0,0.0
891,cglaitong,3,0.0,data,0.0,0.0714285714285714
892,DaniCastel,3,0.0,data,0.0,1.0
893,BrandonAvilanR,3,0.0,data,0.0,1.0
894,alejosaur,3,0.0,data,0.0,0.0
895,jaasuarezvi,3,0.0,data,0.0,0.0
896,jdsolanos,3,0.0,data,0.0,0.0
897,DavidsMartinez,3,0.0,data,0.0,0.0
898,Biopeligro,3,0.0,data,0.0,0.0
899,garayf,3,0.0,data,0.0,0.0
900,jaleonro,3,0.0,data,0.0,0.0
901,facuellarg,3,0.0,data,0.0,0.0
902,Caadiazsi,3,0.0,data,0.0,0.0
903,sebcamacho1703,3,0.0,data,0.0,0.0
904,xFortich,3,0.0,data,0.0,0.0
905,Gusgal03,3,0.0,data,0.0,0.0
906,Juankmilo97,3,0.0,data,0.0,0.0
907,alebautis,3,0.0,data,0.0,0.0
908,sarguellesr,3,0.0,data,0.0,0.0
909,davideperdomo,3,0.0,data,0.0,0.1627906976744185
910,JamerMejiaGarcia,3,0.0,data,0.0,0.0
911,nikolasto,3,0.0,data,0.0,0.0
912,gahormigag,3,0.0,data,0.0,0.0
913,ayperezc,3,0.0,data,0.0,0.4516129032258065
914,anferoar96,3,0.0,data,0.0,0.0
915,StevenEsmar,3,0.0,data,0.0,0.0
916,dcastanedar,3,0.0,data,0.0,0.0
917,trickyjuggler,3,0.0,data,0.0,0.15625
918,DaveValencia,3,0.0,data,0.0,0.0
919,csalfonsol,3,0.0,data,0.0,0.0
920,tres-xxx,3,0.0,data,0.0,0.0
921,buendiagon,3,0.0,data,0.0,0.0
922,DSFarfanF,3,0.0,data,0.0,0.0
923,jssanchezo,3,0.0,data,0.0,0.0
924,bsdiaza,3,0.0,data,0.0,0.0
925,casc3798,3,0.0,data,0.0,0.0
926,jsalcinar,3,0.0,data,0.0,0.0
927,Anvido,3,0.0,data,0.0,0.0789473684210526
928,Jufcardenasmo,3,0.0,data,0.0,1.0
929,federgolo,3,0.0,data,0.0,0.2352941176470588
930,serbatero,3,0.0,data,0.0,0.0
931,GabrielUnal,3,0.0,data,0.0,0.0
932,diefrodriguezcha,3,0.0,data,0.0,1.0
933,adcorredorm,3,0.0,data,0.0,0.0
934,jdgaitanf,3,0.0,data,0.0,1.0
935,pahigueraf,3,0.0,data,0.0,0.1944444444444444
936,RafaelCruz15,3,0.0,data,0.0,0.0
937,gimg1859,3,0.0,data,0.0,0.0
938,jannMorenoJ,3,0.0,data,0.0,0.0
939,dahrojasca,3,0.0,data,0.0,0.0
940,FredyRosero,3,0.0,data,0.0,0.0
941,mdecloedt,4,0.0,data,0.0,0.0
942,Jordan-Loeser,4,0.0,data,0.0,0.0
943,LukasMMarinovic,4,0.0,data,0.0,0.0
944,whipplem123,4,0.0,data,0.0,0.0
945,SionHu,4,0.0,data,0.0,0.0
946,jmamaril25,4,0.0,data,0.0,0.2558139534883721
947,lennwgs,4,0.0,data,0.0,0.0
948,viswapurdue,4,0.0,data,0.0,0.0
949,CampbellC2,4,0.0,data,0.0,1.0
950,noah-curran,4,0.0,data,0.0,0.0
951,laurenjank,4,0.0,data,0.0,0.0
952,bzin22,4,0.0,data,0.0,0.0
953,AkaGar,4,0.0,data,0.0,0.1489361702127659
954,matson3,4,0.0,data,0.0,0.0
955,ecottle,4,0.0,data,0.0,0.0
956,littlex2015,4,0.0,data,0.0,0.0
957,shivans,4,0.0,data,0.0,0.0
958,nbraunec,4,0.0,data,0.0,1.0
959,sanjitsama,4,0.0,data,0.0,1.0
960,Ilyumzhinov,4,0.0,data,0.0,0.0
961,hihms,4,0.0,data,0.0,0.0
962,snugghash,4,0.0,data,0.0,0.3076923076923077
963,zhao744,4,0.0,data,0.0,0.0
964,aclipfel,4,0.0,data,0.0,0.0
965,ko68,4,0.0,data,0.0,0.1428571428571429
966,GeoffYart,4,0.0,data,0.0,0.0
967,gshowal,4,0.0,data,0.0,0.0
968,Nigogu,4,0.0,data,0.0,0.2272727272727273
969,Daryhez,4,0.0,data,0.0,0.0
970,daapinzonch,4,0.0,data,0.0,0.0645161290322581
971,fewilchesc,4,0.0,data,0.0,0.0
972,JorgeTorresC,4,0.0,data,0.0,1.0
973,anythinglord,4,0.0,data,0.0,0.0
974,criscapunal,4,0.0,data,0.0,1.0
975,dieguischa,4,0.0,data,0.0,0.0
976,Orloffyeah,4,0.0,data,0.0,0.7333333333333334
977,SergioLopez40,4,0.0,data,0.0,0.0
978,DiegoAraque1207,4,0.0,data,0.0,0.0
979,olimita,4,0.0,data,0.0,0.1999999999999999
980,yaochoal,4,0.0,data,0.0,0.0
981,Gavnic,4,0.0,data,0.0,0.0
982,Joacampora,4,0.0,data,0.0,0.0
983,Ozai98,4,0.0,data,0.0,0.0
984,nviverosb,4,0.0,data,0.0,1.0
985,Sariilan,4,0.0,data,0.0,0.0
986,Alekzu,4,0.0,data,0.0,1.0
987,vvargasd,4,0.0,data,0.0,0.0
988,biherrerap,4,0.0,data,0.0,1.0
989,bfprietoc,4,0.0,data,0.0,0.0
990,LauraMolina,4,0.0,data,0.0,0.0
991,Acreed21,4,0.0,data,0.0,0.0
992,Camiioo,4,0.0,data,0.0,0.0
993,frnkbs,4,0.0,data,0.0,1.0
994,Jfcastroh,4,0.0,data,0.0,0.0
995,evilcucaracha,4,0.0,data,0.0,1.0
996,JulianM96,4,0.0,data,0.0,0.0
997,Saariasba,4,0.0,data,0.0,0.0
998,tres-iqus,4,0.0,data,0.0,0.0
999,cglaitong,4,0.0,data,0.0,0.0
1000,DaniCastel,4,0.0,data,0.0,0.4516129032258065
1001,BrandonAvilanR,4,0.0,data,0.0,0.0
1002,alejosaur,4,0.0,data,0.0,0.0
1003,jaasuarezvi,4,0.0,data,0.0,0.0
1004,jdsolanos,4,0.0,data,0.0,1.0
1005,DavidsMartinez,4,0.0,data,0.0,0.0
1006,Biopeligro,4,0.0,data,0.0,0.0
1007,garayf,4,0.0,data,0.0,0.2222222222222222
1008,jaleonro,4,0.0,data,0.0,0.0
1009,facuellarg,4,0.0,data,0.0,0.0
1010,Caadiazsi,4,0.0,data,0.0,0.0
1011,sebcamacho1703,4,0.0,data,0.0,0.4615384615384615
1012,xFortich,4,0.0,data,0.0,0.0
1013,Gusgal03,4,0.0,data,0.0,0.0
1014,Juankmilo97,4,0.0,data,0.0,1.0
1015,alebautis,4,0.0,data,0.0,0.0
1016,sarguellesr,4,0.0,data,0.0,0.0
1017,davideperdomo,4,0.0,data,0.0,0.0
1018,JamerMejiaGarcia,4,0.0,data,0.0,0.0
1019,nikolasto,4,0.0,data,0.0,0.0
1020,gahormigag,4,0.0,data,0.0,0.0
1021,ayperezc,4,0.0,data,0.0,1.0
1022,anferoar96,4,0.0,data,0.0,0.0
1023,StevenEsmar,4,0.0,data,0.0,0.0
1024,dcastanedar,4,0.0,data,0.0,0.0
1025,trickyjuggler,4,0.0,data,0.0,0.0
1026,DaveValencia,4,0.0,data,0.0,0.0
1027,csalfonsol,4,0.0,data,0.0,0.0
1028,tres-xxx,4,0.0,data,0.0,0.0
1029,buendiagon,4,0.0,data,0.0,0.0
1030,DSFarfanF,4,0.0,data,0.0,0.0
1031,jssanchezo,4,0.0,data,0.0,0.0
1032,bsdiaza,4,0.0,data,0.0,0.0
1033,casc3798,4,0.0,data,0.0,0.5952380952380952
1034,jsalcinar,4,0.0,data,0.0,0.0
1035,Anvido,4,0.0,data,0.0,0.0
1036,Jufcardenasmo,4,0.0,data,0.0,0.0
1037,federgolo,4,0.0,data,0.0,0.175
1038,serbatero,4,0.0,data,0.0,0.0
1039,GabrielUnal,4,0.0,data,0.0,0.0
1040,diefrodriguezcha,4,0.0,data,0.0,0.0
1041,adcorredorm,4,0.0,data,0.0,1.0
1042,jdgaitanf,4,0.0,data,0.0,0.0
1043,pahigueraf,4,0.0,data,0.0,0.0769230769230768
1044,RafaelCruz15,4,0.0,data,0.0,0.0
1045,gimg1859,4,0.0,data,0.0,0.0
1046,jannMorenoJ,4,0.0,data,0.0,0.0
1047,dahrojasca,4,0.0,data,0.0,0.0
1048,FredyRosero,4,0.0,data,0.0,1.0
