,username,dist_search,stage,type
0,jmamaril25,0.01,1,novel
1,hihms,0.01,1,novel
2,ko68,0.01,1,novel
3,Nigogu,0.01,1,novel
4,alejosaur,0.01,1,novel
5,pahigueraf,0.01,1,novel
6,mdecloedt,0.01,2,novel
7,Jordan-Loeser,0.01,2,novel
8,jmamaril25,0.01,2,novel
9,noah-curran,0.01,2,novel
10,matson3,0.01,2,novel
11,littlex2015,0.01,2,novel
12,hihms,0.01,2,novel
13,zhao744,0.01,2,novel
14,ko68,0.01,2,novel
15,Nigogu,0.01,2,novel
16,olimita,0.01,2,novel
17,LauraMolina,0.01,2,novel
18,cglaitong,0.01,2,novel
19,BrandonAvilanR,0.01,2,novel
20,alejosaur,0.01,2,novel
21,garayf,0.01,2,novel
22,xFortich,0.01,2,novel
23,davideperdomo,0.01,2,novel
24,trickyjuggler,0.01,2,novel
25,jsalcinar,0.01,2,novel
26,Anvido,0.01,2,novel
27,federgolo,0.01,2,novel
28,pahigueraf,0.01,2,novel
29,mdecloedt,0.01,3,novel
30,Jordan-Loeser,0.01,3,novel
31,LukasMMarinovic,0.01,3,novel
32,jmamaril25,0.01,3,novel
33,noah-curran,0.01,3,novel
34,bzin22,0.01,3,novel
35,AkaGar,0.01,3,novel
36,matson3,0.01,3,novel
37,ecottle,0.01,3,novel
38,littlex2015,0.01,3,novel
39,nbraunec,0.01,3,novel
40,hihms,0.01,3,novel
41,zhao744,0.01,3,novel
42,ko68,0.01,3,novel
43,gshowal,0.01,3,novel
44,Nigogu,0.01,3,novel
45,daapinzonch,0.01,3,novel
46,olimita,0.01,3,novel
47,Joacampora,0.01,3,novel
48,LauraMolina,0.01,3,novel
49,evilcucaracha,0.01,3,novel
50,JulianM96,0.01,3,novel
51,cglaitong,0.01,3,novel
52,alejosaur,0.01,3,novel
53,garayf,0.01,3,novel
54,sebcamacho1703,0.01,3,novel
55,xFortich,0.01,3,novel
56,davideperdomo,0.01,3,novel
57,ayperezc,0.01,3,novel
58,anferoar96,0.01,3,novel
59,trickyjuggler,0.01,3,novel
60,casc3798,0.01,3,novel
61,jsalcinar,0.01,3,novel
62,Anvido,0.01,3,novel
63,federgolo,0.01,3,novel
64,pahigueraf,0.01,3,novel
65,mdecloedt,0.01,4,novel
66,Jordan-Loeser,0.01,4,novel
67,LukasMMarinovic,0.01,4,novel
68,whipplem123,0.01,4,novel
69,jmamaril25,0.01,4,novel
70,viswapurdue,0.01,4,novel
71,noah-curran,0.01,4,novel
72,bzin22,0.01,4,novel
73,AkaGar,0.01,4,novel
74,matson3,0.01,4,novel
75,ecottle,0.01,4,novel
76,littlex2015,0.01,4,novel
77,hihms,0.01,4,novel
78,snugghash,0.01,4,novel
79,zhao744,0.01,4,novel
80,ko68,0.01,4,novel
81,GeoffYart,0.01,4,novel
82,gshowal,0.01,4,novel
83,Nigogu,0.01,4,novel
84,daapinzonch,0.01,4,novel
85,Orloffyeah,0.01,4,novel
86,DiegoAraque1207,0.01,4,novel
87,olimita,0.01,4,novel
88,Joacampora,0.01,4,novel
89,LauraMolina,0.01,4,novel
90,JulianM96,0.01,4,novel
91,cglaitong,0.01,4,novel
92,DaniCastel,0.01,4,novel
93,alejosaur,0.01,4,novel
94,garayf,0.01,4,novel
95,sebcamacho1703,0.01,4,novel
96,xFortich,0.01,4,novel
97,davideperdomo,0.01,4,novel
98,anferoar96,0.01,4,novel
99,trickyjuggler,0.01,4,novel
100,casc3798,0.01,4,novel
101,jsalcinar,0.01,4,novel
102,Anvido,0.01,4,novel
103,Jufcardenasmo,0.01,4,novel
104,federgolo,0.01,4,novel
105,diefrodriguezcha,0.01,4,novel
106,pahigueraf,0.01,4,novel
107,AkaGar,0.635,1,complete
108,AkaGar,0.635,1,complete
109,CampbellC2,0.529,1,complete
110,CampbellC2,0.529,1,complete
111,GeoffYart,0.762,1,complete
112,GeoffYart,0.762,1,complete
113,Ilyumzhinov,0.5,1,complete
114,Ilyumzhinov,0.5,1,complete
115,Jordan-Loeser,0.043,1,complete
116,Jordan-Loeser,0.043,1,complete
117,LukasMMarinovic,0.316,1,complete
118,LukasMMarinovic,0.316,1,complete
119,RCODI,0.821,1,complete
120,RCODI,0.821,1,complete
121,SionHu,0.462,1,complete
122,SionHu,0.462,1,complete
123,aclipfel,0.01,1,complete
124,aclipfel,0.01,1,complete
125,bzin22,0.908,1,complete
126,bzin22,0.908,1,complete
127,ecottle,0.528,1,complete
128,ecottle,0.528,1,complete
129,gshowal,0.796,1,complete
130,gshowal,0.796,1,complete
131,hihms,0.014,1,complete
132,hihms,0.014,1,complete
133,jmamaril25,0.403,1,complete
134,jmamaril25,0.403,1,complete
135,jmhunter4711,0.01,1,complete
136,jmhunter4711,0.01,1,complete
137,ko68,0.002,1,complete
138,ko68,0.002,1,complete
139,laurarotger,0.01,1,complete
140,laurarotger,0.01,1,complete
141,laurenjank,0.283,1,complete
142,laurenjank,0.283,1,complete
143,lennwgs,0.699,1,complete
144,lennwgs,0.699,1,complete
145,littlex2015,0.578,1,complete
146,littlex2015,0.578,1,complete
147,matson3,0.676,1,complete
148,matson3,0.676,1,complete
149,mdecloedt,0.838,1,complete
150,mdecloedt,0.838,1,complete
151,nbraunec,0.653,1,complete
152,nbraunec,0.653,1,complete
153,noah-curran,0.278,1,complete
154,noah-curran,0.278,1,complete
155,sanjitsama,0.605,1,complete
156,sanjitsama,0.605,1,complete
157,shivans,0.734,1,complete
158,shivans,0.734,1,complete
159,snugghash,0.31,1,complete
160,snugghash,0.31,1,complete
161,viswapurdue,0.64,1,complete
162,viswapurdue,0.64,1,complete
163,whipplem123,0.011,1,complete
164,whipplem123,0.011,1,complete
165,zhao744,0.489,1,complete
166,zhao744,0.489,1,complete
167,AkaGar,0.01,2,complete
168,AkaGar,0.01,2,complete
169,CampbellC2,0.738,2,complete
170,CampbellC2,0.738,2,complete
171,GeoffYart,0.724,2,complete
172,GeoffYart,0.724,2,complete
173,Ilyumzhinov,0.01,2,complete
174,Ilyumzhinov,0.01,2,complete
175,Jordan-Loeser,0.471,2,complete
176,Jordan-Loeser,0.471,2,complete
177,LukasMMarinovic,0.325,2,complete
178,LukasMMarinovic,0.325,2,complete
179,RCODI,0.684,2,complete
180,RCODI,0.684,2,complete
181,SionHu,0.01,2,complete
182,SionHu,0.01,2,complete
183,aclipfel,0.01,2,complete
184,aclipfel,0.01,2,complete
185,bzin22,0.129,2,complete
186,bzin22,0.129,2,complete
187,ecottle,0.235,2,complete
188,ecottle,0.235,2,complete
189,gshowal,0.107,2,complete
190,gshowal,0.107,2,complete
191,hihms,0.01,2,complete
192,hihms,0.01,2,complete
193,jmamaril25,0.097,2,complete
194,jmamaril25,0.097,2,complete
195,jmhunter4711,0.01,2,complete
196,jmhunter4711,0.01,2,complete
197,ko68,0.01,2,complete
198,ko68,0.01,2,complete
199,laurarotger,0.01,2,complete
200,laurarotger,0.01,2,complete
201,laurenjank,0.661,2,complete
202,laurenjank,0.661,2,complete
203,lennwgs,0.01,2,complete
204,lennwgs,0.01,2,complete
205,littlex2015,0.001,2,complete
206,littlex2015,0.001,2,complete
207,matson3,0.711,2,complete
208,matson3,0.711,2,complete
209,mdecloedt,0.739,2,complete
210,mdecloedt,0.739,2,complete
211,nbraunec,0.029,2,complete
212,nbraunec,0.029,2,complete
213,noah-curran,0.003,2,complete
214,noah-curran,0.003,2,complete
215,sanjitsama,0.423,2,complete
216,sanjitsama,0.423,2,complete
217,shivans,0.01,2,complete
218,shivans,0.01,2,complete
219,snugghash,0.411,2,complete
220,snugghash,0.411,2,complete
221,viswapurdue,0.635,2,complete
222,viswapurdue,0.635,2,complete
223,whipplem123,0.047,2,complete
224,whipplem123,0.047,2,complete
225,zhao744,0.084,2,complete
226,zhao744,0.084,2,complete
227,CampbellC2,0.773,3,complete
228,CampbellC2,0.773,3,complete
229,GeoffYart,0.519,3,complete
230,GeoffYart,0.519,3,complete
231,Ilyumzhinov,0.01,3,complete
232,Ilyumzhinov,0.01,3,complete
233,Jordan-Loeser,0.012,3,complete
234,Jordan-Loeser,0.012,3,complete
235,LukasMMarinovic,0.01,3,complete
236,LukasMMarinovic,0.01,3,complete
237,RCODI,0.539,3,complete
238,RCODI,0.539,3,complete
239,SionHu,0.01,3,complete
240,SionHu,0.01,3,complete
241,aclipfel,0.01,3,complete
242,aclipfel,0.01,3,complete
243,bzin22,0.245,3,complete
244,bzin22,0.245,3,complete
245,ecottle,0.588,3,complete
246,ecottle,0.588,3,complete
247,gshowal,0.01,3,complete
248,gshowal,0.01,3,complete
249,hihms,0.003,3,complete
250,hihms,0.003,3,complete
251,jmamaril25,0.494,3,complete
252,jmamaril25,0.494,3,complete
253,jmhunter4711,0.01,3,complete
254,jmhunter4711,0.01,3,complete
255,ko68,0.002,3,complete
256,ko68,0.002,3,complete
257,laurarotger,0.01,3,complete
258,laurarotger,0.01,3,complete
259,laurenjank,0.01,3,complete
260,laurenjank,0.01,3,complete
261,lennwgs,0.01,3,complete
262,lennwgs,0.01,3,complete
263,littlex2015,0.656,3,complete
264,littlex2015,0.656,3,complete
265,matson3,0.005,3,complete
266,matson3,0.005,3,complete
267,mdecloedt,0.211,3,complete
268,mdecloedt,0.211,3,complete
269,nbraunec,0.09,3,complete
270,nbraunec,0.09,3,complete
271,noah-curran,0.01,3,complete
272,noah-curran,0.01,3,complete
273,sanjitsama,0.423,3,complete
274,sanjitsama,0.423,3,complete
275,shivans,0.01,3,complete
276,shivans,0.01,3,complete
277,snugghash,0.01,3,complete
278,snugghash,0.01,3,complete
279,viswapurdue,0.654,3,complete
280,viswapurdue,0.654,3,complete
281,whipplem123,0.082,3,complete
282,whipplem123,0.082,3,complete
283,zhao744,0.06,3,complete
284,zhao744,0.06,3,complete
285,CampbellC2,0.449,4,complete
286,CampbellC2,0.449,4,complete
287,Ilyumzhinov,0.01,4,complete
288,Ilyumzhinov,0.01,4,complete
289,Jordan-Loeser,0.001,4,complete
290,Jordan-Loeser,0.001,4,complete
291,LukasMMarinovic,0.281,4,complete
292,LukasMMarinovic,0.281,4,complete
293,RCODI,0.242,4,complete
294,RCODI,0.242,4,complete
295,SionHu,0.01,4,complete
296,SionHu,0.01,4,complete
297,bzin22,0.063,4,complete
298,bzin22,0.063,4,complete
299,ecottle,0.01,4,complete
300,ecottle,0.01,4,complete
301,hihms,0.005,4,complete
302,hihms,0.005,4,complete
303,jmamaril25,0.199,4,complete
304,jmamaril25,0.199,4,complete
305,laurarotger,0.01,4,complete
306,laurarotger,0.01,4,complete
307,laurenjank,0.134,4,complete
308,laurenjank,0.134,4,complete
309,lennwgs,0.01,4,complete
310,lennwgs,0.01,4,complete
311,littlex2015,0.01,4,complete
312,littlex2015,0.01,4,complete
313,matson3,0.1,4,complete
314,matson3,0.1,4,complete
315,mdecloedt,0.109,4,complete
316,mdecloedt,0.109,4,complete
317,nbraunec,0.527,4,complete
318,nbraunec,0.527,4,complete
319,noah-curran,0.128,4,complete
320,noah-curran,0.128,4,complete
321,sanjitsama,0.544,4,complete
322,sanjitsama,0.544,4,complete
323,shivans,0.01,4,complete
324,shivans,0.01,4,complete
325,snugghash,0.748,4,complete
326,snugghash,0.748,4,complete
327,viswapurdue,0.001,4,complete
328,viswapurdue,0.001,4,complete
329,whipplem123,0.013,4,complete
330,whipplem123,0.013,4,complete
331,Acreed21,0.713,1,complete
332,Camiioo,0.507,1,complete
333,FredyRosero,0.96,1,complete
334,JamerMejiaGarcia,0.607,1,complete
335,Jfcastroh,0.01,1,complete
336,LauraMolina,0.642,1,complete
337,RafaelCruz15,0.678,1,complete
338,adcorredorm,0.627,1,complete
339,alebautis,0.01,1,complete
340,ayperezc,0.479,1,complete
341,bfprietoc,0.01,1,complete
342,biherrerap,0.883,1,complete
343,dahrojasca,0.84,1,complete
344,davideperdomo,0.561,1,complete
345,frnkbs,0.439,1,complete
346,gahormigag,0.01,1,complete
347,ironhacktech2,0.01,1,complete
348,jannMorenoJ,0.049,1,complete
349,jdgaitanf,0.942,1,complete
350,nikolasto,0.58,1,complete
351,pahigueraf,0.659,1,complete
352,sarguellesr,0.724,1,complete
353,uxjudges1,0.985,1,complete
354,uxjudges,0.01,1,complete
355,vvargasd,0.01,1,complete
356,Acreed21,0.01,2,complete
357,Camiioo,0.746,2,complete
358,FredyRosero,0.894,2,complete
359,JamerMejiaGarcia,0.01,2,complete
360,Jfcastroh,0.01,2,complete
361,LauraMolina,0.01,2,complete
362,RafaelCruz15,0.341,2,complete
363,adcorredorm,0.01,2,complete
364,alebautis,0.01,2,complete
365,ayperezc,0.01,2,complete
366,bfprietoc,0.01,2,complete
367,biherrerap,0.01,2,complete
368,dahrojasca,0.579,2,complete
369,davideperdomo,0.408,2,complete
370,frnkbs,0.439,2,complete
371,gahormigag,0.01,2,complete
372,gimg1859,0.549,2,complete
373,ironhacktech2,0.01,2,complete
374,jannMorenoJ,0.719,2,complete
375,jdgaitanf,0.57,2,complete
376,nikolasto,0.419,2,complete
377,pahigueraf,0.647,2,complete
378,sarguellesr,0.19,2,complete
379,uxjudges1,0.01,2,complete
380,uxjudges,0.01,2,complete
381,vvargasd,0.01,2,complete
382,Acreed21,0.002,3,complete
383,Camiioo,0.636,3,complete
384,FredyRosero,0.149,3,complete
385,JamerMejiaGarcia,0.01,3,complete
386,Jfcastroh,0.707,3,complete
387,LauraMolina,0.084,3,complete
388,RafaelCruz15,0.01,3,complete
389,adcorredorm,0.01,3,complete
390,alebautis,0.01,3,complete
391,ayperezc,0.18,3,complete
392,bfprietoc,0.01,3,complete
393,biherrerap,0.662,3,complete
394,dahrojasca,0.579,3,complete
395,davideperdomo,0.272,3,complete
396,frnkbs,0.257,3,complete
397,gahormigag,0.01,3,complete
398,gimg1859,0.01,3,complete
399,ironhacktech2,0.131,3,complete
400,jannMorenoJ,0.01,3,complete
401,jdgaitanf,0.59,3,complete
402,nikolasto,0.671,3,complete
403,pahigueraf,0.01,3,complete
404,sarguellesr,0.01,3,complete
405,uxjudges1,0.01,3,complete
406,uxjudges,0.01,3,complete
407,vvargasd,0.01,3,complete
408,Acreed21,0.664,4,complete
409,Camiioo,0.539,4,complete
410,FredyRosero,0.494,4,complete
411,JamerMejiaGarcia,0.01,4,complete
412,Jfcastroh,0.01,4,complete
413,LauraMolina,0.085,4,complete
414,RafaelCruz15,0.539,4,complete
415,adcorredorm,0.323,4,complete
416,alebautis,0.01,4,complete
417,ayperezc,0.01,4,complete
418,bfprietoc,0.01,4,complete
419,biherrerap,0.119,4,complete
420,dahrojasca,0.875,4,complete
421,davideperdomo,0.242,4,complete
422,frnkbs,0.348,4,complete
423,gahormigag,0.01,4,complete
424,gimg1859,0.672,4,complete
425,ironhacktech2,0.131,4,complete
426,jannMorenoJ,0.01,4,complete
427,jdgaitanf,0.59,4,complete
428,nikolasto,0.01,4,complete
429,pahigueraf,0.304,4,complete
430,sarguellesr,0.01,4,complete
431,uxjudges1,0.01,4,complete
432,uxjudges,0.01,4,complete
433,vvargasd,0.01,4,complete
434,Alekzu,0.01,1,complete
435,Anvido,0.266,1,complete
436,Biopeligro,0.595,1,complete
437,Caadiazsi,0.01,1,complete
438,DavidsMartinez,0.488,1,complete
439,DiegoAraque1207,0.676,1,complete
440,GabrielUnal,0.01,1,complete
441,Gavnic,0.64,1,complete
442,Gusgal03,0.01,1,complete
443,Joacampora,0.183,1,complete
444,Juankmilo97,0.708,1,complete
445,Jufcardenasmo,0.801,1,complete
446,Ozai98,0.01,1,complete
447,Sariilan,0.01,1,complete
448,bsdiaza,0.01,1,complete
449,casc3798,0.881,1,complete
450,diefrodriguezcha,0.634,1,complete
451,facuellarg,0.725,1,complete
452,federgolo,0.089,1,complete
453,garayf,0.094,1,complete
454,jaleonro,0.163,1,complete
455,jsalcinar,0.184,1,complete
456,jssanchezo,0.01,1,complete
457,nviverosb,0.008,1,complete
458,olimita,0.676,1,complete
459,sebcamacho1703,0.555,1,complete
460,serbatero,0.696,1,complete
461,xFortich,0.374,1,complete
462,yaochoal,0.135,1,complete
463,Alekzu,0.731,2,complete
464,Anvido,0.813,2,complete
465,Biopeligro,0.595,2,complete
466,Caadiazsi,0.55,2,complete
467,DavidsMartinez,0.01,2,complete
468,DiegoAraque1207,0.718,2,complete
469,GabrielUnal,0.612,2,complete
470,Gavnic,0.635,2,complete
471,Gusgal03,0.531,2,complete
472,Joacampora,0.251,2,complete
473,Juankmilo97,0.821,2,complete
474,Jufcardenasmo,0.514,2,complete
475,Ozai98,0.809,2,complete
476,Sariilan,0.01,2,complete
477,bsdiaza,0.66,2,complete
478,casc3798,0.041,2,complete
479,diefrodriguezcha,0.145,2,complete
480,facuellarg,0.724,2,complete
481,federgolo,0.715,2,complete
482,garayf,0.01,2,complete
483,jaleonro,0.006,2,complete
484,jsalcinar,0.257,2,complete
485,jssanchezo,0.01,2,complete
486,nviverosb,0.01,2,complete
487,olimita,0.016,2,complete
488,sebcamacho1703,0.886,2,complete
489,serbatero,0.006,2,complete
490,xFortich,0.062,2,complete
491,yaochoal,0.017,2,complete
492,Alekzu,0.928,3,complete
493,Anvido,0.001,3,complete
494,Biopeligro,0.01,3,complete
495,Caadiazsi,0.01,3,complete
496,DavidsMartinez,0.01,3,complete
497,DiegoAraque1207,0.003,3,complete
498,GabrielUnal,0.01,3,complete
499,Gavnic,0.655,3,complete
500,Gusgal03,0.01,3,complete
501,Joacampora,0.748,3,complete
502,Juankmilo97,0.009,3,complete
503,Jufcardenasmo,0.514,3,complete
504,Ozai98,0.139,3,complete
505,Sariilan,0.01,3,complete
506,bsdiaza,0.734,3,complete
507,casc3798,0.01,3,complete
508,diefrodriguezcha,0.174,3,complete
509,facuellarg,0.724,3,complete
510,federgolo,0.191,3,complete
511,garayf,0.002,3,complete
512,jaleonro,0.138,3,complete
513,jsalcinar,0.093,3,complete
514,jssanchezo,0.01,3,complete
515,nviverosb,0.003,3,complete
516,olimita,0.044,3,complete
517,sebcamacho1703,0.401,3,complete
518,serbatero,0.01,3,complete
519,xFortich,0.329,3,complete
520,yaochoal,0.003,3,complete
521,Alekzu,0.712,4,complete
522,Anvido,0.01,4,complete
523,Biopeligro,0.903,4,complete
524,Caadiazsi,0.01,4,complete
525,DavidsMartinez,0.01,4,complete
526,DiegoAraque1207,0.127,4,complete
527,GabrielUnal,0.549,4,complete
528,Gavnic,0.684,4,complete
529,Gusgal03,0.01,4,complete
530,Joacampora,0.063,4,complete
531,Juankmilo97,0.156,4,complete
532,Jufcardenasmo,0.759,4,complete
533,Ozai98,0.01,4,complete
534,Sariilan,0.01,4,complete
535,bsdiaza,0.146,4,complete
536,casc3798,0.524,4,complete
537,diefrodriguezcha,0.735,4,complete
538,facuellarg,0.01,4,complete
539,federgolo,0.085,4,complete
540,garayf,0.01,4,complete
541,jaleonro,0.152,4,complete
542,jsalcinar,0.138,4,complete
543,jssanchezo,0.01,4,complete
544,nviverosb,0.009,4,complete
545,olimita,0.017,4,complete
546,sebcamacho1703,0.191,4,complete
547,serbatero,0.585,4,complete
548,xFortich,0.001,4,complete
549,yaochoal,0.007,4,complete
550,BrandonAvilanR,0.607,1,complete
551,DaniCastel,0.878,1,complete
552,DaveValencia,0.674,1,complete
553,Orloffyeah,0.273,1,complete
554,alejosaur,0.001,1,complete
555,anythinglord,0.506,1,complete
556,buendiagon,0.674,1,complete
557,cglaitong,0.057,1,complete
558,criscapunal,0.436,1,complete
559,csalfonsol,0.876,1,complete
560,dieguischa,0.228,1,complete
561,jaasuarezvi,0.674,1,complete
562,tres-xxx,0.674,1,complete
563,BrandonAvilanR,0.608,2,complete
564,DaniCastel,0.36,2,complete
565,DaveValencia,0.674,2,complete
566,Orloffyeah,0.252,2,complete
567,alejosaur,0.01,2,complete
568,anythinglord,0.773,2,complete
569,buendiagon,0.674,2,complete
570,cglaitong,0.205,2,complete
571,criscapunal,0.591,2,complete
572,csalfonsol,0.761,2,complete
573,dieguischa,0.165,2,complete
574,jaasuarezvi,0.674,2,complete
575,tres-xxx,0.674,2,complete
576,BrandonAvilanR,0.383,3,complete
577,DSFarfanF,0.674,3,complete
578,DaniCastel,0.797,3,complete
579,DaveValencia,0.674,3,complete
580,JorgeTorresC,0.291,3,complete
581,Orloffyeah,0.248,3,complete
582,Saariasba,0.99,3,complete
583,SergioLopez40,0.712,3,complete
584,alejosaur,0.01,3,complete
585,anythinglord,0.392,3,complete
586,buendiagon,0.674,3,complete
587,cglaitong,0.211,3,complete
588,criscapunal,0.417,3,complete
589,csalfonsol,0.713,3,complete
590,daapinzonch,0.53,3,complete
591,dcastanedar,0.355,3,complete
592,dieguischa,0.646,3,complete
593,jaasuarezvi,0.674,3,complete
594,jdsolanos,0.542,3,complete
595,tres-xxx,0.674,3,complete
596,trickyjuggler,0.671,3,complete
597,BrandonAvilanR,0.537,4,complete
598,DSFarfanF,0.01,4,complete
599,DaniCastel,0.29,4,complete
600,DaveValencia,0.01,4,complete
601,JorgeTorresC,0.066,4,complete
602,Orloffyeah,0.218,4,complete
603,Saariasba,0.99,4,complete
604,SergioLopez40,0.001,4,complete
605,alejosaur,0.01,4,complete
606,anythinglord,0.278,4,complete
607,buendiagon,0.01,4,complete
608,cglaitong,0.01,4,complete
609,criscapunal,0.347,4,complete
610,csalfonsol,0.228,4,complete
611,daapinzonch,0.506,4,complete
612,dcastanedar,0.818,4,complete
613,dieguischa,0.01,4,complete
614,jaasuarezvi,0.01,4,complete
615,jdsolanos,0.506,4,complete
616,tres-xxx,0.01,4,complete
617,trickyjuggler,0.409,4,complete
618,mdecloedt,0.01,1,data
619,Jordan-Loeser,0.01,1,data
620,LukasMMarinovic,0.01,1,data
621,whipplem123,0.01,1,data
622,SionHu,0.01,1,data
623,jmamaril25,0.01,1,data
624,lennwgs,0.01,1,data
625,viswapurdue,0.01,1,data
626,CampbellC2,0.01,1,data
627,noah-curran,0.01,1,data
628,laurenjank,0.01,1,data
629,bzin22,0.01,1,data
630,AkaGar,0.01,1,data
631,matson3,0.01,1,data
632,ecottle,0.01,1,data
633,littlex2015,0.01,1,data
634,shivans,0.01,1,data
635,nbraunec,0.01,1,data
636,sanjitsama,0.01,1,data
637,Ilyumzhinov,0.01,1,data
638,hihms,0.01,1,data
639,snugghash,0.01,1,data
640,zhao744,0.01,1,data
641,aclipfel,0.01,1,data
642,ko68,0.01,1,data
643,GeoffYart,0.01,1,data
644,jmhunter4711,0.01,1,data
645,Nigogu,0.01,1,data
646,Daryhez,0.01,1,data
647,daapinzonch,0.01,1,data
648,fewilchesc,0.01,1,data
649,JorgeTorresC,0.01,1,data
650,anythinglord,0.01,1,data
651,criscapunal,0.01,1,data
652,dieguischa,0.01,1,data
653,Orloffyeah,0.01,1,data
654,SergioLopez40,0.01,1,data
655,DiegoAraque1207,0.01,1,data
656,olimita,0.01,1,data
657,yaochoal,0.01,1,data
658,Gavnic,0.01,1,data
659,Joacampora,0.01,1,data
660,Ozai98,0.01,1,data
661,nviverosb,0.01,1,data
662,Sariilan,0.01,1,data
663,Alekzu,0.01,1,data
664,vvargasd,0.01,1,data
665,biherrerap,0.01,1,data
666,bfprietoc,0.01,1,data
667,LauraMolina,0.01,1,data
668,Acreed21,0.01,1,data
669,Camiioo,0.01,1,data
670,frnkbs,0.01,1,data
671,Jfcastroh,0.01,1,data
672,evilcucaracha,0.01,1,data
673,JulianM96,0.01,1,data
674,Saariasba,0.01,1,data
675,tres-iqus,0.01,1,data
676,cglaitong,0.01,1,data
677,DaniCastel,0.01,1,data
678,BrandonAvilanR,0.01,1,data
679,alejosaur,0.01,1,data
680,jaasuarezvi,0.01,1,data
681,jdsolanos,0.01,1,data
682,DavidsMartinez,0.01,1,data
683,Biopeligro,0.01,1,data
684,garayf,0.01,1,data
685,jaleonro,0.01,1,data
686,facuellarg,0.01,1,data
687,Caadiazsi,0.01,1,data
688,sebcamacho1703,0.01,1,data
689,xFortich,0.01,1,data
690,Gusgal03,0.01,1,data
691,Juankmilo97,0.01,1,data
692,alebautis,0.01,1,data
693,sarguellesr,0.01,1,data
694,davideperdomo,0.01,1,data
695,JamerMejiaGarcia,0.01,1,data
696,nikolasto,0.01,1,data
697,gahormigag,0.01,1,data
698,ayperezc,0.01,1,data
699,anferoar96,0.01,1,data
700,StevenEsmar,0.01,1,data
701,dcastanedar,0.01,1,data
702,trickyjuggler,0.01,1,data
703,DaveValencia,0.01,1,data
704,csalfonsol,0.01,1,data
705,tres-xxx,0.01,1,data
706,buendiagon,0.01,1,data
707,DSFarfanF,0.01,1,data
708,jssanchezo,0.01,1,data
709,bsdiaza,0.01,1,data
710,casc3798,0.01,1,data
711,jsalcinar,0.01,1,data
712,Anvido,0.01,1,data
713,Jufcardenasmo,0.01,1,data
714,federgolo,0.01,1,data
715,serbatero,0.01,1,data
716,GabrielUnal,0.01,1,data
717,diefrodriguezcha,0.01,1,data
718,adcorredorm,0.01,1,data
719,jdgaitanf,0.01,1,data
720,pahigueraf,0.01,1,data
721,RafaelCruz15,0.01,1,data
722,gimg1859,0.01,1,data
723,jannMorenoJ,0.01,1,data
724,dahrojasca,0.01,1,data
725,FredyRosero,0.01,1,data
726,mdecloedt,0.01,2,data
727,Jordan-Loeser,0.01,2,data
728,LukasMMarinovic,0.01,2,data
729,whipplem123,0.01,2,data
730,SionHu,0.01,2,data
731,jmamaril25,0.01,2,data
732,lennwgs,0.01,2,data
733,viswapurdue,0.01,2,data
734,CampbellC2,0.01,2,data
735,noah-curran,0.01,2,data
736,laurenjank,0.01,2,data
737,bzin22,0.01,2,data
738,AkaGar,0.01,2,data
739,matson3,0.01,2,data
740,ecottle,0.01,2,data
741,littlex2015,0.01,2,data
742,shivans,0.01,2,data
743,nbraunec,0.01,2,data
744,sanjitsama,0.01,2,data
745,Ilyumzhinov,0.01,2,data
746,hihms,0.01,2,data
747,snugghash,0.01,2,data
748,zhao744,0.01,2,data
749,aclipfel,0.01,2,data
750,ko68,0.01,2,data
751,GeoffYart,0.01,2,data
752,Nigogu,0.01,2,data
753,Daryhez,0.01,2,data
754,daapinzonch,0.01,2,data
755,fewilchesc,0.01,2,data
756,JorgeTorresC,0.01,2,data
757,anythinglord,0.01,2,data
758,criscapunal,0.01,2,data
759,dieguischa,0.01,2,data
760,Orloffyeah,0.01,2,data
761,SergioLopez40,0.01,2,data
762,DiegoAraque1207,0.01,2,data
763,olimita,0.01,2,data
764,yaochoal,0.01,2,data
765,Gavnic,0.01,2,data
766,Joacampora,0.01,2,data
767,Ozai98,0.01,2,data
768,nviverosb,0.01,2,data
769,Sariilan,0.01,2,data
770,Alekzu,0.01,2,data
771,vvargasd,0.01,2,data
772,biherrerap,0.01,2,data
773,bfprietoc,0.01,2,data
774,LauraMolina,0.01,2,data
775,Acreed21,0.01,2,data
776,Camiioo,0.01,2,data
777,frnkbs,0.01,2,data
778,Jfcastroh,0.01,2,data
779,evilcucaracha,0.01,2,data
780,JulianM96,0.01,2,data
781,Saariasba,0.01,2,data
782,tres-iqus,0.01,2,data
783,cglaitong,0.01,2,data
784,DaniCastel,0.01,2,data
785,BrandonAvilanR,0.01,2,data
786,alejosaur,0.01,2,data
787,jaasuarezvi,0.01,2,data
788,jdsolanos,0.01,2,data
789,DavidsMartinez,0.01,2,data
790,Biopeligro,0.01,2,data
791,garayf,0.01,2,data
792,jaleonro,0.01,2,data
793,facuellarg,0.01,2,data
794,Caadiazsi,0.01,2,data
795,sebcamacho1703,0.01,2,data
796,xFortich,0.01,2,data
797,Gusgal03,0.01,2,data
798,Juankmilo97,0.01,2,data
799,alebautis,0.01,2,data
800,sarguellesr,0.01,2,data
801,davideperdomo,0.01,2,data
802,JamerMejiaGarcia,0.01,2,data
803,nikolasto,0.01,2,data
804,gahormigag,0.01,2,data
805,ayperezc,0.01,2,data
806,anferoar96,0.01,2,data
807,StevenEsmar,0.01,2,data
808,dcastanedar,0.01,2,data
809,trickyjuggler,0.01,2,data
810,DaveValencia,0.01,2,data
811,csalfonsol,0.01,2,data
812,tres-xxx,0.01,2,data
813,buendiagon,0.01,2,data
814,DSFarfanF,0.01,2,data
815,jssanchezo,0.01,2,data
816,bsdiaza,0.01,2,data
817,casc3798,0.01,2,data
818,jsalcinar,0.01,2,data
819,Anvido,0.01,2,data
820,Jufcardenasmo,0.01,2,data
821,federgolo,0.01,2,data
822,serbatero,0.01,2,data
823,GabrielUnal,0.01,2,data
824,diefrodriguezcha,0.01,2,data
825,adcorredorm,0.01,2,data
826,jdgaitanf,0.01,2,data
827,pahigueraf,0.01,2,data
828,RafaelCruz15,0.01,2,data
829,gimg1859,0.01,2,data
830,jannMorenoJ,0.01,2,data
831,dahrojasca,0.01,2,data
832,FredyRosero,0.01,2,data
833,mdecloedt,0.01,3,data
834,Jordan-Loeser,0.01,3,data
835,LukasMMarinovic,0.01,3,data
836,whipplem123,0.01,3,data
837,SionHu,0.01,3,data
838,jmamaril25,0.01,3,data
839,lennwgs,0.01,3,data
840,viswapurdue,0.01,3,data
841,CampbellC2,0.01,3,data
842,noah-curran,0.01,3,data
843,laurenjank,0.01,3,data
844,bzin22,0.01,3,data
845,AkaGar,0.01,3,data
846,matson3,0.01,3,data
847,ecottle,0.01,3,data
848,littlex2015,0.01,3,data
849,shivans,0.01,3,data
850,nbraunec,0.01,3,data
851,sanjitsama,0.01,3,data
852,Ilyumzhinov,0.01,3,data
853,hihms,0.01,3,data
854,snugghash,0.01,3,data
855,zhao744,0.01,3,data
856,aclipfel,0.01,3,data
857,ko68,0.01,3,data
858,GeoffYart,0.01,3,data
859,gshowal,0.01,3,data
860,Nigogu,0.01,3,data
861,Daryhez,0.01,3,data
862,daapinzonch,0.01,3,data
863,fewilchesc,0.01,3,data
864,JorgeTorresC,0.01,3,data
865,anythinglord,0.01,3,data
866,criscapunal,0.01,3,data
867,dieguischa,0.01,3,data
868,Orloffyeah,0.01,3,data
869,SergioLopez40,0.01,3,data
870,DiegoAraque1207,0.01,3,data
871,olimita,0.01,3,data
872,yaochoal,0.01,3,data
873,Gavnic,0.01,3,data
874,Joacampora,0.01,3,data
875,Ozai98,0.01,3,data
876,nviverosb,0.01,3,data
877,Sariilan,0.01,3,data
878,Alekzu,0.01,3,data
879,vvargasd,0.01,3,data
880,biherrerap,0.01,3,data
881,bfprietoc,0.01,3,data
882,LauraMolina,0.01,3,data
883,Acreed21,0.01,3,data
884,Camiioo,0.01,3,data
885,frnkbs,0.01,3,data
886,Jfcastroh,0.01,3,data
887,evilcucaracha,0.01,3,data
888,JulianM96,0.01,3,data
889,Saariasba,0.01,3,data
890,tres-iqus,0.01,3,data
891,cglaitong,0.01,3,data
892,DaniCastel,0.01,3,data
893,BrandonAvilanR,0.01,3,data
894,alejosaur,0.01,3,data
895,jaasuarezvi,0.01,3,data
896,jdsolanos,0.01,3,data
897,DavidsMartinez,0.01,3,data
898,Biopeligro,0.01,3,data
899,garayf,0.01,3,data
900,jaleonro,0.01,3,data
901,facuellarg,0.01,3,data
902,Caadiazsi,0.01,3,data
903,sebcamacho1703,0.01,3,data
904,xFortich,0.01,3,data
905,Gusgal03,0.01,3,data
906,Juankmilo97,0.01,3,data
907,alebautis,0.01,3,data
908,sarguellesr,0.01,3,data
909,davideperdomo,0.01,3,data
910,JamerMejiaGarcia,0.01,3,data
911,nikolasto,0.01,3,data
912,gahormigag,0.01,3,data
913,ayperezc,0.01,3,data
914,anferoar96,0.01,3,data
915,StevenEsmar,0.01,3,data
916,dcastanedar,0.01,3,data
917,trickyjuggler,0.01,3,data
918,DaveValencia,0.01,3,data
919,csalfonsol,0.01,3,data
920,tres-xxx,0.01,3,data
921,buendiagon,0.01,3,data
922,DSFarfanF,0.01,3,data
923,jssanchezo,0.01,3,data
924,bsdiaza,0.01,3,data
925,casc3798,0.01,3,data
926,jsalcinar,0.01,3,data
927,Anvido,0.01,3,data
928,Jufcardenasmo,0.01,3,data
929,federgolo,0.01,3,data
930,serbatero,0.01,3,data
931,GabrielUnal,0.01,3,data
932,diefrodriguezcha,0.01,3,data
933,adcorredorm,0.01,3,data
934,jdgaitanf,0.01,3,data
935,pahigueraf,0.01,3,data
936,RafaelCruz15,0.01,3,data
937,gimg1859,0.01,3,data
938,jannMorenoJ,0.01,3,data
939,dahrojasca,0.01,3,data
940,FredyRosero,0.01,3,data
941,mdecloedt,0.01,4,data
942,Jordan-Loeser,0.01,4,data
943,LukasMMarinovic,0.01,4,data
944,whipplem123,0.01,4,data
945,SionHu,0.01,4,data
946,jmamaril25,0.01,4,data
947,lennwgs,0.01,4,data
948,viswapurdue,0.01,4,data
949,CampbellC2,0.01,4,data
950,noah-curran,0.01,4,data
951,laurenjank,0.01,4,data
952,bzin22,0.01,4,data
953,AkaGar,0.01,4,data
954,matson3,0.01,4,data
955,ecottle,0.01,4,data
956,littlex2015,0.01,4,data
957,shivans,0.01,4,data
958,nbraunec,0.01,4,data
959,sanjitsama,0.01,4,data
960,Ilyumzhinov,0.01,4,data
961,hihms,0.01,4,data
962,snugghash,0.01,4,data
963,zhao744,0.01,4,data
964,aclipfel,0.01,4,data
965,ko68,0.01,4,data
966,GeoffYart,0.01,4,data
967,gshowal,0.01,4,data
968,Nigogu,0.01,4,data
969,Daryhez,0.01,4,data
970,daapinzonch,0.01,4,data
971,fewilchesc,0.01,4,data
972,JorgeTorresC,0.01,4,data
973,anythinglord,0.01,4,data
974,criscapunal,0.01,4,data
975,dieguischa,0.01,4,data
976,Orloffyeah,0.01,4,data
977,SergioLopez40,0.01,4,data
978,DiegoAraque1207,0.01,4,data
979,olimita,0.01,4,data
980,yaochoal,0.01,4,data
981,Gavnic,0.01,4,data
982,Joacampora,0.01,4,data
983,Ozai98,0.01,4,data
984,nviverosb,0.01,4,data
985,Sariilan,0.01,4,data
986,Alekzu,0.01,4,data
987,vvargasd,0.01,4,data
988,biherrerap,0.01,4,data
989,bfprietoc,0.01,4,data
990,LauraMolina,0.01,4,data
991,Acreed21,0.01,4,data
992,Camiioo,0.01,4,data
993,frnkbs,0.01,4,data
994,Jfcastroh,0.01,4,data
995,evilcucaracha,0.01,4,data
996,JulianM96,0.01,4,data
997,Saariasba,0.01,4,data
998,tres-iqus,0.01,4,data
999,cglaitong,0.01,4,data
1000,DaniCastel,0.01,4,data
1001,BrandonAvilanR,0.01,4,data
1002,alejosaur,0.01,4,data
1003,jaasuarezvi,0.01,4,data
1004,jdsolanos,0.01,4,data
1005,DavidsMartinez,0.01,4,data
1006,Biopeligro,0.01,4,data
1007,garayf,0.01,4,data
1008,jaleonro,0.01,4,data
1009,facuellarg,0.01,4,data
1010,Caadiazsi,0.01,4,data
1011,sebcamacho1703,0.01,4,data
1012,xFortich,0.01,4,data
1013,Gusgal03,0.01,4,data
1014,Juankmilo97,0.01,4,data
1015,alebautis,0.01,4,data
1016,sarguellesr,0.01,4,data
1017,davideperdomo,0.01,4,data
1018,JamerMejiaGarcia,0.01,4,data
1019,nikolasto,0.01,4,data
1020,gahormigag,0.01,4,data
1021,ayperezc,0.01,4,data
1022,anferoar96,0.01,4,data
1023,StevenEsmar,0.01,4,data
1024,dcastanedar,0.01,4,data
1025,trickyjuggler,0.01,4,data
1026,DaveValencia,0.01,4,data
1027,csalfonsol,0.01,4,data
1028,tres-xxx,0.01,4,data
1029,buendiagon,0.01,4,data
1030,DSFarfanF,0.01,4,data
1031,jssanchezo,0.01,4,data
1032,bsdiaza,0.01,4,data
1033,casc3798,0.01,4,data
1034,jsalcinar,0.01,4,data
1035,Anvido,0.01,4,data
1036,Jufcardenasmo,0.01,4,data
1037,federgolo,0.01,4,data
1038,serbatero,0.01,4,data
1039,GabrielUnal,0.01,4,data
1040,diefrodriguezcha,0.01,4,data
1041,adcorredorm,0.01,4,data
1042,jdgaitanf,0.01,4,data
1043,pahigueraf,0.01,4,data
1044,RafaelCruz15,0.01,4,data
1045,gimg1859,0.01,4,data
1046,jannMorenoJ,0.01,4,data
1047,dahrojasca,0.01,4,data
1048,FredyRosero,0.01,4,data
1049,jmamaril25,0.01,1,novel
1050,hihms,0.01,1,novel
1051,ko68,0.01,1,novel
1052,Nigogu,0.01,1,novel
1053,alejosaur,0.01,1,novel
1054,pahigueraf,0.01,1,novel
1055,mdecloedt,0.01,2,novel
1056,Jordan-Loeser,0.01,2,novel
1057,jmamaril25,0.01,2,novel
1058,noah-curran,0.01,2,novel
1059,matson3,0.01,2,novel
1060,littlex2015,0.01,2,novel
1061,hihms,0.01,2,novel
1062,zhao744,0.01,2,novel
1063,ko68,0.01,2,novel
1064,Nigogu,0.01,2,novel
1065,olimita,0.01,2,novel
1066,LauraMolina,0.01,2,novel
1067,cglaitong,0.01,2,novel
1068,BrandonAvilanR,0.01,2,novel
1069,alejosaur,0.01,2,novel
1070,garayf,0.01,2,novel
1071,xFortich,0.01,2,novel
1072,davideperdomo,0.01,2,novel
1073,trickyjuggler,0.01,2,novel
1074,jsalcinar,0.01,2,novel
1075,Anvido,0.01,2,novel
1076,federgolo,0.01,2,novel
1077,pahigueraf,0.01,2,novel
1078,mdecloedt,0.01,3,novel
1079,Jordan-Loeser,0.01,3,novel
1080,LukasMMarinovic,0.01,3,novel
1081,jmamaril25,0.01,3,novel
1082,noah-curran,0.01,3,novel
1083,bzin22,0.01,3,novel
1084,AkaGar,0.01,3,novel
1085,matson3,0.01,3,novel
1086,ecottle,0.01,3,novel
1087,littlex2015,0.01,3,novel
1088,nbraunec,0.01,3,novel
1089,hihms,0.01,3,novel
1090,zhao744,0.01,3,novel
1091,ko68,0.01,3,novel
1092,gshowal,0.01,3,novel
1093,Nigogu,0.01,3,novel
1094,daapinzonch,0.01,3,novel
1095,olimita,0.01,3,novel
1096,Joacampora,0.01,3,novel
1097,LauraMolina,0.01,3,novel
1098,evilcucaracha,0.01,3,novel
1099,JulianM96,0.01,3,novel
1100,cglaitong,0.01,3,novel
1101,alejosaur,0.01,3,novel
1102,garayf,0.01,3,novel
1103,sebcamacho1703,0.01,3,novel
1104,xFortich,0.01,3,novel
1105,davideperdomo,0.01,3,novel
1106,ayperezc,0.01,3,novel
1107,anferoar96,0.01,3,novel
1108,trickyjuggler,0.01,3,novel
1109,casc3798,0.01,3,novel
1110,jsalcinar,0.01,3,novel
1111,Anvido,0.01,3,novel
1112,federgolo,0.01,3,novel
1113,pahigueraf,0.01,3,novel
1114,mdecloedt,0.01,4,novel
1115,Jordan-Loeser,0.01,4,novel
1116,LukasMMarinovic,0.01,4,novel
1117,whipplem123,0.01,4,novel
1118,jmamaril25,0.01,4,novel
1119,viswapurdue,0.01,4,novel
1120,noah-curran,0.01,4,novel
1121,bzin22,0.01,4,novel
1122,AkaGar,0.01,4,novel
1123,matson3,0.01,4,novel
1124,ecottle,0.01,4,novel
1125,littlex2015,0.01,4,novel
1126,hihms,0.01,4,novel
1127,snugghash,0.01,4,novel
1128,zhao744,0.01,4,novel
1129,ko68,0.01,4,novel
1130,GeoffYart,0.01,4,novel
1131,gshowal,0.01,4,novel
1132,Nigogu,0.01,4,novel
1133,daapinzonch,0.01,4,novel
1134,Orloffyeah,0.01,4,novel
1135,DiegoAraque1207,0.01,4,novel
1136,olimita,0.01,4,novel
1137,Joacampora,0.01,4,novel
1138,LauraMolina,0.01,4,novel
1139,JulianM96,0.01,4,novel
1140,cglaitong,0.01,4,novel
1141,DaniCastel,0.01,4,novel
1142,alejosaur,0.01,4,novel
1143,garayf,0.01,4,novel
1144,sebcamacho1703,0.01,4,novel
1145,xFortich,0.01,4,novel
1146,davideperdomo,0.01,4,novel
1147,anferoar96,0.01,4,novel
1148,trickyjuggler,0.01,4,novel
1149,casc3798,0.01,4,novel
1150,jsalcinar,0.01,4,novel
1151,Anvido,0.01,4,novel
1152,Jufcardenasmo,0.01,4,novel
1153,federgolo,0.01,4,novel
1154,diefrodriguezcha,0.01,4,novel
1155,pahigueraf,0.01,4,novel
1156,AkaGar,0.01,1,complete
1157,AkaGar,0.01,1,complete
1158,CampbellC2,0.01,1,complete
1159,CampbellC2,0.01,1,complete
1160,GeoffYart,0.01,1,complete
1161,GeoffYart,0.01,1,complete
1162,Ilyumzhinov,0.01,1,complete
1163,Ilyumzhinov,0.01,1,complete
1164,Jordan-Loeser,0.01,1,complete
1165,Jordan-Loeser,0.01,1,complete
1166,LukasMMarinovic,0.01,1,complete
1167,LukasMMarinovic,0.01,1,complete
1168,RCODI,0.01,1,complete
1169,RCODI,0.01,1,complete
1170,SionHu,0.01,1,complete
1171,SionHu,0.01,1,complete
1172,aclipfel,0.01,1,complete
1173,aclipfel,0.01,1,complete
1174,bzin22,0.01,1,complete
1175,bzin22,0.01,1,complete
1176,ecottle,0.01,1,complete
1177,ecottle,0.01,1,complete
1178,gshowal,0.01,1,complete
1179,gshowal,0.01,1,complete
1180,hihms,0.01,1,complete
1181,hihms,0.01,1,complete
1182,jmamaril25,0.01,1,complete
1183,jmamaril25,0.01,1,complete
1184,jmhunter4711,0.01,1,complete
1185,jmhunter4711,0.01,1,complete
1186,ko68,0.01,1,complete
1187,ko68,0.01,1,complete
1188,laurarotger,0.01,1,complete
1189,laurarotger,0.01,1,complete
1190,laurenjank,0.01,1,complete
1191,laurenjank,0.01,1,complete
1192,lennwgs,0.01,1,complete
1193,lennwgs,0.01,1,complete
1194,littlex2015,0.01,1,complete
1195,littlex2015,0.01,1,complete
1196,matson3,0.01,1,complete
1197,matson3,0.01,1,complete
1198,mdecloedt,0.01,1,complete
1199,mdecloedt,0.01,1,complete
1200,nbraunec,0.01,1,complete
1201,nbraunec,0.01,1,complete
1202,noah-curran,0.01,1,complete
1203,noah-curran,0.01,1,complete
1204,sanjitsama,0.01,1,complete
1205,sanjitsama,0.01,1,complete
1206,shivans,0.01,1,complete
1207,shivans,0.01,1,complete
1208,snugghash,0.01,1,complete
1209,snugghash,0.01,1,complete
1210,viswapurdue,0.01,1,complete
1211,viswapurdue,0.01,1,complete
1212,whipplem123,0.01,1,complete
1213,whipplem123,0.01,1,complete
1214,zhao744,0.01,1,complete
1215,zhao744,0.01,1,complete
1216,AkaGar,0.01,2,complete
1217,AkaGar,0.01,2,complete
1218,CampbellC2,0.01,2,complete
1219,CampbellC2,0.01,2,complete
1220,GeoffYart,0.01,2,complete
1221,GeoffYart,0.01,2,complete
1222,Ilyumzhinov,0.01,2,complete
1223,Ilyumzhinov,0.01,2,complete
1224,Jordan-Loeser,0.01,2,complete
1225,Jordan-Loeser,0.01,2,complete
1226,LukasMMarinovic,0.01,2,complete
1227,LukasMMarinovic,0.01,2,complete
1228,RCODI,0.01,2,complete
1229,RCODI,0.01,2,complete
1230,SionHu,0.01,2,complete
1231,SionHu,0.01,2,complete
1232,aclipfel,0.01,2,complete
1233,aclipfel,0.01,2,complete
1234,bzin22,0.01,2,complete
1235,bzin22,0.01,2,complete
1236,ecottle,0.01,2,complete
1237,ecottle,0.01,2,complete
1238,gshowal,0.01,2,complete
1239,gshowal,0.01,2,complete
1240,hihms,0.01,2,complete
1241,hihms,0.01,2,complete
1242,jmamaril25,0.01,2,complete
1243,jmamaril25,0.01,2,complete
1244,jmhunter4711,0.01,2,complete
1245,jmhunter4711,0.01,2,complete
1246,ko68,0.01,2,complete
1247,ko68,0.01,2,complete
1248,laurarotger,0.01,2,complete
1249,laurarotger,0.01,2,complete
1250,laurenjank,0.01,2,complete
1251,laurenjank,0.01,2,complete
1252,lennwgs,0.01,2,complete
1253,lennwgs,0.01,2,complete
1254,littlex2015,0.01,2,complete
1255,littlex2015,0.01,2,complete
1256,matson3,0.01,2,complete
1257,matson3,0.01,2,complete
1258,mdecloedt,0.01,2,complete
1259,mdecloedt,0.01,2,complete
1260,nbraunec,0.01,2,complete
1261,nbraunec,0.01,2,complete
1262,noah-curran,0.01,2,complete
1263,noah-curran,0.01,2,complete
1264,sanjitsama,0.01,2,complete
1265,sanjitsama,0.01,2,complete
1266,shivans,0.01,2,complete
1267,shivans,0.01,2,complete
1268,snugghash,0.01,2,complete
1269,snugghash,0.01,2,complete
1270,viswapurdue,0.01,2,complete
1271,viswapurdue,0.01,2,complete
1272,whipplem123,0.01,2,complete
1273,whipplem123,0.01,2,complete
1274,zhao744,0.01,2,complete
1275,zhao744,0.01,2,complete
1276,CampbellC2,0.01,3,complete
1277,CampbellC2,0.01,3,complete
1278,GeoffYart,0.01,3,complete
1279,GeoffYart,0.01,3,complete
1280,Ilyumzhinov,0.01,3,complete
1281,Ilyumzhinov,0.01,3,complete
1282,Jordan-Loeser,0.01,3,complete
1283,Jordan-Loeser,0.01,3,complete
1284,LukasMMarinovic,0.01,3,complete
1285,LukasMMarinovic,0.01,3,complete
1286,RCODI,0.01,3,complete
1287,RCODI,0.01,3,complete
1288,SionHu,0.01,3,complete
1289,SionHu,0.01,3,complete
1290,aclipfel,0.01,3,complete
1291,aclipfel,0.01,3,complete
1292,bzin22,0.01,3,complete
1293,bzin22,0.01,3,complete
1294,ecottle,0.01,3,complete
1295,ecottle,0.01,3,complete
1296,gshowal,0.01,3,complete
1297,gshowal,0.01,3,complete
1298,hihms,0.01,3,complete
1299,hihms,0.01,3,complete
1300,jmamaril25,0.01,3,complete
1301,jmamaril25,0.01,3,complete
1302,jmhunter4711,0.01,3,complete
1303,jmhunter4711,0.01,3,complete
1304,ko68,0.01,3,complete
1305,ko68,0.01,3,complete
1306,laurarotger,0.01,3,complete
1307,laurarotger,0.01,3,complete
1308,laurenjank,0.01,3,complete
1309,laurenjank,0.01,3,complete
1310,lennwgs,0.01,3,complete
1311,lennwgs,0.01,3,complete
1312,littlex2015,0.01,3,complete
1313,littlex2015,0.01,3,complete
1314,matson3,0.01,3,complete
1315,matson3,0.01,3,complete
1316,mdecloedt,0.01,3,complete
1317,mdecloedt,0.01,3,complete
1318,nbraunec,0.01,3,complete
1319,nbraunec,0.01,3,complete
1320,noah-curran,0.01,3,complete
1321,noah-curran,0.01,3,complete
1322,sanjitsama,0.01,3,complete
1323,sanjitsama,0.01,3,complete
1324,shivans,0.01,3,complete
1325,shivans,0.01,3,complete
1326,snugghash,0.01,3,complete
1327,snugghash,0.01,3,complete
1328,viswapurdue,0.01,3,complete
1329,viswapurdue,0.01,3,complete
1330,whipplem123,0.01,3,complete
1331,whipplem123,0.01,3,complete
1332,zhao744,0.01,3,complete
1333,zhao744,0.01,3,complete
1334,CampbellC2,0.01,4,complete
1335,CampbellC2,0.01,4,complete
1336,Ilyumzhinov,0.01,4,complete
1337,Ilyumzhinov,0.01,4,complete
1338,Jordan-Loeser,0.01,4,complete
1339,Jordan-Loeser,0.01,4,complete
1340,LukasMMarinovic,0.01,4,complete
1341,LukasMMarinovic,0.01,4,complete
1342,RCODI,0.01,4,complete
1343,RCODI,0.01,4,complete
1344,SionHu,0.01,4,complete
1345,SionHu,0.01,4,complete
1346,bzin22,0.01,4,complete
1347,bzin22,0.01,4,complete
1348,ecottle,0.01,4,complete
1349,ecottle,0.01,4,complete
1350,hihms,0.01,4,complete
1351,hihms,0.01,4,complete
1352,jmamaril25,0.01,4,complete
1353,jmamaril25,0.01,4,complete
1354,laurarotger,0.01,4,complete
1355,laurarotger,0.01,4,complete
1356,laurenjank,0.01,4,complete
1357,laurenjank,0.01,4,complete
1358,lennwgs,0.01,4,complete
1359,lennwgs,0.01,4,complete
1360,littlex2015,0.01,4,complete
1361,littlex2015,0.01,4,complete
1362,matson3,0.01,4,complete
1363,matson3,0.01,4,complete
1364,mdecloedt,0.01,4,complete
1365,mdecloedt,0.01,4,complete
1366,nbraunec,0.01,4,complete
1367,nbraunec,0.01,4,complete
1368,noah-curran,0.01,4,complete
1369,noah-curran,0.01,4,complete
1370,sanjitsama,0.01,4,complete
1371,sanjitsama,0.01,4,complete
1372,shivans,0.01,4,complete
1373,shivans,0.01,4,complete
1374,snugghash,0.01,4,complete
1375,snugghash,0.01,4,complete
1376,viswapurdue,0.01,4,complete
1377,viswapurdue,0.01,4,complete
1378,whipplem123,0.01,4,complete
1379,whipplem123,0.01,4,complete
1380,Acreed21,0.01,1,complete
1381,Camiioo,0.01,1,complete
1382,FredyRosero,0.01,1,complete
1383,JamerMejiaGarcia,0.01,1,complete
1384,Jfcastroh,0.01,1,complete
1385,LauraMolina,0.01,1,complete
1386,RafaelCruz15,0.01,1,complete
1387,adcorredorm,0.01,1,complete
1388,alebautis,0.01,1,complete
1389,ayperezc,0.01,1,complete
1390,bfprietoc,0.01,1,complete
1391,biherrerap,0.01,1,complete
1392,dahrojasca,0.01,1,complete
1393,davideperdomo,0.01,1,complete
1394,frnkbs,0.01,1,complete
1395,gahormigag,0.01,1,complete
1396,ironhacktech2,0.01,1,complete
1397,jannMorenoJ,0.01,1,complete
1398,jdgaitanf,0.01,1,complete
1399,nikolasto,0.01,1,complete
1400,pahigueraf,0.01,1,complete
1401,sarguellesr,0.01,1,complete
1402,uxjudges1,0.01,1,complete
1403,uxjudges,0.01,1,complete
1404,vvargasd,0.01,1,complete
1405,Acreed21,0.01,2,complete
1406,Camiioo,0.01,2,complete
1407,FredyRosero,0.01,2,complete
1408,JamerMejiaGarcia,0.01,2,complete
1409,Jfcastroh,0.01,2,complete
1410,LauraMolina,0.01,2,complete
1411,RafaelCruz15,0.01,2,complete
1412,adcorredorm,0.01,2,complete
1413,alebautis,0.01,2,complete
1414,ayperezc,0.01,2,complete
1415,bfprietoc,0.01,2,complete
1416,biherrerap,0.01,2,complete
1417,dahrojasca,0.01,2,complete
1418,davideperdomo,0.01,2,complete
1419,frnkbs,0.01,2,complete
1420,gahormigag,0.01,2,complete
1421,gimg1859,0.01,2,complete
1422,ironhacktech2,0.01,2,complete
1423,jannMorenoJ,0.01,2,complete
1424,jdgaitanf,0.01,2,complete
1425,nikolasto,0.01,2,complete
1426,pahigueraf,0.01,2,complete
1427,sarguellesr,0.01,2,complete
1428,uxjudges1,0.01,2,complete
1429,uxjudges,0.01,2,complete
1430,vvargasd,0.01,2,complete
1431,Acreed21,0.01,3,complete
1432,Camiioo,0.01,3,complete
1433,FredyRosero,0.01,3,complete
1434,JamerMejiaGarcia,0.01,3,complete
1435,Jfcastroh,0.01,3,complete
1436,LauraMolina,0.01,3,complete
1437,RafaelCruz15,0.01,3,complete
1438,adcorredorm,0.01,3,complete
1439,alebautis,0.01,3,complete
1440,ayperezc,0.01,3,complete
1441,bfprietoc,0.01,3,complete
1442,biherrerap,0.01,3,complete
1443,dahrojasca,0.01,3,complete
1444,davideperdomo,0.01,3,complete
1445,frnkbs,0.01,3,complete
1446,gahormigag,0.01,3,complete
1447,gimg1859,0.01,3,complete
1448,ironhacktech2,0.01,3,complete
1449,jannMorenoJ,0.01,3,complete
1450,jdgaitanf,0.01,3,complete
1451,nikolasto,0.01,3,complete
1452,pahigueraf,0.01,3,complete
1453,sarguellesr,0.01,3,complete
1454,uxjudges1,0.01,3,complete
1455,uxjudges,0.01,3,complete
1456,vvargasd,0.01,3,complete
1457,Acreed21,0.01,4,complete
1458,Camiioo,0.01,4,complete
1459,FredyRosero,0.01,4,complete
1460,JamerMejiaGarcia,0.01,4,complete
1461,Jfcastroh,0.01,4,complete
1462,LauraMolina,0.01,4,complete
1463,RafaelCruz15,0.01,4,complete
1464,adcorredorm,0.01,4,complete
1465,alebautis,0.01,4,complete
1466,ayperezc,0.01,4,complete
1467,bfprietoc,0.01,4,complete
1468,biherrerap,0.01,4,complete
1469,dahrojasca,0.01,4,complete
1470,davideperdomo,0.01,4,complete
1471,frnkbs,0.01,4,complete
1472,gahormigag,0.01,4,complete
1473,gimg1859,0.01,4,complete
1474,ironhacktech2,0.01,4,complete
1475,jannMorenoJ,0.01,4,complete
1476,jdgaitanf,0.01,4,complete
1477,nikolasto,0.01,4,complete
1478,pahigueraf,0.01,4,complete
1479,sarguellesr,0.01,4,complete
1480,uxjudges1,0.01,4,complete
1481,uxjudges,0.01,4,complete
1482,vvargasd,0.01,4,complete
1483,Alekzu,0.01,1,complete
1484,Anvido,0.01,1,complete
1485,Biopeligro,0.01,1,complete
1486,Caadiazsi,0.01,1,complete
1487,DavidsMartinez,0.01,1,complete
1488,DiegoAraque1207,0.01,1,complete
1489,GabrielUnal,0.01,1,complete
1490,Gavnic,0.01,1,complete
1491,Gusgal03,0.01,1,complete
1492,Joacampora,0.01,1,complete
1493,Juankmilo97,0.01,1,complete
1494,Jufcardenasmo,0.01,1,complete
1495,Ozai98,0.01,1,complete
1496,Sariilan,0.01,1,complete
1497,bsdiaza,0.01,1,complete
1498,casc3798,0.01,1,complete
1499,diefrodriguezcha,0.01,1,complete
1500,facuellarg,0.01,1,complete
1501,federgolo,0.01,1,complete
1502,garayf,0.01,1,complete
1503,jaleonro,0.01,1,complete
1504,jsalcinar,0.01,1,complete
1505,jssanchezo,0.01,1,complete
1506,nviverosb,0.01,1,complete
1507,olimita,0.01,1,complete
1508,sebcamacho1703,0.01,1,complete
1509,serbatero,0.01,1,complete
1510,xFortich,0.01,1,complete
1511,yaochoal,0.01,1,complete
1512,Alekzu,0.01,2,complete
1513,Anvido,0.01,2,complete
1514,Biopeligro,0.01,2,complete
1515,Caadiazsi,0.01,2,complete
1516,DavidsMartinez,0.01,2,complete
1517,DiegoAraque1207,0.01,2,complete
1518,GabrielUnal,0.01,2,complete
1519,Gavnic,0.01,2,complete
1520,Gusgal03,0.01,2,complete
1521,Joacampora,0.01,2,complete
1522,Juankmilo97,0.01,2,complete
1523,Jufcardenasmo,0.01,2,complete
1524,Ozai98,0.01,2,complete
1525,Sariilan,0.01,2,complete
1526,bsdiaza,0.01,2,complete
1527,casc3798,0.01,2,complete
1528,diefrodriguezcha,0.01,2,complete
1529,facuellarg,0.01,2,complete
1530,federgolo,0.01,2,complete
1531,garayf,0.01,2,complete
1532,jaleonro,0.01,2,complete
1533,jsalcinar,0.01,2,complete
1534,jssanchezo,0.01,2,complete
1535,nviverosb,0.01,2,complete
1536,olimita,0.01,2,complete
1537,sebcamacho1703,0.01,2,complete
1538,serbatero,0.01,2,complete
1539,xFortich,0.01,2,complete
1540,yaochoal,0.01,2,complete
1541,Alekzu,0.01,3,complete
1542,Anvido,0.01,3,complete
1543,Biopeligro,0.01,3,complete
1544,Caadiazsi,0.01,3,complete
1545,DavidsMartinez,0.01,3,complete
1546,DiegoAraque1207,0.01,3,complete
1547,GabrielUnal,0.01,3,complete
1548,Gavnic,0.01,3,complete
1549,Gusgal03,0.01,3,complete
1550,Joacampora,0.01,3,complete
1551,Juankmilo97,0.01,3,complete
1552,Jufcardenasmo,0.01,3,complete
1553,Ozai98,0.01,3,complete
1554,Sariilan,0.01,3,complete
1555,bsdiaza,0.01,3,complete
1556,casc3798,0.01,3,complete
1557,diefrodriguezcha,0.01,3,complete
1558,facuellarg,0.01,3,complete
1559,federgolo,0.01,3,complete
1560,garayf,0.01,3,complete
1561,jaleonro,0.01,3,complete
1562,jsalcinar,0.01,3,complete
1563,jssanchezo,0.01,3,complete
1564,nviverosb,0.01,3,complete
1565,olimita,0.01,3,complete
1566,sebcamacho1703,0.01,3,complete
1567,serbatero,0.01,3,complete
1568,xFortich,0.01,3,complete
1569,yaochoal,0.01,3,complete
1570,Alekzu,0.01,4,complete
1571,Anvido,0.01,4,complete
1572,Biopeligro,0.01,4,complete
1573,Caadiazsi,0.01,4,complete
1574,DavidsMartinez,0.01,4,complete
1575,DiegoAraque1207,0.01,4,complete
1576,GabrielUnal,0.01,4,complete
1577,Gavnic,0.01,4,complete
1578,Gusgal03,0.01,4,complete
1579,Joacampora,0.01,4,complete
1580,Juankmilo97,0.01,4,complete
1581,Jufcardenasmo,0.01,4,complete
1582,Ozai98,0.01,4,complete
1583,Sariilan,0.01,4,complete
1584,bsdiaza,0.01,4,complete
1585,casc3798,0.01,4,complete
1586,diefrodriguezcha,0.01,4,complete
1587,facuellarg,0.01,4,complete
1588,federgolo,0.01,4,complete
1589,garayf,0.01,4,complete
1590,jaleonro,0.01,4,complete
1591,jsalcinar,0.01,4,complete
1592,jssanchezo,0.01,4,complete
1593,nviverosb,0.01,4,complete
1594,olimita,0.01,4,complete
1595,sebcamacho1703,0.01,4,complete
1596,serbatero,0.01,4,complete
1597,xFortich,0.01,4,complete
1598,yaochoal,0.01,4,complete
1599,BrandonAvilanR,0.01,1,complete
1600,DaniCastel,0.01,1,complete
1601,DaveValencia,0.01,1,complete
1602,Orloffyeah,0.01,1,complete
1603,alejosaur,0.01,1,complete
1604,anythinglord,0.01,1,complete
1605,buendiagon,0.01,1,complete
1606,cglaitong,0.01,1,complete
1607,criscapunal,0.01,1,complete
1608,csalfonsol,0.01,1,complete
1609,dieguischa,0.01,1,complete
1610,jaasuarezvi,0.01,1,complete
1611,tres-xxx,0.01,1,complete
1612,BrandonAvilanR,0.01,2,complete
1613,DaniCastel,0.01,2,complete
1614,DaveValencia,0.01,2,complete
1615,Orloffyeah,0.01,2,complete
1616,alejosaur,0.01,2,complete
1617,anythinglord,0.01,2,complete
1618,buendiagon,0.01,2,complete
1619,cglaitong,0.01,2,complete
1620,criscapunal,0.01,2,complete
1621,csalfonsol,0.01,2,complete
1622,dieguischa,0.01,2,complete
1623,jaasuarezvi,0.01,2,complete
1624,tres-xxx,0.01,2,complete
1625,BrandonAvilanR,0.01,3,complete
1626,DSFarfanF,0.01,3,complete
1627,DaniCastel,0.01,3,complete
1628,DaveValencia,0.01,3,complete
1629,JorgeTorresC,0.01,3,complete
1630,Orloffyeah,0.01,3,complete
1631,Saariasba,0.01,3,complete
1632,SergioLopez40,0.01,3,complete
1633,alejosaur,0.01,3,complete
1634,anythinglord,0.01,3,complete
1635,buendiagon,0.01,3,complete
1636,cglaitong,0.01,3,complete
1637,criscapunal,0.01,3,complete
1638,csalfonsol,0.01,3,complete
1639,daapinzonch,0.01,3,complete
1640,dcastanedar,0.01,3,complete
1641,dieguischa,0.01,3,complete
1642,jaasuarezvi,0.01,3,complete
1643,jdsolanos,0.01,3,complete
1644,tres-xxx,0.01,3,complete
1645,trickyjuggler,0.01,3,complete
1646,BrandonAvilanR,0.01,4,complete
1647,DSFarfanF,0.01,4,complete
1648,DaniCastel,0.01,4,complete
1649,DaveValencia,0.01,4,complete
1650,JorgeTorresC,0.01,4,complete
1651,Orloffyeah,0.01,4,complete
1652,Saariasba,0.01,4,complete
1653,SergioLopez40,0.01,4,complete
1654,alejosaur,0.01,4,complete
1655,anythinglord,0.01,4,complete
1656,buendiagon,0.01,4,complete
1657,cglaitong,0.01,4,complete
1658,criscapunal,0.01,4,complete
1659,csalfonsol,0.01,4,complete
1660,daapinzonch,0.01,4,complete
1661,dcastanedar,0.01,4,complete
1662,dieguischa,0.01,4,complete
1663,jaasuarezvi,0.01,4,complete
1664,jdsolanos,0.01,4,complete
1665,tres-xxx,0.01,4,complete
1666,trickyjuggler,0.01,4,complete
1667,mdecloedt,0.99,1,data
1668,Jordan-Loeser,0.99,1,data
1669,LukasMMarinovic,0.01,1,data
1670,whipplem123,0.01,1,data
1671,SionHu,0.01,1,data
1672,jmamaril25,0.5897435897435898,1,data
1673,lennwgs,0.01,1,data
1674,viswapurdue,0.01,1,data
1675,CampbellC2,0.01,1,data
1676,noah-curran,0.99,1,data
1677,laurenjank,0.01,1,data
1678,bzin22,0.01,1,data
1679,AkaGar,0.01,1,data
1680,matson3,0.99,1,data
1681,ecottle,0.01,1,data
1682,littlex2015,0.99,1,data
1683,shivans,0.01,1,data
1684,nbraunec,0.01,1,data
1685,sanjitsama,0.01,1,data
1686,Ilyumzhinov,0.01,1,data
1687,hihms,0.01,1,data
1688,snugghash,0.01,1,data
1689,zhao744,0.99,1,data
1690,aclipfel,0.01,1,data
1691,ko68,0.4074074074074074,1,data
1692,GeoffYart,0.01,1,data
1693,jmhunter4711,0.01,1,data
1694,Nigogu,0.5925925925925926,1,data
1695,Daryhez,0.01,1,data
1696,daapinzonch,0.01,1,data
1697,fewilchesc,0.01,1,data
1698,JorgeTorresC,0.01,1,data
1699,anythinglord,0.99,1,data
1700,criscapunal,0.01,1,data
1701,dieguischa,0.01,1,data
1702,Orloffyeah,0.99,1,data
1703,SergioLopez40,0.01,1,data
1704,DiegoAraque1207,0.01,1,data
1705,olimita,0.99,1,data
1706,yaochoal,0.01,1,data
1707,Gavnic,0.01,1,data
1708,Joacampora,0.01,1,data
1709,Ozai98,0.01,1,data
1710,nviverosb,0.99,1,data
1711,Sariilan,0.01,1,data
1712,Alekzu,0.01,1,data
1713,vvargasd,0.01,1,data
1714,biherrerap,0.01,1,data
1715,bfprietoc,0.01,1,data
1716,LauraMolina,0.99,1,data
1717,Acreed21,0.01,1,data
1718,Camiioo,0.01,1,data
1719,frnkbs,0.01,1,data
1720,Jfcastroh,0.01,1,data
1721,evilcucaracha,0.01,1,data
1722,JulianM96,0.01,1,data
1723,Saariasba,0.01,1,data
1724,tres-iqus,0.01,1,data
1725,cglaitong,0.99,1,data
1726,DaniCastel,0.01,1,data
1727,BrandonAvilanR,0.99,1,data
1728,alejosaur,0.5,1,data
1729,jaasuarezvi,0.01,1,data
1730,jdsolanos,0.01,1,data
1731,DavidsMartinez,0.01,1,data
1732,Biopeligro,0.01,1,data
1733,garayf,0.99,1,data
1734,jaleonro,0.01,1,data
1735,facuellarg,0.01,1,data
1736,Caadiazsi,0.01,1,data
1737,sebcamacho1703,0.01,1,data
1738,xFortich,0.99,1,data
1739,Gusgal03,0.01,1,data
1740,Juankmilo97,0.01,1,data
1741,alebautis,0.01,1,data
1742,sarguellesr,0.01,1,data
1743,davideperdomo,0.99,1,data
1744,JamerMejiaGarcia,0.01,1,data
1745,nikolasto,0.01,1,data
1746,gahormigag,0.01,1,data
1747,ayperezc,0.01,1,data
1748,anferoar96,0.01,1,data
1749,StevenEsmar,0.01,1,data
1750,dcastanedar,0.01,1,data
1751,trickyjuggler,0.99,1,data
1752,DaveValencia,0.01,1,data
1753,csalfonsol,0.01,1,data
1754,tres-xxx,0.01,1,data
1755,buendiagon,0.01,1,data
1756,DSFarfanF,0.01,1,data
1757,jssanchezo,0.01,1,data
1758,bsdiaza,0.01,1,data
1759,casc3798,0.01,1,data
1760,jsalcinar,0.99,1,data
1761,Anvido,0.99,1,data
1762,Jufcardenasmo,0.01,1,data
1763,federgolo,0.99,1,data
1764,serbatero,0.01,1,data
1765,GabrielUnal,0.01,1,data
1766,diefrodriguezcha,0.01,1,data
1767,adcorredorm,0.99,1,data
1768,jdgaitanf,0.01,1,data
1769,pahigueraf,0.01,1,data
1770,RafaelCruz15,0.01,1,data
1771,gimg1859,0.01,1,data
1772,jannMorenoJ,0.99,1,data
1773,dahrojasca,0.01,1,data
1774,FredyRosero,0.01,1,data
1775,mdecloedt,0.01,2,data
1776,Jordan-Loeser,0.1290322580645161,2,data
1777,LukasMMarinovic,0.99,2,data
1778,whipplem123,0.01,2,data
1779,SionHu,0.01,2,data
1780,jmamaril25,0.0256410256410256,2,data
1781,lennwgs,0.01,2,data
1782,viswapurdue,0.01,2,data
1783,CampbellC2,0.01,2,data
1784,noah-curran,0.01,2,data
1785,laurenjank,0.01,2,data
1786,bzin22,0.99,2,data
1787,AkaGar,0.99,2,data
1788,matson3,0.01,2,data
1789,ecottle,0.99,2,data
1790,littlex2015,0.01,2,data
1791,shivans,0.01,2,data
1792,nbraunec,0.99,2,data
1793,sanjitsama,0.01,2,data
1794,Ilyumzhinov,0.01,2,data
1795,hihms,0.01,2,data
1796,snugghash,0.01,2,data
1797,zhao744,0.01,2,data
1798,aclipfel,0.01,2,data
1799,ko68,0.4285714285714286,2,data
1800,GeoffYart,0.01,2,data
1801,Nigogu,0.01,2,data
1802,Daryhez,0.01,2,data
1803,daapinzonch,0.99,2,data
1804,fewilchesc,0.01,2,data
1805,JorgeTorresC,0.01,2,data
1806,anythinglord,0.99,2,data
1807,criscapunal,0.99,2,data
1808,dieguischa,0.99,2,data
1809,Orloffyeah,0.99,2,data
1810,SergioLopez40,0.01,2,data
1811,DiegoAraque1207,0.01,2,data
1812,olimita,0.3199999999999999,2,data
1813,yaochoal,0.01,2,data
1814,Gavnic,0.01,2,data
1815,Joacampora,0.99,2,data
1816,Ozai98,0.01,2,data
1817,nviverosb,0.99,2,data
1818,Sariilan,0.01,2,data
1819,Alekzu,0.01,2,data
1820,vvargasd,0.01,2,data
1821,biherrerap,0.01,2,data
1822,bfprietoc,0.01,2,data
1823,LauraMolina,0.01,2,data
1824,Acreed21,0.01,2,data
1825,Camiioo,0.01,2,data
1826,frnkbs,0.01,2,data
1827,Jfcastroh,0.01,2,data
1828,evilcucaracha,0.99,2,data
1829,JulianM96,0.99,2,data
1830,Saariasba,0.01,2,data
1831,tres-iqus,0.01,2,data
1832,cglaitong,0.01,2,data
1833,DaniCastel,0.01,2,data
1834,BrandonAvilanR,0.4186046511627906,2,data
1835,alejosaur,0.0714285714285714,2,data
1836,jaasuarezvi,0.01,2,data
1837,jdsolanos,0.01,2,data
1838,DavidsMartinez,0.01,2,data
1839,Biopeligro,0.01,2,data
1840,garayf,0.1904761904761904,2,data
1841,jaleonro,0.01,2,data
1842,facuellarg,0.01,2,data
1843,Caadiazsi,0.01,2,data
1844,sebcamacho1703,0.99,2,data
1845,xFortich,0.2903225806451612,2,data
1846,Gusgal03,0.01,2,data
1847,Juankmilo97,0.01,2,data
1848,alebautis,0.01,2,data
1849,sarguellesr,0.01,2,data
1850,davideperdomo,0.3947368421052631,2,data
1851,JamerMejiaGarcia,0.01,2,data
1852,nikolasto,0.01,2,data
1853,gahormigag,0.01,2,data
1854,ayperezc,0.99,2,data
1855,anferoar96,0.99,2,data
1856,StevenEsmar,0.01,2,data
1857,dcastanedar,0.01,2,data
1858,trickyjuggler,0.0999999999999999,2,data
1859,DaveValencia,0.01,2,data
1860,csalfonsol,0.01,2,data
1861,tres-xxx,0.01,2,data
1862,buendiagon,0.01,2,data
1863,DSFarfanF,0.01,2,data
1864,jssanchezo,0.01,2,data
1865,bsdiaza,0.01,2,data
1866,casc3798,0.99,2,data
1867,jsalcinar,0.5428571428571429,2,data
1868,Anvido,0.01,2,data
1869,Jufcardenasmo,0.01,2,data
1870,federgolo,0.3461538461538461,2,data
1871,serbatero,0.01,2,data
1872,GabrielUnal,0.01,2,data
1873,diefrodriguezcha,0.01,2,data
1874,adcorredorm,0.99,2,data
1875,jdgaitanf,0.99,2,data
1876,pahigueraf,0.2068965517241379,2,data
1877,RafaelCruz15,0.01,2,data
1878,gimg1859,0.01,2,data
1879,jannMorenoJ,0.99,2,data
1880,dahrojasca,0.01,2,data
1881,FredyRosero,0.01,2,data
1882,mdecloedt,0.01,3,data
1883,Jordan-Loeser,0.01,3,data
1884,LukasMMarinovic,0.01,3,data
1885,whipplem123,0.99,3,data
1886,SionHu,0.01,3,data
1887,jmamaril25,0.0512820512820513,3,data
1888,lennwgs,0.01,3,data
1889,viswapurdue,0.99,3,data
1890,CampbellC2,0.01,3,data
1891,noah-curran,0.3333333333333333,3,data
1892,laurenjank,0.01,3,data
1893,bzin22,0.2558139534883721,3,data
1894,AkaGar,0.01,3,data
1895,matson3,0.01,3,data
1896,ecottle,0.01,3,data
1897,littlex2015,0.4074074074074074,3,data
1898,shivans,0.01,3,data
1899,nbraunec,0.2058823529411765,3,data
1900,sanjitsama,0.01,3,data
1901,Ilyumzhinov,0.01,3,data
1902,hihms,0.01,3,data
1903,snugghash,0.99,3,data
1904,zhao744,0.01,3,data
1905,aclipfel,0.01,3,data
1906,ko68,0.01,3,data
1907,GeoffYart,0.99,3,data
1908,gshowal,0.01,3,data
1909,Nigogu,0.6341463414634146,3,data
1910,Daryhez,0.01,3,data
1911,daapinzonch,0.2903225806451612,3,data
1912,fewilchesc,0.01,3,data
1913,JorgeTorresC,0.01,3,data
1914,anythinglord,0.01,3,data
1915,criscapunal,0.99,3,data
1916,dieguischa,0.99,3,data
1917,Orloffyeah,0.99,3,data
1918,SergioLopez40,0.01,3,data
1919,DiegoAraque1207,0.99,3,data
1920,olimita,0.1071428571428571,3,data
1921,yaochoal,0.01,3,data
1922,Gavnic,0.01,3,data
1923,Joacampora,0.1142857142857143,3,data
1924,Ozai98,0.01,3,data
1925,nviverosb,0.99,3,data
1926,Sariilan,0.01,3,data
1927,Alekzu,0.01,3,data
1928,vvargasd,0.01,3,data
1929,biherrerap,0.01,3,data
1930,bfprietoc,0.01,3,data
1931,LauraMolina,0.01,3,data
1932,Acreed21,0.01,3,data
1933,Camiioo,0.01,3,data
1934,frnkbs,0.01,3,data
1935,Jfcastroh,0.01,3,data
1936,evilcucaracha,0.01,3,data
1937,JulianM96,0.01,3,data
1938,Saariasba,0.01,3,data
1939,tres-iqus,0.01,3,data
1940,cglaitong,0.0714285714285714,3,data
1941,DaniCastel,0.99,3,data
1942,BrandonAvilanR,0.99,3,data
1943,alejosaur,0.01,3,data
1944,jaasuarezvi,0.01,3,data
1945,jdsolanos,0.01,3,data
1946,DavidsMartinez,0.01,3,data
1947,Biopeligro,0.01,3,data
1948,garayf,0.01,3,data
1949,jaleonro,0.01,3,data
1950,facuellarg,0.01,3,data
1951,Caadiazsi,0.01,3,data
1952,sebcamacho1703,0.01,3,data
1953,xFortich,0.01,3,data
1954,Gusgal03,0.01,3,data
1955,Juankmilo97,0.01,3,data
1956,alebautis,0.01,3,data
1957,sarguellesr,0.01,3,data
1958,davideperdomo,0.1627906976744185,3,data
1959,JamerMejiaGarcia,0.01,3,data
1960,nikolasto,0.01,3,data
1961,gahormigag,0.01,3,data
1962,ayperezc,0.4516129032258065,3,data
1963,anferoar96,0.01,3,data
1964,StevenEsmar,0.01,3,data
1965,dcastanedar,0.01,3,data
1966,trickyjuggler,0.15625,3,data
1967,DaveValencia,0.01,3,data
1968,csalfonsol,0.01,3,data
1969,tres-xxx,0.01,3,data
1970,buendiagon,0.01,3,data
1971,DSFarfanF,0.01,3,data
1972,jssanchezo,0.01,3,data
1973,bsdiaza,0.01,3,data
1974,casc3798,0.01,3,data
1975,jsalcinar,0.01,3,data
1976,Anvido,0.0789473684210526,3,data
1977,Jufcardenasmo,0.99,3,data
1978,federgolo,0.2352941176470588,3,data
1979,serbatero,0.01,3,data
1980,GabrielUnal,0.01,3,data
1981,diefrodriguezcha,0.99,3,data
1982,adcorredorm,0.01,3,data
1983,jdgaitanf,0.99,3,data
1984,pahigueraf,0.1944444444444444,3,data
1985,RafaelCruz15,0.01,3,data
1986,gimg1859,0.01,3,data
1987,jannMorenoJ,0.01,3,data
1988,dahrojasca,0.01,3,data
1989,FredyRosero,0.01,3,data
1990,mdecloedt,0.01,4,data
1991,Jordan-Loeser,0.01,4,data
1992,LukasMMarinovic,0.01,4,data
1993,whipplem123,0.01,4,data
1994,SionHu,0.01,4,data
1995,jmamaril25,0.2558139534883721,4,data
1996,lennwgs,0.01,4,data
1997,viswapurdue,0.01,4,data
1998,CampbellC2,0.99,4,data
1999,noah-curran,0.01,4,data
2000,laurenjank,0.01,4,data
2001,bzin22,0.01,4,data
2002,AkaGar,0.1489361702127659,4,data
2003,matson3,0.01,4,data
2004,ecottle,0.01,4,data
2005,littlex2015,0.01,4,data
2006,shivans,0.01,4,data
2007,nbraunec,0.99,4,data
2008,sanjitsama,0.99,4,data
2009,Ilyumzhinov,0.01,4,data
2010,hihms,0.01,4,data
2011,snugghash,0.3076923076923077,4,data
2012,zhao744,0.01,4,data
2013,aclipfel,0.01,4,data
2014,ko68,0.1428571428571429,4,data
2015,GeoffYart,0.01,4,data
2016,gshowal,0.01,4,data
2017,Nigogu,0.2272727272727273,4,data
2018,Daryhez,0.01,4,data
2019,daapinzonch,0.0645161290322581,4,data
2020,fewilchesc,0.01,4,data
2021,JorgeTorresC,0.99,4,data
2022,anythinglord,0.01,4,data
2023,criscapunal,0.99,4,data
2024,dieguischa,0.01,4,data
2025,Orloffyeah,0.7333333333333334,4,data
2026,SergioLopez40,0.01,4,data
2027,DiegoAraque1207,0.01,4,data
2028,olimita,0.1999999999999999,4,data
2029,yaochoal,0.01,4,data
2030,Gavnic,0.01,4,data
2031,Joacampora,0.01,4,data
2032,Ozai98,0.01,4,data
2033,nviverosb,0.99,4,data
2034,Sariilan,0.01,4,data
2035,Alekzu,0.99,4,data
2036,vvargasd,0.01,4,data
2037,biherrerap,0.99,4,data
2038,bfprietoc,0.01,4,data
2039,LauraMolina,0.01,4,data
2040,Acreed21,0.01,4,data
2041,Camiioo,0.01,4,data
2042,frnkbs,0.99,4,data
2043,Jfcastroh,0.01,4,data
2044,evilcucaracha,0.99,4,data
2045,JulianM96,0.01,4,data
2046,Saariasba,0.01,4,data
2047,tres-iqus,0.01,4,data
2048,cglaitong,0.01,4,data
2049,DaniCastel,0.4516129032258065,4,data
2050,BrandonAvilanR,0.01,4,data
2051,alejosaur,0.01,4,data
2052,jaasuarezvi,0.01,4,data
2053,jdsolanos,0.99,4,data
2054,DavidsMartinez,0.01,4,data
2055,Biopeligro,0.01,4,data
2056,garayf,0.2222222222222222,4,data
2057,jaleonro,0.01,4,data
2058,facuellarg,0.01,4,data
2059,Caadiazsi,0.01,4,data
2060,sebcamacho1703,0.4615384615384615,4,data
2061,xFortich,0.01,4,data
2062,Gusgal03,0.01,4,data
2063,Juankmilo97,0.99,4,data
2064,alebautis,0.01,4,data
2065,sarguellesr,0.01,4,data
2066,davideperdomo,0.01,4,data
2067,JamerMejiaGarcia,0.01,4,data
2068,nikolasto,0.01,4,data
2069,gahormigag,0.01,4,data
2070,ayperezc,0.99,4,data
2071,anferoar96,0.01,4,data
2072,StevenEsmar,0.01,4,data
2073,dcastanedar,0.01,4,data
2074,trickyjuggler,0.01,4,data
2075,DaveValencia,0.01,4,data
2076,csalfonsol,0.01,4,data
2077,tres-xxx,0.01,4,data
2078,buendiagon,0.01,4,data
2079,DSFarfanF,0.01,4,data
2080,jssanchezo,0.01,4,data
2081,bsdiaza,0.01,4,data
2082,casc3798,0.5952380952380952,4,data
2083,jsalcinar,0.01,4,data
2084,Anvido,0.01,4,data
2085,Jufcardenasmo,0.01,4,data
2086,federgolo,0.175,4,data
2087,serbatero,0.01,4,data
2088,GabrielUnal,0.01,4,data
2089,diefrodriguezcha,0.01,4,data
2090,adcorredorm,0.99,4,data
2091,jdgaitanf,0.01,4,data
2092,pahigueraf,0.0769230769230768,4,data
2093,RafaelCruz15,0.01,4,data
2094,gimg1859,0.01,4,data
2095,jannMorenoJ,0.01,4,data
2096,dahrojasca,0.01,4,data
2097,FredyRosero,0.99,4,data
2098,jmamaril25,0.99,1,novel
2099,hihms,0.01,1,novel
2100,ko68,0.99,1,novel
2101,Nigogu,0.99,1,novel
2102,alejosaur,0.99,1,novel
2103,pahigueraf,0.99,1,novel
2104,mdecloedt,0.01,2,novel
2105,Jordan-Loeser,0.6666666666666667,2,novel
2106,jmamaril25,0.4444444444444444,2,novel
2107,noah-curran,0.01,2,novel
2108,matson3,0.01,2,novel
2109,littlex2015,0.01,2,novel
2110,hihms,0.01,2,novel
2111,zhao744,0.01,2,novel
2112,ko68,0.99,2,novel
2113,Nigogu,0.01,2,novel
2114,olimita,0.99,2,novel
2115,LauraMolina,0.01,2,novel
2116,cglaitong,0.4285714285714286,2,novel
2117,BrandonAvilanR,0.8333333333333334,2,novel
2118,alejosaur,0.1999999999999999,2,novel
2119,garayf,0.99,2,novel
2120,xFortich,0.99,2,novel
2121,davideperdomo,0.75,2,novel
2122,trickyjuggler,0.75,2,novel
2123,jsalcinar,0.99,2,novel
2124,Anvido,0.01,2,novel
2125,federgolo,0.99,2,novel
2126,pahigueraf,0.8333333333333334,2,novel
2127,mdecloedt,0.99,3,novel
2128,Jordan-Loeser,0.99,3,novel
2129,LukasMMarinovic,0.01,3,novel
2130,jmamaril25,0.7272727272727273,3,novel
2131,noah-curran,0.99,3,novel
2132,bzin22,0.8,3,novel
2133,AkaGar,0.01,3,novel
2134,matson3,0.01,3,novel
2135,ecottle,0.01,3,novel
2136,littlex2015,0.99,3,novel
2137,nbraunec,0.8,3,novel
2138,hihms,0.01,3,novel
2139,zhao744,0.01,3,novel
2140,ko68,0.6,3,novel
2141,gshowal,0.01,3,novel
2142,Nigogu,0.99,3,novel
2143,daapinzonch,0.99,3,novel
2144,olimita,0.99,3,novel
2145,Joacampora,0.8,3,novel
2146,LauraMolina,0.01,3,novel
2147,evilcucaracha,0.01,3,novel
2148,JulianM96,0.01,3,novel
2149,cglaitong,0.1666666666666666,3,novel
2150,alejosaur,0.4285714285714286,3,novel
2151,garayf,0.01,3,novel
2152,sebcamacho1703,0.99,3,novel
2153,xFortich,0.6666666666666667,3,novel
2154,davideperdomo,0.75,3,novel
2155,ayperezc,0.99,3,novel
2156,anferoar96,0.01,3,novel
2157,trickyjuggler,0.3333333333333333,3,novel
2158,casc3798,0.01,3,novel
2159,jsalcinar,0.01,3,novel
2160,Anvido,0.6666666666666667,3,novel
2161,federgolo,0.75,3,novel
2162,pahigueraf,0.625,3,novel
2163,mdecloedt,0.99,4,novel
2164,Jordan-Loeser,0.99,4,novel
2165,LukasMMarinovic,0.01,4,novel
2166,whipplem123,0.01,4,novel
2167,jmamaril25,0.9166666666666666,4,novel
2168,viswapurdue,0.01,4,novel
2169,noah-curran,0.01,4,novel
2170,bzin22,0.01,4,novel
2171,AkaGar,0.8571428571428572,4,novel
2172,matson3,0.01,4,novel
2173,ecottle,0.01,4,novel
2174,littlex2015,0.99,4,novel
2175,hihms,0.01,4,novel
2176,snugghash,0.5,4,novel
2177,zhao744,0.01,4,novel
2178,ko68,0.8333333333333334,4,novel
2179,GeoffYart,0.3333333333333333,4,novel
2180,gshowal,0.01,4,novel
2181,Nigogu,0.7142857142857143,4,novel
2182,daapinzonch,0.8,4,novel
2183,Orloffyeah,0.99,4,novel
2184,DiegoAraque1207,0.01,4,novel
2185,olimita,0.3333333333333333,4,novel
2186,Joacampora,0.01,4,novel
2187,LauraMolina,0.01,4,novel
2188,JulianM96,0.01,4,novel
2189,cglaitong,0.2857142857142857,4,novel
2190,DaniCastel,0.99,4,novel
2191,alejosaur,0.4285714285714286,4,novel
2192,garayf,0.5,4,novel
2193,sebcamacho1703,0.99,4,novel
2194,xFortich,0.6666666666666667,4,novel
2195,davideperdomo,0.375,4,novel
2196,anferoar96,0.01,4,novel
2197,trickyjuggler,0.01,4,novel
2198,casc3798,0.99,4,novel
2199,jsalcinar,0.8,4,novel
2200,Anvido,0.5,4,novel
2201,Jufcardenasmo,0.01,4,novel
2202,federgolo,0.6,4,novel
2203,diefrodriguezcha,0.01,4,novel
2204,pahigueraf,0.5,4,novel
2205,AkaGar,0.01,1,complete
2206,AkaGar,0.01,1,complete
2207,CampbellC2,0.01,1,complete
2208,CampbellC2,0.01,1,complete
2209,GeoffYart,0.01,1,complete
2210,GeoffYart,0.01,1,complete
2211,Ilyumzhinov,0.01,1,complete
2212,Ilyumzhinov,0.01,1,complete
2213,Jordan-Loeser,0.01,1,complete
2214,Jordan-Loeser,0.01,1,complete
2215,LukasMMarinovic,0.01,1,complete
2216,LukasMMarinovic,0.01,1,complete
2217,RCODI,0.01,1,complete
2218,RCODI,0.01,1,complete
2219,SionHu,0.01,1,complete
2220,SionHu,0.01,1,complete
2221,aclipfel,0.01,1,complete
2222,aclipfel,0.01,1,complete
2223,bzin22,0.01,1,complete
2224,bzin22,0.01,1,complete
2225,ecottle,0.01,1,complete
2226,ecottle,0.01,1,complete
2227,gshowal,0.01,1,complete
2228,gshowal,0.01,1,complete
2229,hihms,0.01,1,complete
2230,hihms,0.01,1,complete
2231,jmamaril25,0.01,1,complete
2232,jmamaril25,0.01,1,complete
2233,jmhunter4711,0.01,1,complete
2234,jmhunter4711,0.01,1,complete
2235,ko68,0.01,1,complete
2236,ko68,0.01,1,complete
2237,laurarotger,0.01,1,complete
2238,laurarotger,0.01,1,complete
2239,laurenjank,0.01,1,complete
2240,laurenjank,0.01,1,complete
2241,lennwgs,0.01,1,complete
2242,lennwgs,0.01,1,complete
2243,littlex2015,0.01,1,complete
2244,littlex2015,0.01,1,complete
2245,matson3,0.01,1,complete
2246,matson3,0.01,1,complete
2247,mdecloedt,0.01,1,complete
2248,mdecloedt,0.01,1,complete
2249,nbraunec,0.01,1,complete
2250,nbraunec,0.01,1,complete
2251,noah-curran,0.01,1,complete
2252,noah-curran,0.01,1,complete
2253,sanjitsama,0.01,1,complete
2254,sanjitsama,0.01,1,complete
2255,shivans,0.01,1,complete
2256,shivans,0.01,1,complete
2257,snugghash,0.01,1,complete
2258,snugghash,0.01,1,complete
2259,viswapurdue,0.01,1,complete
2260,viswapurdue,0.01,1,complete
2261,whipplem123,0.01,1,complete
2262,whipplem123,0.01,1,complete
2263,zhao744,0.01,1,complete
2264,zhao744,0.01,1,complete
2265,AkaGar,0.01,2,complete
2266,AkaGar,0.01,2,complete
2267,CampbellC2,0.01,2,complete
2268,CampbellC2,0.01,2,complete
2269,GeoffYart,0.01,2,complete
2270,GeoffYart,0.01,2,complete
2271,Ilyumzhinov,0.01,2,complete
2272,Ilyumzhinov,0.01,2,complete
2273,Jordan-Loeser,0.01,2,complete
2274,Jordan-Loeser,0.01,2,complete
2275,LukasMMarinovic,0.01,2,complete
2276,LukasMMarinovic,0.01,2,complete
2277,RCODI,0.01,2,complete
2278,RCODI,0.01,2,complete
2279,SionHu,0.01,2,complete
2280,SionHu,0.01,2,complete
2281,aclipfel,0.01,2,complete
2282,aclipfel,0.01,2,complete
2283,bzin22,0.01,2,complete
2284,bzin22,0.01,2,complete
2285,ecottle,0.01,2,complete
2286,ecottle,0.01,2,complete
2287,gshowal,0.01,2,complete
2288,gshowal,0.01,2,complete
2289,hihms,0.01,2,complete
2290,hihms,0.01,2,complete
2291,jmamaril25,0.01,2,complete
2292,jmamaril25,0.01,2,complete
2293,jmhunter4711,0.01,2,complete
2294,jmhunter4711,0.01,2,complete
2295,ko68,0.01,2,complete
2296,ko68,0.01,2,complete
2297,laurarotger,0.01,2,complete
2298,laurarotger,0.01,2,complete
2299,laurenjank,0.01,2,complete
2300,laurenjank,0.01,2,complete
2301,lennwgs,0.01,2,complete
2302,lennwgs,0.01,2,complete
2303,littlex2015,0.01,2,complete
2304,littlex2015,0.01,2,complete
2305,matson3,0.01,2,complete
2306,matson3,0.01,2,complete
2307,mdecloedt,0.01,2,complete
2308,mdecloedt,0.01,2,complete
2309,nbraunec,0.01,2,complete
2310,nbraunec,0.01,2,complete
2311,noah-curran,0.01,2,complete
2312,noah-curran,0.01,2,complete
2313,sanjitsama,0.01,2,complete
2314,sanjitsama,0.01,2,complete
2315,shivans,0.01,2,complete
2316,shivans,0.01,2,complete
2317,snugghash,0.01,2,complete
2318,snugghash,0.01,2,complete
2319,viswapurdue,0.01,2,complete
2320,viswapurdue,0.01,2,complete
2321,whipplem123,0.01,2,complete
2322,whipplem123,0.01,2,complete
2323,zhao744,0.01,2,complete
2324,zhao744,0.01,2,complete
2325,CampbellC2,0.01,3,complete
2326,CampbellC2,0.01,3,complete
2327,GeoffYart,0.01,3,complete
2328,GeoffYart,0.01,3,complete
2329,Ilyumzhinov,0.01,3,complete
2330,Ilyumzhinov,0.01,3,complete
2331,Jordan-Loeser,0.01,3,complete
2332,Jordan-Loeser,0.01,3,complete
2333,LukasMMarinovic,0.01,3,complete
2334,LukasMMarinovic,0.01,3,complete
2335,RCODI,0.01,3,complete
2336,RCODI,0.01,3,complete
2337,SionHu,0.01,3,complete
2338,SionHu,0.01,3,complete
2339,aclipfel,0.01,3,complete
2340,aclipfel,0.01,3,complete
2341,bzin22,0.01,3,complete
2342,bzin22,0.01,3,complete
2343,ecottle,0.01,3,complete
2344,ecottle,0.01,3,complete
2345,gshowal,0.01,3,complete
2346,gshowal,0.01,3,complete
2347,hihms,0.01,3,complete
2348,hihms,0.01,3,complete
2349,jmamaril25,0.01,3,complete
2350,jmamaril25,0.01,3,complete
2351,jmhunter4711,0.01,3,complete
2352,jmhunter4711,0.01,3,complete
2353,ko68,0.01,3,complete
2354,ko68,0.01,3,complete
2355,laurarotger,0.01,3,complete
2356,laurarotger,0.01,3,complete
2357,laurenjank,0.01,3,complete
2358,laurenjank,0.01,3,complete
2359,lennwgs,0.01,3,complete
2360,lennwgs,0.01,3,complete
2361,littlex2015,0.01,3,complete
2362,littlex2015,0.01,3,complete
2363,matson3,0.01,3,complete
2364,matson3,0.01,3,complete
2365,mdecloedt,0.01,3,complete
2366,mdecloedt,0.01,3,complete
2367,nbraunec,0.01,3,complete
2368,nbraunec,0.01,3,complete
2369,noah-curran,0.01,3,complete
2370,noah-curran,0.01,3,complete
2371,sanjitsama,0.01,3,complete
2372,sanjitsama,0.01,3,complete
2373,shivans,0.01,3,complete
2374,shivans,0.01,3,complete
2375,snugghash,0.01,3,complete
2376,snugghash,0.01,3,complete
2377,viswapurdue,0.01,3,complete
2378,viswapurdue,0.01,3,complete
2379,whipplem123,0.01,3,complete
2380,whipplem123,0.01,3,complete
2381,zhao744,0.01,3,complete
2382,zhao744,0.01,3,complete
2383,CampbellC2,0.01,4,complete
2384,CampbellC2,0.01,4,complete
2385,Ilyumzhinov,0.01,4,complete
2386,Ilyumzhinov,0.01,4,complete
2387,Jordan-Loeser,0.01,4,complete
2388,Jordan-Loeser,0.01,4,complete
2389,LukasMMarinovic,0.01,4,complete
2390,LukasMMarinovic,0.01,4,complete
2391,RCODI,0.01,4,complete
2392,RCODI,0.01,4,complete
2393,SionHu,0.01,4,complete
2394,SionHu,0.01,4,complete
2395,bzin22,0.01,4,complete
2396,bzin22,0.01,4,complete
2397,ecottle,0.01,4,complete
2398,ecottle,0.01,4,complete
2399,hihms,0.01,4,complete
2400,hihms,0.01,4,complete
2401,jmamaril25,0.01,4,complete
2402,jmamaril25,0.01,4,complete
2403,laurarotger,0.01,4,complete
2404,laurarotger,0.01,4,complete
2405,laurenjank,0.01,4,complete
2406,laurenjank,0.01,4,complete
2407,lennwgs,0.01,4,complete
2408,lennwgs,0.01,4,complete
2409,littlex2015,0.01,4,complete
2410,littlex2015,0.01,4,complete
2411,matson3,0.01,4,complete
2412,matson3,0.01,4,complete
2413,mdecloedt,0.01,4,complete
2414,mdecloedt,0.01,4,complete
2415,nbraunec,0.01,4,complete
2416,nbraunec,0.01,4,complete
2417,noah-curran,0.01,4,complete
2418,noah-curran,0.01,4,complete
2419,sanjitsama,0.01,4,complete
2420,sanjitsama,0.01,4,complete
2421,shivans,0.01,4,complete
2422,shivans,0.01,4,complete
2423,snugghash,0.01,4,complete
2424,snugghash,0.01,4,complete
2425,viswapurdue,0.01,4,complete
2426,viswapurdue,0.01,4,complete
2427,whipplem123,0.01,4,complete
2428,whipplem123,0.01,4,complete
2429,Acreed21,0.01,1,complete
2430,Camiioo,0.01,1,complete
2431,FredyRosero,0.01,1,complete
2432,JamerMejiaGarcia,0.01,1,complete
2433,Jfcastroh,0.01,1,complete
2434,LauraMolina,0.01,1,complete
2435,RafaelCruz15,0.01,1,complete
2436,adcorredorm,0.01,1,complete
2437,alebautis,0.01,1,complete
2438,ayperezc,0.01,1,complete
2439,bfprietoc,0.01,1,complete
2440,biherrerap,0.01,1,complete
2441,dahrojasca,0.01,1,complete
2442,davideperdomo,0.01,1,complete
2443,frnkbs,0.01,1,complete
2444,gahormigag,0.01,1,complete
2445,ironhacktech2,0.01,1,complete
2446,jannMorenoJ,0.01,1,complete
2447,jdgaitanf,0.01,1,complete
2448,nikolasto,0.01,1,complete
2449,pahigueraf,0.01,1,complete
2450,sarguellesr,0.01,1,complete
2451,uxjudges1,0.01,1,complete
2452,uxjudges,0.01,1,complete
2453,vvargasd,0.01,1,complete
2454,Acreed21,0.01,2,complete
2455,Camiioo,0.01,2,complete
2456,FredyRosero,0.01,2,complete
2457,JamerMejiaGarcia,0.01,2,complete
2458,Jfcastroh,0.01,2,complete
2459,LauraMolina,0.01,2,complete
2460,RafaelCruz15,0.01,2,complete
2461,adcorredorm,0.01,2,complete
2462,alebautis,0.01,2,complete
2463,ayperezc,0.01,2,complete
2464,bfprietoc,0.01,2,complete
2465,biherrerap,0.01,2,complete
2466,dahrojasca,0.01,2,complete
2467,davideperdomo,0.01,2,complete
2468,frnkbs,0.01,2,complete
2469,gahormigag,0.01,2,complete
2470,gimg1859,0.01,2,complete
2471,ironhacktech2,0.01,2,complete
2472,jannMorenoJ,0.01,2,complete
2473,jdgaitanf,0.01,2,complete
2474,nikolasto,0.01,2,complete
2475,pahigueraf,0.01,2,complete
2476,sarguellesr,0.01,2,complete
2477,uxjudges1,0.01,2,complete
2478,uxjudges,0.01,2,complete
2479,vvargasd,0.01,2,complete
2480,Acreed21,0.01,3,complete
2481,Camiioo,0.01,3,complete
2482,FredyRosero,0.01,3,complete
2483,JamerMejiaGarcia,0.01,3,complete
2484,Jfcastroh,0.01,3,complete
2485,LauraMolina,0.01,3,complete
2486,RafaelCruz15,0.01,3,complete
2487,adcorredorm,0.01,3,complete
2488,alebautis,0.01,3,complete
2489,ayperezc,0.01,3,complete
2490,bfprietoc,0.01,3,complete
2491,biherrerap,0.01,3,complete
2492,dahrojasca,0.01,3,complete
2493,davideperdomo,0.01,3,complete
2494,frnkbs,0.01,3,complete
2495,gahormigag,0.01,3,complete
2496,gimg1859,0.01,3,complete
2497,ironhacktech2,0.01,3,complete
2498,jannMorenoJ,0.01,3,complete
2499,jdgaitanf,0.01,3,complete
2500,nikolasto,0.01,3,complete
2501,pahigueraf,0.01,3,complete
2502,sarguellesr,0.01,3,complete
2503,uxjudges1,0.01,3,complete
2504,uxjudges,0.01,3,complete
2505,vvargasd,0.01,3,complete
2506,Acreed21,0.01,4,complete
2507,Camiioo,0.01,4,complete
2508,FredyRosero,0.01,4,complete
2509,JamerMejiaGarcia,0.01,4,complete
2510,Jfcastroh,0.01,4,complete
2511,LauraMolina,0.01,4,complete
2512,RafaelCruz15,0.01,4,complete
2513,adcorredorm,0.01,4,complete
2514,alebautis,0.01,4,complete
2515,ayperezc,0.01,4,complete
2516,bfprietoc,0.01,4,complete
2517,biherrerap,0.01,4,complete
2518,dahrojasca,0.01,4,complete
2519,davideperdomo,0.01,4,complete
2520,frnkbs,0.01,4,complete
2521,gahormigag,0.01,4,complete
2522,gimg1859,0.01,4,complete
2523,ironhacktech2,0.01,4,complete
2524,jannMorenoJ,0.01,4,complete
2525,jdgaitanf,0.01,4,complete
2526,nikolasto,0.01,4,complete
2527,pahigueraf,0.01,4,complete
2528,sarguellesr,0.01,4,complete
2529,uxjudges1,0.01,4,complete
2530,uxjudges,0.01,4,complete
2531,vvargasd,0.01,4,complete
2532,Alekzu,0.01,1,complete
2533,Anvido,0.01,1,complete
2534,Biopeligro,0.01,1,complete
2535,Caadiazsi,0.01,1,complete
2536,DavidsMartinez,0.01,1,complete
2537,DiegoAraque1207,0.01,1,complete
2538,GabrielUnal,0.01,1,complete
2539,Gavnic,0.01,1,complete
2540,Gusgal03,0.01,1,complete
2541,Joacampora,0.01,1,complete
2542,Juankmilo97,0.01,1,complete
2543,Jufcardenasmo,0.01,1,complete
2544,Ozai98,0.01,1,complete
2545,Sariilan,0.01,1,complete
2546,bsdiaza,0.01,1,complete
2547,casc3798,0.01,1,complete
2548,diefrodriguezcha,0.01,1,complete
2549,facuellarg,0.01,1,complete
2550,federgolo,0.01,1,complete
2551,garayf,0.01,1,complete
2552,jaleonro,0.01,1,complete
2553,jsalcinar,0.01,1,complete
2554,jssanchezo,0.01,1,complete
2555,nviverosb,0.01,1,complete
2556,olimita,0.01,1,complete
2557,sebcamacho1703,0.01,1,complete
2558,serbatero,0.01,1,complete
2559,xFortich,0.01,1,complete
2560,yaochoal,0.01,1,complete
2561,Alekzu,0.01,2,complete
2562,Anvido,0.01,2,complete
2563,Biopeligro,0.01,2,complete
2564,Caadiazsi,0.01,2,complete
2565,DavidsMartinez,0.01,2,complete
2566,DiegoAraque1207,0.01,2,complete
2567,GabrielUnal,0.01,2,complete
2568,Gavnic,0.01,2,complete
2569,Gusgal03,0.01,2,complete
2570,Joacampora,0.01,2,complete
2571,Juankmilo97,0.01,2,complete
2572,Jufcardenasmo,0.01,2,complete
2573,Ozai98,0.01,2,complete
2574,Sariilan,0.01,2,complete
2575,bsdiaza,0.01,2,complete
2576,casc3798,0.01,2,complete
2577,diefrodriguezcha,0.01,2,complete
2578,facuellarg,0.01,2,complete
2579,federgolo,0.01,2,complete
2580,garayf,0.01,2,complete
2581,jaleonro,0.01,2,complete
2582,jsalcinar,0.01,2,complete
2583,jssanchezo,0.01,2,complete
2584,nviverosb,0.01,2,complete
2585,olimita,0.01,2,complete
2586,sebcamacho1703,0.01,2,complete
2587,serbatero,0.01,2,complete
2588,xFortich,0.01,2,complete
2589,yaochoal,0.01,2,complete
2590,Alekzu,0.01,3,complete
2591,Anvido,0.01,3,complete
2592,Biopeligro,0.01,3,complete
2593,Caadiazsi,0.01,3,complete
2594,DavidsMartinez,0.01,3,complete
2595,DiegoAraque1207,0.01,3,complete
2596,GabrielUnal,0.01,3,complete
2597,Gavnic,0.01,3,complete
2598,Gusgal03,0.01,3,complete
2599,Joacampora,0.01,3,complete
2600,Juankmilo97,0.01,3,complete
2601,Jufcardenasmo,0.01,3,complete
2602,Ozai98,0.01,3,complete
2603,Sariilan,0.01,3,complete
2604,bsdiaza,0.01,3,complete
2605,casc3798,0.01,3,complete
2606,diefrodriguezcha,0.01,3,complete
2607,facuellarg,0.01,3,complete
2608,federgolo,0.01,3,complete
2609,garayf,0.01,3,complete
2610,jaleonro,0.01,3,complete
2611,jsalcinar,0.01,3,complete
2612,jssanchezo,0.01,3,complete
2613,nviverosb,0.01,3,complete
2614,olimita,0.01,3,complete
2615,sebcamacho1703,0.01,3,complete
2616,serbatero,0.01,3,complete
2617,xFortich,0.01,3,complete
2618,yaochoal,0.01,3,complete
2619,Alekzu,0.01,4,complete
2620,Anvido,0.01,4,complete
2621,Biopeligro,0.01,4,complete
2622,Caadiazsi,0.01,4,complete
2623,DavidsMartinez,0.01,4,complete
2624,DiegoAraque1207,0.01,4,complete
2625,GabrielUnal,0.01,4,complete
2626,Gavnic,0.01,4,complete
2627,Gusgal03,0.01,4,complete
2628,Joacampora,0.01,4,complete
2629,Juankmilo97,0.01,4,complete
2630,Jufcardenasmo,0.01,4,complete
2631,Ozai98,0.01,4,complete
2632,Sariilan,0.01,4,complete
2633,bsdiaza,0.01,4,complete
2634,casc3798,0.01,4,complete
2635,diefrodriguezcha,0.01,4,complete
2636,facuellarg,0.01,4,complete
2637,federgolo,0.01,4,complete
2638,garayf,0.01,4,complete
2639,jaleonro,0.01,4,complete
2640,jsalcinar,0.01,4,complete
2641,jssanchezo,0.01,4,complete
2642,nviverosb,0.01,4,complete
2643,olimita,0.01,4,complete
2644,sebcamacho1703,0.01,4,complete
2645,serbatero,0.01,4,complete
2646,xFortich,0.01,4,complete
2647,yaochoal,0.01,4,complete
2648,BrandonAvilanR,0.01,1,complete
2649,DaniCastel,0.01,1,complete
2650,DaveValencia,0.01,1,complete
2651,Orloffyeah,0.01,1,complete
2652,alejosaur,0.01,1,complete
2653,anythinglord,0.01,1,complete
2654,buendiagon,0.01,1,complete
2655,cglaitong,0.01,1,complete
2656,criscapunal,0.01,1,complete
2657,csalfonsol,0.01,1,complete
2658,dieguischa,0.01,1,complete
2659,jaasuarezvi,0.01,1,complete
2660,tres-xxx,0.01,1,complete
2661,BrandonAvilanR,0.01,2,complete
2662,DaniCastel,0.01,2,complete
2663,DaveValencia,0.01,2,complete
2664,Orloffyeah,0.01,2,complete
2665,alejosaur,0.01,2,complete
2666,anythinglord,0.01,2,complete
2667,buendiagon,0.01,2,complete
2668,cglaitong,0.01,2,complete
2669,criscapunal,0.01,2,complete
2670,csalfonsol,0.01,2,complete
2671,dieguischa,0.01,2,complete
2672,jaasuarezvi,0.01,2,complete
2673,tres-xxx,0.01,2,complete
2674,BrandonAvilanR,0.01,3,complete
2675,DSFarfanF,0.01,3,complete
2676,DaniCastel,0.01,3,complete
2677,DaveValencia,0.01,3,complete
2678,JorgeTorresC,0.01,3,complete
2679,Orloffyeah,0.01,3,complete
2680,Saariasba,0.01,3,complete
2681,SergioLopez40,0.01,3,complete
2682,alejosaur,0.01,3,complete
2683,anythinglord,0.01,3,complete
2684,buendiagon,0.01,3,complete
2685,cglaitong,0.01,3,complete
2686,criscapunal,0.01,3,complete
2687,csalfonsol,0.01,3,complete
2688,daapinzonch,0.01,3,complete
2689,dcastanedar,0.01,3,complete
2690,dieguischa,0.01,3,complete
2691,jaasuarezvi,0.01,3,complete
2692,jdsolanos,0.01,3,complete
2693,tres-xxx,0.01,3,complete
2694,trickyjuggler,0.01,3,complete
2695,BrandonAvilanR,0.01,4,complete
2696,DSFarfanF,0.01,4,complete
2697,DaniCastel,0.01,4,complete
2698,DaveValencia,0.01,4,complete
2699,JorgeTorresC,0.01,4,complete
2700,Orloffyeah,0.01,4,complete
2701,Saariasba,0.01,4,complete
2702,SergioLopez40,0.01,4,complete
2703,alejosaur,0.01,4,complete
2704,anythinglord,0.01,4,complete
2705,buendiagon,0.01,4,complete
2706,cglaitong,0.01,4,complete
2707,criscapunal,0.01,4,complete
2708,csalfonsol,0.01,4,complete
2709,daapinzonch,0.01,4,complete
2710,dcastanedar,0.01,4,complete
2711,dieguischa,0.01,4,complete
2712,jaasuarezvi,0.01,4,complete
2713,jdsolanos,0.01,4,complete
2714,tres-xxx,0.01,4,complete
2715,trickyjuggler,0.01,4,complete
2716,mdecloedt,0.01,1,data
2717,Jordan-Loeser,0.01,1,data
2718,LukasMMarinovic,0.01,1,data
2719,whipplem123,0.01,1,data
2720,SionHu,0.01,1,data
2721,jmamaril25,0.01,1,data
2722,lennwgs,0.01,1,data
2723,viswapurdue,0.01,1,data
2724,CampbellC2,0.01,1,data
2725,noah-curran,0.01,1,data
2726,laurenjank,0.01,1,data
2727,bzin22,0.01,1,data
2728,AkaGar,0.01,1,data
2729,matson3,0.01,1,data
2730,ecottle,0.01,1,data
2731,littlex2015,0.01,1,data
2732,shivans,0.01,1,data
2733,nbraunec,0.01,1,data
2734,sanjitsama,0.01,1,data
2735,Ilyumzhinov,0.01,1,data
2736,hihms,0.01,1,data
2737,snugghash,0.01,1,data
2738,zhao744,0.01,1,data
2739,aclipfel,0.01,1,data
2740,ko68,0.01,1,data
2741,GeoffYart,0.01,1,data
2742,jmhunter4711,0.01,1,data
2743,Nigogu,0.01,1,data
2744,Daryhez,0.01,1,data
2745,daapinzonch,0.01,1,data
2746,fewilchesc,0.01,1,data
2747,JorgeTorresC,0.01,1,data
2748,anythinglord,0.01,1,data
2749,criscapunal,0.01,1,data
2750,dieguischa,0.01,1,data
2751,Orloffyeah,0.01,1,data
2752,SergioLopez40,0.01,1,data
2753,DiegoAraque1207,0.01,1,data
2754,olimita,0.01,1,data
2755,yaochoal,0.01,1,data
2756,Gavnic,0.01,1,data
2757,Joacampora,0.01,1,data
2758,Ozai98,0.01,1,data
2759,nviverosb,0.01,1,data
2760,Sariilan,0.01,1,data
2761,Alekzu,0.01,1,data
2762,vvargasd,0.01,1,data
2763,biherrerap,0.01,1,data
2764,bfprietoc,0.01,1,data
2765,LauraMolina,0.01,1,data
2766,Acreed21,0.01,1,data
2767,Camiioo,0.01,1,data
2768,frnkbs,0.01,1,data
2769,Jfcastroh,0.01,1,data
2770,evilcucaracha,0.01,1,data
2771,JulianM96,0.01,1,data
2772,Saariasba,0.01,1,data
2773,tres-iqus,0.01,1,data
2774,cglaitong,0.01,1,data
2775,DaniCastel,0.01,1,data
2776,BrandonAvilanR,0.01,1,data
2777,alejosaur,0.01,1,data
2778,jaasuarezvi,0.01,1,data
2779,jdsolanos,0.01,1,data
2780,DavidsMartinez,0.01,1,data
2781,Biopeligro,0.01,1,data
2782,garayf,0.01,1,data
2783,jaleonro,0.01,1,data
2784,facuellarg,0.01,1,data
2785,Caadiazsi,0.01,1,data
2786,sebcamacho1703,0.01,1,data
2787,xFortich,0.01,1,data
2788,Gusgal03,0.01,1,data
2789,Juankmilo97,0.01,1,data
2790,alebautis,0.01,1,data
2791,sarguellesr,0.01,1,data
2792,davideperdomo,0.01,1,data
2793,JamerMejiaGarcia,0.01,1,data
2794,nikolasto,0.01,1,data
2795,gahormigag,0.01,1,data
2796,ayperezc,0.01,1,data
2797,anferoar96,0.01,1,data
2798,StevenEsmar,0.01,1,data
2799,dcastanedar,0.01,1,data
2800,trickyjuggler,0.01,1,data
2801,DaveValencia,0.01,1,data
2802,csalfonsol,0.01,1,data
2803,tres-xxx,0.01,1,data
2804,buendiagon,0.01,1,data
2805,DSFarfanF,0.01,1,data
2806,jssanchezo,0.01,1,data
2807,bsdiaza,0.01,1,data
2808,casc3798,0.01,1,data
2809,jsalcinar,0.01,1,data
2810,Anvido,0.01,1,data
2811,Jufcardenasmo,0.01,1,data
2812,federgolo,0.01,1,data
2813,serbatero,0.01,1,data
2814,GabrielUnal,0.01,1,data
2815,diefrodriguezcha,0.01,1,data
2816,adcorredorm,0.01,1,data
2817,jdgaitanf,0.01,1,data
2818,pahigueraf,0.01,1,data
2819,RafaelCruz15,0.01,1,data
2820,gimg1859,0.01,1,data
2821,jannMorenoJ,0.01,1,data
2822,dahrojasca,0.01,1,data
2823,FredyRosero,0.01,1,data
2824,mdecloedt,0.01,2,data
2825,Jordan-Loeser,0.01,2,data
2826,LukasMMarinovic,0.01,2,data
2827,whipplem123,0.01,2,data
2828,SionHu,0.01,2,data
2829,jmamaril25,0.01,2,data
2830,lennwgs,0.01,2,data
2831,viswapurdue,0.01,2,data
2832,CampbellC2,0.01,2,data
2833,noah-curran,0.01,2,data
2834,laurenjank,0.01,2,data
2835,bzin22,0.01,2,data
2836,AkaGar,0.01,2,data
2837,matson3,0.01,2,data
2838,ecottle,0.01,2,data
2839,littlex2015,0.01,2,data
2840,shivans,0.01,2,data
2841,nbraunec,0.01,2,data
2842,sanjitsama,0.01,2,data
2843,Ilyumzhinov,0.01,2,data
2844,hihms,0.01,2,data
2845,snugghash,0.01,2,data
2846,zhao744,0.01,2,data
2847,aclipfel,0.01,2,data
2848,ko68,0.01,2,data
2849,GeoffYart,0.01,2,data
2850,Nigogu,0.01,2,data
2851,Daryhez,0.01,2,data
2852,daapinzonch,0.01,2,data
2853,fewilchesc,0.01,2,data
2854,JorgeTorresC,0.01,2,data
2855,anythinglord,0.01,2,data
2856,criscapunal,0.01,2,data
2857,dieguischa,0.01,2,data
2858,Orloffyeah,0.01,2,data
2859,SergioLopez40,0.01,2,data
2860,DiegoAraque1207,0.01,2,data
2861,olimita,0.01,2,data
2862,yaochoal,0.01,2,data
2863,Gavnic,0.01,2,data
2864,Joacampora,0.01,2,data
2865,Ozai98,0.01,2,data
2866,nviverosb,0.01,2,data
2867,Sariilan,0.01,2,data
2868,Alekzu,0.01,2,data
2869,vvargasd,0.01,2,data
2870,biherrerap,0.01,2,data
2871,bfprietoc,0.01,2,data
2872,LauraMolina,0.01,2,data
2873,Acreed21,0.01,2,data
2874,Camiioo,0.01,2,data
2875,frnkbs,0.01,2,data
2876,Jfcastroh,0.01,2,data
2877,evilcucaracha,0.01,2,data
2878,JulianM96,0.01,2,data
2879,Saariasba,0.01,2,data
2880,tres-iqus,0.01,2,data
2881,cglaitong,0.01,2,data
2882,DaniCastel,0.01,2,data
2883,BrandonAvilanR,0.01,2,data
2884,alejosaur,0.01,2,data
2885,jaasuarezvi,0.01,2,data
2886,jdsolanos,0.01,2,data
2887,DavidsMartinez,0.01,2,data
2888,Biopeligro,0.01,2,data
2889,garayf,0.01,2,data
2890,jaleonro,0.01,2,data
2891,facuellarg,0.01,2,data
2892,Caadiazsi,0.01,2,data
2893,sebcamacho1703,0.01,2,data
2894,xFortich,0.01,2,data
2895,Gusgal03,0.01,2,data
2896,Juankmilo97,0.01,2,data
2897,alebautis,0.01,2,data
2898,sarguellesr,0.01,2,data
2899,davideperdomo,0.01,2,data
2900,JamerMejiaGarcia,0.01,2,data
2901,nikolasto,0.01,2,data
2902,gahormigag,0.01,2,data
2903,ayperezc,0.01,2,data
2904,anferoar96,0.01,2,data
2905,StevenEsmar,0.01,2,data
2906,dcastanedar,0.01,2,data
2907,trickyjuggler,0.01,2,data
2908,DaveValencia,0.01,2,data
2909,csalfonsol,0.01,2,data
2910,tres-xxx,0.01,2,data
2911,buendiagon,0.01,2,data
2912,DSFarfanF,0.01,2,data
2913,jssanchezo,0.01,2,data
2914,bsdiaza,0.01,2,data
2915,casc3798,0.01,2,data
2916,jsalcinar,0.01,2,data
2917,Anvido,0.01,2,data
2918,Jufcardenasmo,0.01,2,data
2919,federgolo,0.01,2,data
2920,serbatero,0.01,2,data
2921,GabrielUnal,0.01,2,data
2922,diefrodriguezcha,0.01,2,data
2923,adcorredorm,0.01,2,data
2924,jdgaitanf,0.01,2,data
2925,pahigueraf,0.01,2,data
2926,RafaelCruz15,0.01,2,data
2927,gimg1859,0.01,2,data
2928,jannMorenoJ,0.01,2,data
2929,dahrojasca,0.01,2,data
2930,FredyRosero,0.01,2,data
2931,mdecloedt,0.01,3,data
2932,Jordan-Loeser,0.01,3,data
2933,LukasMMarinovic,0.01,3,data
2934,whipplem123,0.01,3,data
2935,SionHu,0.01,3,data
2936,jmamaril25,0.01,3,data
2937,lennwgs,0.01,3,data
2938,viswapurdue,0.01,3,data
2939,CampbellC2,0.01,3,data
2940,noah-curran,0.01,3,data
2941,laurenjank,0.01,3,data
2942,bzin22,0.01,3,data
2943,AkaGar,0.01,3,data
2944,matson3,0.01,3,data
2945,ecottle,0.01,3,data
2946,littlex2015,0.01,3,data
2947,shivans,0.01,3,data
2948,nbraunec,0.01,3,data
2949,sanjitsama,0.01,3,data
2950,Ilyumzhinov,0.01,3,data
2951,hihms,0.01,3,data
2952,snugghash,0.01,3,data
2953,zhao744,0.01,3,data
2954,aclipfel,0.01,3,data
2955,ko68,0.01,3,data
2956,GeoffYart,0.01,3,data
2957,gshowal,0.01,3,data
2958,Nigogu,0.01,3,data
2959,Daryhez,0.01,3,data
2960,daapinzonch,0.01,3,data
2961,fewilchesc,0.01,3,data
2962,JorgeTorresC,0.01,3,data
2963,anythinglord,0.01,3,data
2964,criscapunal,0.01,3,data
2965,dieguischa,0.01,3,data
2966,Orloffyeah,0.01,3,data
2967,SergioLopez40,0.01,3,data
2968,DiegoAraque1207,0.01,3,data
2969,olimita,0.01,3,data
2970,yaochoal,0.01,3,data
2971,Gavnic,0.01,3,data
2972,Joacampora,0.01,3,data
2973,Ozai98,0.01,3,data
2974,nviverosb,0.01,3,data
2975,Sariilan,0.01,3,data
2976,Alekzu,0.01,3,data
2977,vvargasd,0.01,3,data
2978,biherrerap,0.01,3,data
2979,bfprietoc,0.01,3,data
2980,LauraMolina,0.01,3,data
2981,Acreed21,0.01,3,data
2982,Camiioo,0.01,3,data
2983,frnkbs,0.01,3,data
2984,Jfcastroh,0.01,3,data
2985,evilcucaracha,0.01,3,data
2986,JulianM96,0.01,3,data
2987,Saariasba,0.01,3,data
2988,tres-iqus,0.01,3,data
2989,cglaitong,0.01,3,data
2990,DaniCastel,0.01,3,data
2991,BrandonAvilanR,0.01,3,data
2992,alejosaur,0.01,3,data
2993,jaasuarezvi,0.01,3,data
2994,jdsolanos,0.01,3,data
2995,DavidsMartinez,0.01,3,data
2996,Biopeligro,0.01,3,data
2997,garayf,0.01,3,data
2998,jaleonro,0.01,3,data
2999,facuellarg,0.01,3,data
3000,Caadiazsi,0.01,3,data
3001,sebcamacho1703,0.01,3,data
3002,xFortich,0.01,3,data
3003,Gusgal03,0.01,3,data
3004,Juankmilo97,0.01,3,data
3005,alebautis,0.01,3,data
3006,sarguellesr,0.01,3,data
3007,davideperdomo,0.01,3,data
3008,JamerMejiaGarcia,0.01,3,data
3009,nikolasto,0.01,3,data
3010,gahormigag,0.01,3,data
3011,ayperezc,0.01,3,data
3012,anferoar96,0.01,3,data
3013,StevenEsmar,0.01,3,data
3014,dcastanedar,0.01,3,data
3015,trickyjuggler,0.01,3,data
3016,DaveValencia,0.01,3,data
3017,csalfonsol,0.01,3,data
3018,tres-xxx,0.01,3,data
3019,buendiagon,0.01,3,data
3020,DSFarfanF,0.01,3,data
3021,jssanchezo,0.01,3,data
3022,bsdiaza,0.01,3,data
3023,casc3798,0.01,3,data
3024,jsalcinar,0.01,3,data
3025,Anvido,0.01,3,data
3026,Jufcardenasmo,0.01,3,data
3027,federgolo,0.01,3,data
3028,serbatero,0.01,3,data
3029,GabrielUnal,0.01,3,data
3030,diefrodriguezcha,0.01,3,data
3031,adcorredorm,0.01,3,data
3032,jdgaitanf,0.01,3,data
3033,pahigueraf,0.01,3,data
3034,RafaelCruz15,0.01,3,data
3035,gimg1859,0.01,3,data
3036,jannMorenoJ,0.01,3,data
3037,dahrojasca,0.01,3,data
3038,FredyRosero,0.01,3,data
3039,mdecloedt,0.01,4,data
3040,Jordan-Loeser,0.01,4,data
3041,LukasMMarinovic,0.01,4,data
3042,whipplem123,0.01,4,data
3043,SionHu,0.01,4,data
3044,jmamaril25,0.01,4,data
3045,lennwgs,0.01,4,data
3046,viswapurdue,0.01,4,data
3047,CampbellC2,0.01,4,data
3048,noah-curran,0.01,4,data
3049,laurenjank,0.01,4,data
3050,bzin22,0.01,4,data
3051,AkaGar,0.01,4,data
3052,matson3,0.01,4,data
3053,ecottle,0.01,4,data
3054,littlex2015,0.01,4,data
3055,shivans,0.01,4,data
3056,nbraunec,0.01,4,data
3057,sanjitsama,0.01,4,data
3058,Ilyumzhinov,0.01,4,data
3059,hihms,0.01,4,data
3060,snugghash,0.01,4,data
3061,zhao744,0.01,4,data
3062,aclipfel,0.01,4,data
3063,ko68,0.01,4,data
3064,GeoffYart,0.01,4,data
3065,gshowal,0.01,4,data
3066,Nigogu,0.01,4,data
3067,Daryhez,0.01,4,data
3068,daapinzonch,0.01,4,data
3069,fewilchesc,0.01,4,data
3070,JorgeTorresC,0.01,4,data
3071,anythinglord,0.01,4,data
3072,criscapunal,0.01,4,data
3073,dieguischa,0.01,4,data
3074,Orloffyeah,0.01,4,data
3075,SergioLopez40,0.01,4,data
3076,DiegoAraque1207,0.01,4,data
3077,olimita,0.01,4,data
3078,yaochoal,0.01,4,data
3079,Gavnic,0.01,4,data
3080,Joacampora,0.01,4,data
3081,Ozai98,0.01,4,data
3082,nviverosb,0.01,4,data
3083,Sariilan,0.01,4,data
3084,Alekzu,0.01,4,data
3085,vvargasd,0.01,4,data
3086,biherrerap,0.01,4,data
3087,bfprietoc,0.01,4,data
3088,LauraMolina,0.01,4,data
3089,Acreed21,0.01,4,data
3090,Camiioo,0.01,4,data
3091,frnkbs,0.01,4,data
3092,Jfcastroh,0.01,4,data
3093,evilcucaracha,0.01,4,data
3094,JulianM96,0.01,4,data
3095,Saariasba,0.01,4,data
3096,tres-iqus,0.01,4,data
3097,cglaitong,0.01,4,data
3098,DaniCastel,0.01,4,data
3099,BrandonAvilanR,0.01,4,data
3100,alejosaur,0.01,4,data
3101,jaasuarezvi,0.01,4,data
3102,jdsolanos,0.01,4,data
3103,DavidsMartinez,0.01,4,data
3104,Biopeligro,0.01,4,data
3105,garayf,0.01,4,data
3106,jaleonro,0.01,4,data
3107,facuellarg,0.01,4,data
3108,Caadiazsi,0.01,4,data
3109,sebcamacho1703,0.01,4,data
3110,xFortich,0.01,4,data
3111,Gusgal03,0.01,4,data
3112,Juankmilo97,0.01,4,data
3113,alebautis,0.01,4,data
3114,sarguellesr,0.01,4,data
3115,davideperdomo,0.01,4,data
3116,JamerMejiaGarcia,0.01,4,data
3117,nikolasto,0.01,4,data
3118,gahormigag,0.01,4,data
3119,ayperezc,0.01,4,data
3120,anferoar96,0.01,4,data
3121,StevenEsmar,0.01,4,data
3122,dcastanedar,0.01,4,data
3123,trickyjuggler,0.01,4,data
3124,DaveValencia,0.01,4,data
3125,csalfonsol,0.01,4,data
3126,tres-xxx,0.01,4,data
3127,buendiagon,0.01,4,data
3128,DSFarfanF,0.01,4,data
3129,jssanchezo,0.01,4,data
3130,bsdiaza,0.01,4,data
3131,casc3798,0.01,4,data
3132,jsalcinar,0.01,4,data
3133,Anvido,0.01,4,data
3134,Jufcardenasmo,0.01,4,data
3135,federgolo,0.01,4,data
3136,serbatero,0.01,4,data
3137,GabrielUnal,0.01,4,data
3138,diefrodriguezcha,0.01,4,data
3139,adcorredorm,0.01,4,data
3140,jdgaitanf,0.01,4,data
3141,pahigueraf,0.01,4,data
3142,RafaelCruz15,0.01,4,data
3143,gimg1859,0.01,4,data
3144,jannMorenoJ,0.01,4,data
3145,dahrojasca,0.01,4,data
3146,FredyRosero,0.01,4,data
