comparison_type,ssim,features2d,stage,link1_change,link2_change,ssim_exp,ssim_exp_scale,group
maps,10.1,100,1,BrandonAvilanR,BrandonAvilanR,89.9,0.899,0
maps,6.5,39.9,1,DaniCastel,DaniCastel,93.5,0.935,0
maps,37.1,67.2,1,Orloffyeah,Orloffyeah,62.9,0.629,0
maps,68.1,87.8,1,alejosaur,alejosaur,31.9,0.319,0
maps,28.2,32.8,1,anythinglord,anythinglord,71.8,0.718,0
maps,39.6,68.3,1,cglaitong,cglaitong,60.4,0.604,0
maps,94,100,1,criscapunal,criscapunal,6,0.06,0
maps,8.9,31.9,1,csalfonsol,csalfonsol,91.1,0.911,0
complete,39.3,100,1,BrandonAvilanR,BrandonAvilanR,60.7,0.607,0
complete,12.2,84,1,DaniCastel,DaniCastel,87.8,0.878,0
complete,32.6,100,1,DaveValencia,DaveValencia,67.4,0.674,0
complete,72.7,100,1,Orloffyeah,Orloffyeah,27.3,0.273,0
complete,99.9,100,1,alejosaur,alejosaur,0.1,0.001,0
complete,49.4,100,1,anythinglord,anythinglord,50.6,0.506,0
complete,32.6,100,1,buendiagon,buendiagon,67.4,0.674,0
complete,94.3,100,1,cglaitong,cglaitong,5.7,0.057,0
complete,56.4,96.8,1,criscapunal,criscapunal,43.6,0.436,0
complete,12.4,32.5,1,csalfonsol,csalfonsol,87.6,0.876,0
complete,77.2,100,1,dieguischa,dieguischa,22.8,0.228,0
complete,32.6,100,1,jaasuarezvi,jaasuarezvi,67.4,0.674,0
complete,32.6,100,1,tres-xxx,tres-xxx,67.4,0.674,0
simple,84.7,100,1,BrandonAvilanR,BrandonAvilanR,15.3,0.153,0
simple,18.7,74.3,1,DaniCastel,DaniCastel,81.3,0.813,0
simple,32.6,100,1,DaveValencia,DaveValencia,67.4,0.674,0
simple,79.3,100,1,Orloffyeah,Orloffyeah,20.7,0.207,0
simple,99.9,100,1,alejosaur,alejosaur,0.1,0.001,0
simple,68.3,100,1,anythinglord,anythinglord,31.7,0.317,0
simple,32.6,100,1,buendiagon,buendiagon,67.4,0.674,0
simple,99.8,100,1,cglaitong,cglaitong,0.2,0.002,0
simple,13.9,100,1,criscapunal,criscapunal,86.1,0.861,0
simple,13,42.8,1,csalfonsol,csalfonsol,87,0.87,0
simple,77.2,100,1,dieguischa,dieguischa,22.8,0.228,0
simple,32.6,100,1,jaasuarezvi,jaasuarezvi,67.4,0.674,0
simple,32.6,100,1,tres-xxx,tres-xxx,67.4,0.674,0
maps,98.2,100,2,DaniCastel,DaniCastel,1.8,0.018,0
maps,37.1,67.2,2,Orloffyeah,Orloffyeah,62.9,0.629,0
maps,70.7,28.7,2,alejosaur,alejosaur,29.3,0.293,0
maps,24.5,37.2,2,anythinglord,anythinglord,75.5,0.755,0
maps,39.5,68.7,2,cglaitong,cglaitong,60.5,0.605,0
maps,40.7,41.6,2,criscapunal,criscapunal,59.3,0.593,0
maps,36,44.2,2,csalfonsol,csalfonsol,64,0.64,0
charts,81,93.5,2,alejosaur,alejosaur,19,0.19,0
complete,39.2,100,2,BrandonAvilanR,BrandonAvilanR,60.8,0.608,0
complete,64,100,2,DaniCastel,DaniCastel,36,0.36,0
complete,32.6,100,2,DaveValencia,DaveValencia,67.4,0.674,0
complete,74.8,100,2,Orloffyeah,Orloffyeah,25.2,0.252,0
complete,100,100,2,alejosaur,alejosaur,0,0,0
complete,22.7,48.9,2,anythinglord,anythinglord,77.3,0.773,0
complete,32.6,100,2,buendiagon,buendiagon,67.4,0.674,0
complete,79.5,100,2,cglaitong,cglaitong,20.5,0.205,0
complete,40.9,41.3,2,criscapunal,criscapunal,59.1,0.591,0
complete,23.9,96,2,csalfonsol,csalfonsol,76.1,0.761,0
complete,83.5,100,2,dieguischa,dieguischa,16.5,0.165,0
complete,32.6,100,2,jaasuarezvi,jaasuarezvi,67.4,0.674,0
complete,32.6,100,2,tres-xxx,tres-xxx,67.4,0.674,0
simple,46.6,100,2,BrandonAvilanR,BrandonAvilanR,53.4,0.534,0
simple,79.9,100,2,DaniCastel,DaniCastel,20.1,0.201,0
simple,32.6,100,2,DaveValencia,DaveValencia,67.4,0.674,0
simple,80,100,2,Orloffyeah,Orloffyeah,20,0.2,0
simple,100,100,2,alejosaur,alejosaur,0,0,0
simple,16.7,22.8,2,anythinglord,anythinglord,83.3,0.833,0
simple,32.6,100,2,buendiagon,buendiagon,67.4,0.674,0
simple,84.9,100,2,cglaitong,cglaitong,15.1,0.151,0
simple,38.9,100,2,criscapunal,criscapunal,61.1,0.611,0
simple,32.7,97.6,2,csalfonsol,csalfonsol,67.3,0.673,0
simple,83.5,100,2,dieguischa,dieguischa,16.5,0.165,0
simple,32.6,100,2,jaasuarezvi,jaasuarezvi,67.4,0.674,0
simple,32.6,100,2,tres-xxx,tres-xxx,67.4,0.674,0
maps,15.8,98.7,3,DaniCastel,DaniCastel,84.2,0.842,0
maps,15.5,93.4,3,JorgeTorresC,JorgeTorresC,84.5,0.845,0
maps,36.9,67.2,3,Orloffyeah,Orloffyeah,63.1,0.631,0
maps,68.7,95,3,alejosaur,alejosaur,31.3,0.313,0
maps,29.9,88,3,anythinglord,anythinglord,70.1,0.701,0
maps,28.3,46.9,3,cglaitong,cglaitong,71.7,0.717,0
maps,14.1,19.5,3,criscapunal,criscapunal,85.9,0.859,0
maps,53.7,89.6,3,csalfonsol,csalfonsol,46.3,0.463,0
maps,35.3,45.7,3,daapinzonch,daapinzonch,64.7,0.647,0
maps,26.1,88.6,3,jdsolanos,jdsolanos,73.9,0.739,0
charts,94.7,100,3,BrandonAvilanR,BrandonAvilanR,5.3,0.053,0
charts,71.4,100,3,alejosaur,alejosaur,28.6,0.286,0
charts,96.5,100,3,cglaitong,cglaitong,3.5,0.035,0
charts,96.5,100,3,cglaitong,cglaitong,3.5,0.035,0
charts,96.5,100,3,cglaitong,cglaitong,3.5,0.035,0
charts,96.5,100,3,cglaitong,cglaitong,3.5,0.035,0
complete,61.7,100,3,BrandonAvilanR,BrandonAvilanR,38.3,0.383,0
complete,32.6,100,3,DSFarfanF,DSFarfanF,67.4,0.674,0
complete,20.3,100,3,DaniCastel,DaniCastel,79.7,0.797,0
complete,32.6,100,3,DaveValencia,DaveValencia,67.4,0.674,0
complete,70.9,96.7,3,JorgeTorresC,JorgeTorresC,29.1,0.291,0
complete,75.2,100,3,Orloffyeah,Orloffyeah,24.8,0.248,0
complete,0,100,3,Saariasba,Saariasba,100,1,0
complete,28.8,67.5,3,SergioLopez40,SergioLopez40,71.2,0.712,0
complete,100,100,3,alejosaur,alejosaur,0,0,0
complete,60.8,100,3,anythinglord,anythinglord,39.2,0.392,0
complete,32.6,100,3,buendiagon,buendiagon,67.4,0.674,0
complete,78.9,100,3,cglaitong,cglaitong,21.1,0.211,0
complete,58.3,88.3,3,criscapunal,criscapunal,41.7,0.417,0
complete,28.7,100,3,csalfonsol,csalfonsol,71.3,0.713,0
complete,47,98,3,daapinzonch,daapinzonch,53,0.53,0
complete,64.5,38.9,3,dcastanedar,dcastanedar,35.5,0.355,0
complete,35.4,100,3,dieguischa,dieguischa,64.6,0.646,0
complete,32.6,100,3,jaasuarezvi,jaasuarezvi,67.4,0.674,0
complete,45.8,100,3,jdsolanos,jdsolanos,54.2,0.542,0
complete,32.6,100,3,tres-xxx,tres-xxx,67.4,0.674,0
complete,32.9,96.5,3,trickyjuggler,trickyjuggler,67.1,0.671,0
simple,58.2,100,3,BrandonAvilanR,BrandonAvilanR,41.8,0.418,0
simple,32.6,100,3,DSFarfanF,DSFarfanF,67.4,0.674,0
simple,25.3,100,3,DaniCastel,DaniCastel,74.7,0.747,0
simple,32.6,100,3,DaveValencia,DaveValencia,67.4,0.674,0
simple,71.7,100,3,JorgeTorresC,JorgeTorresC,28.3,0.283,0
simple,85,100,3,Orloffyeah,Orloffyeah,15,0.15,0
simple,0,100,3,Saariasba,Saariasba,100,1,0
simple,64.6,67.4,3,SergioLopez40,SergioLopez40,35.4,0.354,0
simple,100,100,3,alejosaur,alejosaur,0,0,0
simple,67,100,3,anythinglord,anythinglord,33,0.33,0
simple,32.6,100,3,buendiagon,buendiagon,67.4,0.674,0
simple,87.7,100,3,cglaitong,cglaitong,12.3,0.123,0
simple,3.7,100,3,criscapunal,criscapunal,96.3,0.963,0
simple,35.7,100,3,csalfonsol,csalfonsol,64.3,0.643,0
simple,61.7,25.2,3,daapinzonch,daapinzonch,38.3,0.383,0
simple,6.9,100,3,dcastanedar,dcastanedar,93.1,0.931,0
simple,35.4,100,3,dieguischa,dieguischa,64.6,0.646,0
simple,32.6,100,3,jaasuarezvi,jaasuarezvi,67.4,0.674,0
simple,87.3,100,3,jdsolanos,jdsolanos,12.7,0.127,0
simple,32.6,100,3,tres-xxx,tres-xxx,67.4,0.674,0
simple,42.9,100,3,trickyjuggler,trickyjuggler,57.1,0.571,0
maps,99.8,100,4,BrandonAvilanR,BrandonAvilanR,0.2,0.002,0
maps,76.6,96.7,4,DaniCastel,DaniCastel,23.4,0.234,0
maps,100,100,4,JorgeTorresC,JorgeTorresC,0,0,0
maps,32.6,100,4,Orloffyeah,Orloffyeah,67.4,0.674,0
maps,99.9,100,4,SergioLopez40,SergioLopez40,0.1,0.001,0
maps,100,100,4,alejosaur,alejosaur,0,0,0
maps,100,100,4,anythinglord,anythinglord,0,0,0
maps,100,100,4,cglaitong,cglaitong,0,0,0
maps,90.2,100,4,csalfonsol,csalfonsol,9.8,0.098,0
maps,28.3,37.2,4,daapinzonch,daapinzonch,71.7,0.717,0
maps,24.9,34.8,4,jdsolanos,jdsolanos,75.1,0.751,0
charts,100,100,4,BrandonAvilanR,BrandonAvilanR,0,0,0
charts,100,100,4,alejosaur,alejosaur,0,0,0
charts,100,100,4,cglaitong,cglaitong,0,0,0
charts,100,100,4,cglaitong,cglaitong,0,0,0
charts,100,100,4,cglaitong,cglaitong,0,0,0
charts,100,100,4,cglaitong,cglaitong,0,0,0
complete,46.3,100,4,BrandonAvilanR,BrandonAvilanR,53.7,0.537,0
complete,100,100,4,DSFarfanF,DSFarfanF,0,0,0
complete,71,100,4,DaniCastel,DaniCastel,29,0.29,0
complete,100,100,4,DaveValencia,DaveValencia,0,0,0
complete,93.4,100,4,JorgeTorresC,JorgeTorresC,6.6,0.066,0
complete,78.2,100,4,Orloffyeah,Orloffyeah,21.8,0.218,0
complete,0,100,4,Saariasba,Saariasba,100,1,0
complete,99.9,100,4,SergioLopez40,SergioLopez40,0.1,0.001,0
complete,100,100,4,alejosaur,alejosaur,0,0,0
complete,72.2,100,4,anythinglord,anythinglord,27.8,0.278,0
complete,100,100,4,buendiagon,buendiagon,0,0,0
complete,100,100,4,cglaitong,cglaitong,0,0,0
complete,65.3,53.8,4,criscapunal,criscapunal,34.7,0.347,0
complete,77.2,100,4,csalfonsol,csalfonsol,22.8,0.228,0
complete,49.4,100,4,daapinzonch,daapinzonch,50.6,0.506,0
complete,18.2,44.3,4,dcastanedar,dcastanedar,81.8,0.818,0
complete,100,100,4,dieguischa,dieguischa,0,0,0
complete,100,100,4,jaasuarezvi,jaasuarezvi,0,0,0
complete,49.4,100,4,jdsolanos,jdsolanos,50.6,0.506,0
complete,100,100,4,tres-xxx,tres-xxx,0,0,0
complete,59.1,90.8,4,trickyjuggler,trickyjuggler,40.9,0.409,0
simple,66.3,100,4,BrandonAvilanR,BrandonAvilanR,33.7,0.337,0
simple,100,100,4,DSFarfanF,DSFarfanF,0,0,0
simple,88.2,100,4,DaniCastel,DaniCastel,11.8,0.118,0
simple,100,100,4,DaveValencia,DaveValencia,0,0,0
simple,93.4,100,4,JorgeTorresC,JorgeTorresC,6.6,0.066,0
simple,91.6,100,4,Orloffyeah,Orloffyeah,8.4,0.084,0
simple,0,100,4,Saariasba,Saariasba,100,1,0
simple,100,100,4,SergioLopez40,SergioLopez40,0,0,0
simple,100,100,4,alejosaur,alejosaur,0,0,0
simple,81,100,4,anythinglord,anythinglord,19,0.19,0
simple,100,100,4,buendiagon,buendiagon,0,0,0
simple,100,100,4,cglaitong,cglaitong,0,0,0
simple,3.6,100,4,criscapunal,criscapunal,96.4,0.964,0
simple,78.7,100,4,csalfonsol,csalfonsol,21.3,0.213,0
simple,86.8,100,4,daapinzonch,daapinzonch,13.2,0.132,0
simple,6.5,100,4,dcastanedar,dcastanedar,93.5,0.935,0
simple,100,100,4,dieguischa,dieguischa,0,0,0
simple,100,100,4,jaasuarezvi,jaasuarezvi,0,0,0
simple,96.7,100,4,jdsolanos,jdsolanos,3.3,0.033,0
simple,100,100,4,tres-xxx,tres-xxx,0,0,0
simple,79.6,100,4,trickyjuggler,trickyjuggler,20.4,0.204,0
maps,4,22,1,FredyRosero,FredyRosero,96,0.96,2
maps,27.2,100,1,LauraMolina,LauraMolina,72.8,0.728,2
maps,21.2,31.3,1,RafaelCruz15,RafaelCruz15,78.8,0.788,2
maps,26.6,100,1,davideperdomo,davideperdomo,73.4,0.734,2
maps,43.7,33.9,1,jannMorenoJ,jannMorenoJ,56.3,0.563,2
maps,23.6,39.7,1,pahigueraf,pahigueraf,76.4,0.764,2
complete,28.7,100,1,Acreed21,Acreed21,71.3,0.713,2
complete,49.3,100,1,Camiioo,Camiioo,50.7,0.507,2
complete,4,22,1,FredyRosero,FredyRosero,96,0.96,2
complete,39.3,100,1,JamerMejiaGarcia,JamerMejiaGarcia,60.7,0.607,2
complete,100,100,1,Jfcastroh,Jfcastroh,0,0,2
complete,35.8,100,1,LauraMolina,LauraMolina,64.2,0.642,2
complete,32.2,97,1,RafaelCruz15,RafaelCruz15,67.8,0.678,2
complete,37.3,97,1,adcorredorm,adcorredorm,62.7,0.627,2
complete,100,100,1,alebautis,alebautis,0,0,2
complete,52.1,54.2,1,ayperezc,ayperezc,47.9,0.479,2
complete,100,100,1,bfprietoc,bfprietoc,0,0,2
complete,11.7,100,1,biherrerap,biherrerap,88.3,0.883,2
complete,16,100,1,dahrojasca,dahrojasca,84,0.84,2
complete,43.9,100,1,davideperdomo,davideperdomo,56.1,0.561,2
complete,56.1,100,1,frnkbs,frnkbs,43.9,0.439,2
complete,100,100,1,gahormigag,gahormigag,0,0,2
complete,100,100,1,ironhacktech2,ironhacktech2,0,0,2
complete,95.1,100,1,jannMorenoJ,jannMorenoJ,4.9,0.049,2
complete,5.8,77,1,jdgaitanf,jdgaitanf,94.2,0.942,2
complete,42,97.2,1,nikolasto,nikolasto,58,0.58,2
complete,34.1,96.5,1,pahigueraf,pahigueraf,65.9,0.659,2
complete,27.6,27.3,1,sarguellesr,sarguellesr,72.4,0.724,2
complete,1.5,100,1,uxjudges1,uxjudges1,98.5,0.985,2
complete,100,100,1,uxjudges,uxjudges,0,0,2
complete,100,100,1,vvargasd,vvargasd,0,0,2
simple,41.2,100,1,Acreed21,Acreed21,58.8,0.588,2
simple,46.1,100,1,Camiioo,Camiioo,53.9,0.539,2
simple,100,100,1,FredyRosero,FredyRosero,0,0,2
simple,34.6,100,1,JamerMejiaGarcia,JamerMejiaGarcia,65.4,0.654,2
simple,100,100,1,Jfcastroh,Jfcastroh,0,0,2
simple,52.3,56.2,1,LauraMolina,LauraMolina,47.7,0.477,2
simple,68,95.5,1,RafaelCruz15,RafaelCruz15,32,0.32,2
simple,58.4,96.7,1,adcorredorm,adcorredorm,41.6,0.416,2
simple,100,100,1,alebautis,alebautis,0,0,2
simple,61,57.9,1,ayperezc,ayperezc,39,0.39,2
simple,100,100,1,bfprietoc,bfprietoc,0,0,2
simple,6.2,100,1,biherrerap,biherrerap,93.8,0.938,2
simple,16,100,1,dahrojasca,dahrojasca,84,0.84,2
simple,67.4,88.9,1,davideperdomo,davideperdomo,32.6,0.326,2
simple,56.1,100,1,frnkbs,frnkbs,43.9,0.439,2
simple,100,100,1,gahormigag,gahormigag,0,0,2
simple,100,100,1,ironhacktech2,ironhacktech2,0,0,2
simple,98.9,100,1,jannMorenoJ,jannMorenoJ,1.1,0.011,2
simple,34.3,82.7,1,jdgaitanf,jdgaitanf,65.7,0.657,2
simple,43.4,97.3,1,nikolasto,nikolasto,56.6,0.566,2
simple,100,100,1,pahigueraf,pahigueraf,0,0,2
simple,17.6,21.6,1,sarguellesr,sarguellesr,82.4,0.824,2
simple,1.5,100,1,uxjudges1,uxjudges1,98.5,0.985,2
simple,100,100,1,uxjudges,uxjudges,0,0,2
simple,100,100,1,vvargasd,vvargasd,0,0,2
maps,5.5,100,2,FredyRosero,FredyRosero,94.5,0.945,2
maps,100,100,2,JamerMejiaGarcia,JamerMejiaGarcia,0,0,2
maps,100,100,2,LauraMolina,LauraMolina,0,0,2
maps,19.1,33,2,RafaelCruz15,RafaelCruz15,80.9,0.809,2
maps,100,100,2,adcorredorm,adcorredorm,0,0,2
maps,100,100,2,ayperezc,ayperezc,0,0,2
maps,38.7,37.4,2,gimg1859,gimg1859,61.3,0.613,2
maps,49,36.2,2,jdgaitanf,jdgaitanf,51,0.51,2
maps,3.8,80,2,pahigueraf,pahigueraf,96.2,0.962,2
maps,100,100,2,sarguellesr,sarguellesr,0,0,2
complete,100,100,2,Acreed21,Acreed21,0,0,2
complete,25.4,100,2,Camiioo,Camiioo,74.6,0.746,2
complete,10.6,100,2,FredyRosero,FredyRosero,89.4,0.894,2
complete,100,100,2,JamerMejiaGarcia,JamerMejiaGarcia,0,0,2
complete,100,100,2,Jfcastroh,Jfcastroh,0,0,2
complete,100,100,2,LauraMolina,LauraMolina,0,0,2
complete,65.9,100,2,RafaelCruz15,RafaelCruz15,34.1,0.341,2
complete,100,100,2,adcorredorm,adcorredorm,0,0,2
complete,100,100,2,alebautis,alebautis,0,0,2
complete,100,100,2,ayperezc,ayperezc,0,0,2
complete,100,100,2,bfprietoc,bfprietoc,0,0,2
complete,100,100,2,biherrerap,biherrerap,0,0,2
complete,42.1,100,2,dahrojasca,dahrojasca,57.9,0.579,2
complete,59.2,100,2,davideperdomo,davideperdomo,40.8,0.408,2
complete,56.1,100,2,frnkbs,frnkbs,43.9,0.439,2
complete,100,100,2,gahormigag,gahormigag,0,0,2
complete,45.1,100,2,gimg1859,gimg1859,54.9,0.549,2
complete,100,100,2,ironhacktech2,ironhacktech2,0,0,2
complete,28.1,100,2,jannMorenoJ,jannMorenoJ,71.9,0.719,2
complete,43,72.5,2,jdgaitanf,jdgaitanf,57,0.57,2
complete,58.1,94.3,2,nikolasto,nikolasto,41.9,0.419,2
complete,35.3,57,2,pahigueraf,pahigueraf,64.7,0.647,2
complete,81,100,2,sarguellesr,sarguellesr,19,0.19,2
complete,100,100,2,uxjudges1,uxjudges1,0,0,2
complete,100,100,2,uxjudges,uxjudges,0,0,2
complete,100,100,2,vvargasd,vvargasd,0,0,2
simple,99.9,100,2,Acreed21,Acreed21,0.1,0.001,2
simple,46.1,100,2,Camiioo,Camiioo,53.9,0.539,2
simple,33.8,65.6,2,FredyRosero,FredyRosero,66.2,0.662,2
simple,100,100,2,JamerMejiaGarcia,JamerMejiaGarcia,0,0,2
simple,100,100,2,Jfcastroh,Jfcastroh,0,0,2
simple,100,100,2,LauraMolina,LauraMolina,0,0,2
simple,90.2,100,2,RafaelCruz15,RafaelCruz15,9.8,0.098,2
simple,100,100,2,adcorredorm,adcorredorm,0,0,2
simple,100,100,2,alebautis,alebautis,0,0,2
simple,100,100,2,ayperezc,ayperezc,0,0,2
simple,100,100,2,bfprietoc,bfprietoc,0,0,2
simple,100,100,2,biherrerap,biherrerap,0,0,2
simple,42.1,100,2,dahrojasca,dahrojasca,57.9,0.579,2
simple,56.1,100,2,frnkbs,frnkbs,43.9,0.439,2
simple,100,100,2,gahormigag,gahormigag,0,0,2
simple,100,100,2,gimg1859,gimg1859,0,0,2
simple,100,100,2,ironhacktech2,ironhacktech2,0,0,2
simple,28.1,100,2,jannMorenoJ,jannMorenoJ,71.9,0.719,2
simple,49.5,71.3,2,jdgaitanf,jdgaitanf,50.5,0.505,2
simple,72,94.3,2,nikolasto,nikolasto,28,0.28,2
simple,53.9,100,2,pahigueraf,pahigueraf,46.1,0.461,2
simple,86.3,100,2,sarguellesr,sarguellesr,13.7,0.137,2
simple,100,100,2,uxjudges1,uxjudges1,0,0,2
simple,100,100,2,uxjudges,uxjudges,0,0,2
simple,100,100,2,vvargasd,vvargasd,0,0,2
maps,100,100,3,Acreed21,Acreed21,0,0,2
maps,36.3,100,3,Camiioo,Camiioo,63.7,0.637,2
maps,99.3,100,3,FredyRosero,FredyRosero,0.7,0.007,2
maps,100,100,3,JamerMejiaGarcia,JamerMejiaGarcia,0,0,2
maps,100,100,3,LauraMolina,LauraMolina,0,0,2
maps,100,100,3,RafaelCruz15,RafaelCruz15,0,0,2
maps,100,100,3,adcorredorm,adcorredorm,0,0,2
maps,27.8,39.2,3,ayperezc,ayperezc,72.2,0.722,2
maps,100,100,3,biherrerap,biherrerap,0,0,2
maps,100,100,3,gimg1859,gimg1859,0,0,2
maps,100,100,3,pahigueraf,pahigueraf,0,0,2
maps,100,100,3,sarguellesr,sarguellesr,0,0,2
charts,100,100,3,pahigueraf,pahigueraf,0,0,2
complete,99.8,100,3,Acreed21,Acreed21,0.2,0.002,2
complete,36.4,100,3,Camiioo,Camiioo,63.6,0.636,2
complete,85.1,100,3,FredyRosero,FredyRosero,14.9,0.149,2
complete,100,100,3,JamerMejiaGarcia,JamerMejiaGarcia,0,0,2
complete,29.3,100,3,Jfcastroh,Jfcastroh,70.7,0.707,2
complete,91.6,100,3,LauraMolina,LauraMolina,8.4,0.084,2
complete,100,100,3,RafaelCruz15,RafaelCruz15,0,0,2
complete,100,100,3,adcorredorm,adcorredorm,0,0,2
complete,100,100,3,alebautis,alebautis,0,0,2
complete,82,99,3,ayperezc,ayperezc,18,0.18,2
complete,100,100,3,bfprietoc,bfprietoc,0,0,2
complete,33.8,100,3,biherrerap,biherrerap,66.2,0.662,2
complete,42.1,100,3,dahrojasca,dahrojasca,57.9,0.579,2
complete,72.8,100,3,davideperdomo,davideperdomo,27.2,0.272,2
complete,74.3,95,3,frnkbs,frnkbs,25.7,0.257,2
complete,100,100,3,gahormigag,gahormigag,0,0,2
complete,100,100,3,gimg1859,gimg1859,0,0,2
complete,86.9,100,3,ironhacktech2,ironhacktech2,13.1,0.131,2
complete,100,100,3,jannMorenoJ,jannMorenoJ,0,0,2
complete,41,100,3,jdgaitanf,jdgaitanf,59,0.59,2
complete,32.9,100,3,nikolasto,nikolasto,67.1,0.671,2
complete,100,100,3,pahigueraf,pahigueraf,0,0,2
complete,100,100,3,sarguellesr,sarguellesr,0,0,2
complete,100,100,3,uxjudges1,uxjudges1,0,0,2
complete,100,100,3,uxjudges,uxjudges,0,0,2
complete,100,100,3,vvargasd,vvargasd,0,0,2
simple,99.8,100,3,Acreed21,Acreed21,0.2,0.002,2
simple,100,100,3,Camiioo,Camiioo,0,0,2
simple,93.2,100,3,FredyRosero,FredyRosero,6.8,0.068,2
simple,100,100,3,JamerMejiaGarcia,JamerMejiaGarcia,0,0,2
simple,46.4,100,3,Jfcastroh,Jfcastroh,53.6,0.536,2
simple,100,100,3,LauraMolina,LauraMolina,0,0,2
simple,100,100,3,RafaelCruz15,RafaelCruz15,0,0,2
simple,100,100,3,adcorredorm,adcorredorm,0,0,2
simple,100,100,3,alebautis,alebautis,0,0,2
simple,95.8,98.3,3,ayperezc,ayperezc,4.2,0.042,2
simple,100,100,3,bfprietoc,bfprietoc,0,0,2
simple,33.8,100,3,biherrerap,biherrerap,66.2,0.662,2
simple,42.1,100,3,dahrojasca,dahrojasca,57.9,0.579,2
simple,27.6,94.7,3,frnkbs,frnkbs,72.4,0.724,2
simple,100,100,3,gahormigag,gahormigag,0,0,2
simple,35.8,100,3,gimg1859,gimg1859,64.2,0.642,2
simple,86.9,100,3,ironhacktech2,ironhacktech2,13.1,0.131,2
simple,100,100,3,jannMorenoJ,jannMorenoJ,0,0,2
simple,41,100,3,jdgaitanf,jdgaitanf,59,0.59,2
simple,32.9,100,3,nikolasto,nikolasto,67.1,0.671,2
simple,100,100,3,pahigueraf,pahigueraf,0,0,2
simple,100,100,3,sarguellesr,sarguellesr,0,0,2
simple,100,100,3,uxjudges1,uxjudges1,0,0,2
simple,100,100,3,uxjudges,uxjudges,0,0,2
simple,100,100,3,vvargasd,vvargasd,0,0,2
maps,99.4,100,4,FredyRosero,FredyRosero,0.6,0.006,2
maps,100,100,4,JamerMejiaGarcia,JamerMejiaGarcia,0,0,2
maps,100,100,4,Jfcastroh,Jfcastroh,0,0,2
maps,100,100,4,LauraMolina,LauraMolina,0,0,2
maps,19,100,4,RafaelCruz15,RafaelCruz15,81,0.81,2
maps,25.8,39.2,4,adcorredorm,adcorredorm,74.2,0.742,2
maps,100,100,4,ayperezc,ayperezc,0,0,2
maps,100,100,4,biherrerap,biherrerap,0,0,2
maps,98.9,100,4,davideperdomo,davideperdomo,1.1,0.011,2
maps,28,36.3,4,frnkbs,frnkbs,72,0.72,2
maps,25.8,50.8,4,pahigueraf,pahigueraf,74.2,0.742,2
maps,100,100,4,sarguellesr,sarguellesr,0,0,2
complete,33.6,100,4,Acreed21,Acreed21,66.4,0.664,2
complete,46.1,50.4,4,Camiioo,Camiioo,53.9,0.539,2
complete,50.6,100,4,FredyRosero,FredyRosero,49.4,0.494,2
complete,100,100,4,JamerMejiaGarcia,JamerMejiaGarcia,0,0,2
complete,100,100,4,Jfcastroh,Jfcastroh,0,0,2
complete,91.5,100,4,LauraMolina,LauraMolina,8.5,0.085,2
complete,46.1,96,4,RafaelCruz15,RafaelCruz15,53.9,0.539,2
complete,67.7,100,4,adcorredorm,adcorredorm,32.3,0.323,2
complete,100,100,4,alebautis,alebautis,0,0,2
complete,100,100,4,ayperezc,ayperezc,0,0,2
complete,100,100,4,bfprietoc,bfprietoc,0,0,2
complete,88.1,100,4,biherrerap,biherrerap,11.9,0.119,2
complete,12.5,100,4,dahrojasca,dahrojasca,87.5,0.875,2
complete,75.8,100,4,davideperdomo,davideperdomo,24.2,0.242,2
complete,65.2,100,4,frnkbs,frnkbs,34.8,0.348,2
complete,100,100,4,gahormigag,gahormigag,0,0,2
complete,32.8,100,4,gimg1859,gimg1859,67.2,0.672,2
complete,86.9,100,4,ironhacktech2,ironhacktech2,13.1,0.131,2
complete,100,100,4,jannMorenoJ,jannMorenoJ,0,0,2
complete,41,100,4,jdgaitanf,jdgaitanf,59,0.59,2
complete,100,100,4,nikolasto,nikolasto,0,0,2
complete,69.6,100,4,pahigueraf,pahigueraf,30.4,0.304,2
complete,100,100,4,sarguellesr,sarguellesr,0,0,2
complete,100,100,4,uxjudges1,uxjudges1,0,0,2
complete,100,100,4,uxjudges,uxjudges,0,0,2
complete,100,100,4,vvargasd,vvargasd,0,0,2
simple,41.5,100,4,Acreed21,Acreed21,58.5,0.585,2
simple,70.5,100,4,Camiioo,Camiioo,29.5,0.295,2
simple,92.4,100,4,FredyRosero,FredyRosero,7.6,0.076,2
simple,100,100,4,JamerMejiaGarcia,JamerMejiaGarcia,0,0,2
simple,100,100,4,Jfcastroh,Jfcastroh,0,0,2
simple,90.7,100,4,LauraMolina,LauraMolina,9.3,0.093,2
simple,60.5,42.5,4,RafaelCruz15,RafaelCruz15,39.5,0.395,2
simple,100,100,4,adcorredorm,adcorredorm,0,0,2
simple,100,100,4,alebautis,alebautis,0,0,2
simple,100,100,4,ayperezc,ayperezc,0,0,2
simple,100,100,4,bfprietoc,bfprietoc,0,0,2
simple,60.1,100,4,biherrerap,biherrerap,39.9,0.399,2
simple,12.5,100,4,dahrojasca,dahrojasca,87.5,0.875,2
simple,88.7,100,4,davideperdomo,davideperdomo,11.3,0.113,2
simple,98.2,100,4,frnkbs,frnkbs,1.8,0.018,2
simple,100,100,4,gahormigag,gahormigag,0,0,2
simple,32.8,100,4,gimg1859,gimg1859,67.2,0.672,2
simple,86.9,100,4,ironhacktech2,ironhacktech2,13.1,0.131,2
simple,100,100,4,jannMorenoJ,jannMorenoJ,0,0,2
simple,41,100,4,jdgaitanf,jdgaitanf,59,0.59,2
simple,100,100,4,nikolasto,nikolasto,0,0,2
simple,96.6,100,4,pahigueraf,pahigueraf,3.4,0.034,2
simple,100,100,4,sarguellesr,sarguellesr,0,0,2
simple,100,100,4,uxjudges1,uxjudges1,0,0,2
simple,100,100,4,uxjudges,uxjudges,0,0,2
simple,100,100,4,vvargasd,vvargasd,0,0,2
maps,100,100,1,Caadiazsi,Caadiazsi,0,0,1
maps,37.4,100,1,Joacampora,Joacampora,62.6,0.626,1
maps,27.4,34.9,1,Juankmilo97,Juankmilo97,72.6,0.726,1
maps,17.3,100,1,casc3798,casc3798,82.7,0.827,1
maps,100,100,1,diefrodriguezcha,diefrodriguezcha,0,0,1
maps,100,100,1,federgolo,federgolo,0,0,1
maps,24.4,92.5,1,jaleonro,jaleonro,75.6,0.756,1
maps,26.2,100,1,jsalcinar,jsalcinar,73.8,0.738,1
maps,100,100,1,nviverosb,nviverosb,0,0,1
maps,27.4,52.5,1,olimita,olimita,72.6,0.726,1
maps,20.2,100,1,serbatero,serbatero,79.8,0.798,1
maps,100,100,1,yaochoal,yaochoal,0,0,1
complete,100,100,1,Alekzu,Alekzu,0,0,1
complete,73.4,30,1,Anvido,Anvido,26.6,0.266,1
complete,40.5,100,1,Biopeligro,Biopeligro,59.5,0.595,1
complete,100,100,1,Caadiazsi,Caadiazsi,0,0,1
complete,51.2,100,1,DavidsMartinez,DavidsMartinez,48.8,0.488,1
complete,32.4,100,1,DiegoAraque1207,DiegoAraque1207,67.6,0.676,1
complete,100,100,1,GabrielUnal,GabrielUnal,0,0,1
complete,36,100,1,Gavnic,Gavnic,64,0.64,1
complete,100,100,1,Gusgal03,Gusgal03,0,0,1
complete,81.7,100,1,Joacampora,Joacampora,18.3,0.183,1
complete,29.2,49.8,1,Juankmilo97,Juankmilo97,70.8,0.708,1
complete,19.9,16.4,1,Jufcardenasmo,Jufcardenasmo,80.1,0.801,1
complete,100,100,1,Ozai98,Ozai98,0,0,1
complete,100,100,1,Sariilan,Sariilan,0,0,1
complete,100,100,1,bsdiaza,bsdiaza,0,0,1
complete,11.9,37.7,1,casc3798,casc3798,88.1,0.881,1
complete,36.6,100,1,diefrodriguezcha,diefrodriguezcha,63.4,0.634,1
complete,27.5,100,1,facuellarg,facuellarg,72.5,0.725,1
complete,91.1,100,1,federgolo,federgolo,8.9,0.089,1
complete,90.6,100,1,garayf,garayf,9.4,0.094,1
complete,83.7,100,1,jaleonro,jaleonro,16.3,0.163,1
complete,81.6,100,1,jsalcinar,jsalcinar,18.4,0.184,1
complete,100,100,1,jssanchezo,jssanchezo,0,0,1
complete,99.2,100,1,nviverosb,nviverosb,0.8,0.008,1
complete,32.4,100,1,olimita,olimita,67.6,0.676,1
complete,44.5,100,1,sebcamacho1703,sebcamacho1703,55.5,0.555,1
complete,30.4,98,1,serbatero,serbatero,69.6,0.696,1
complete,62.6,45.3,1,xFortich,xFortich,37.4,0.374,1
complete,86.5,100,1,yaochoal,yaochoal,13.5,0.135,1
simple,100,100,1,Alekzu,Alekzu,0,0,1
simple,73.4,30,1,Anvido,Anvido,26.6,0.266,1
simple,40.5,100,1,Biopeligro,Biopeligro,59.5,0.595,1
simple,100,100,1,Caadiazsi,Caadiazsi,0,0,1
simple,51.2,100,1,DavidsMartinez,DavidsMartinez,48.8,0.488,1
simple,32.4,100,1,DiegoAraque1207,DiegoAraque1207,67.6,0.676,1
simple,100,100,1,GabrielUnal,GabrielUnal,0,0,1
simple,36,100,1,Gavnic,Gavnic,64,0.64,1
simple,100,100,1,Gusgal03,Gusgal03,0,0,1
simple,50.3,29.8,1,Joacampora,Joacampora,49.7,0.497,1
simple,44.5,38,1,Juankmilo97,Juankmilo97,55.5,0.555,1
simple,9.7,12.1,1,Jufcardenasmo,Jufcardenasmo,90.3,0.903,1
simple,100,100,1,Ozai98,Ozai98,0,0,1
simple,100,100,1,Sariilan,Sariilan,0,0,1
simple,100,100,1,bsdiaza,bsdiaza,0,0,1
simple,13.6,84.5,1,casc3798,casc3798,86.4,0.864,1
simple,39.7,100,1,diefrodriguezcha,diefrodriguezcha,60.3,0.603,1
simple,27.5,100,1,facuellarg,facuellarg,72.5,0.725,1
simple,91.1,97,1,federgolo,federgolo,8.9,0.089,1
simple,97.6,100,1,garayf,garayf,2.4,0.024,1
simple,98.4,100,1,jaleonro,jaleonro,1.6,0.016,1
simple,84.2,100,1,jsalcinar,jsalcinar,15.8,0.158,1
simple,100,100,1,jssanchezo,jssanchezo,0,0,1
simple,88.3,100,1,olimita,olimita,11.7,0.117,1
simple,10.7,100,1,sebcamacho1703,sebcamacho1703,89.3,0.893,1
simple,65.5,80.7,1,serbatero,serbatero,34.5,0.345,1
simple,96.2,66.5,1,xFortich,xFortich,3.8,0.038,1
simple,96.8,100,1,yaochoal,yaochoal,3.2,0.032,1
maps,28.4,44.8,2,Joacampora,Joacampora,71.6,0.716,1
maps,100,100,2,Juankmilo97,Juankmilo97,0,0,1
maps,100,100,2,casc3798,casc3798,0,0,1
maps,85,100,2,diefrodriguezcha,diefrodriguezcha,15,0.15,1
maps,21,43.1,2,federgolo,federgolo,79,0.79,1
maps,83.8,98.4,2,jaleonro,jaleonro,16.2,0.162,1
maps,25.9,100,2,jsalcinar,jsalcinar,74.1,0.741,1
maps,100,100,2,nviverosb,nviverosb,0,0,1
maps,100,100,2,olimita,olimita,0,0,1
maps,100,100,2,serbatero,serbatero,0,0,1
maps,22.4,100,2,xFortich,xFortich,77.6,0.776,1
maps,100,100,2,yaochoal,yaochoal,0,0,1
complete,26.9,100,2,Alekzu,Alekzu,73.1,0.731,1
complete,18.7,100,2,Anvido,Anvido,81.3,0.813,1
complete,40.5,100,2,Biopeligro,Biopeligro,59.5,0.595,1
complete,45,100,2,Caadiazsi,Caadiazsi,55,0.55,1
complete,100,100,2,DavidsMartinez,DavidsMartinez,0,0,1
complete,28.2,100,2,DiegoAraque1207,DiegoAraque1207,71.8,0.718,1
complete,38.8,100,2,GabrielUnal,GabrielUnal,61.2,0.612,1
complete,36.5,100,2,Gavnic,Gavnic,63.5,0.635,1
complete,46.9,100,2,Gusgal03,Gusgal03,53.1,0.531,1
complete,74.9,100,2,Joacampora,Joacampora,25.1,0.251,1
complete,17.9,100,2,Juankmilo97,Juankmilo97,82.1,0.821,1
complete,48.6,99,2,Jufcardenasmo,Jufcardenasmo,51.4,0.514,1
complete,19.1,32.4,2,Ozai98,Ozai98,80.9,0.809,1
complete,100,100,2,Sariilan,Sariilan,0,0,1
complete,34,100,2,bsdiaza,bsdiaza,66,0.66,1
complete,95.9,100,2,casc3798,casc3798,4.1,0.041,1
complete,85.5,100,2,diefrodriguezcha,diefrodriguezcha,14.5,0.145,1
complete,27.6,100,2,facuellarg,facuellarg,72.4,0.724,1
complete,28.5,87,2,federgolo,federgolo,71.5,0.715,1
complete,100,100,2,garayf,garayf,0,0,1
complete,99.4,100,2,jaleonro,jaleonro,0.6,0.006,1
complete,74.3,100,2,jsalcinar,jsalcinar,25.7,0.257,1
complete,100,100,2,jssanchezo,jssanchezo,0,0,1
complete,100,100,2,nviverosb,nviverosb,0,0,1
complete,98.4,100,2,olimita,olimita,1.6,0.016,1
complete,11.4,100,2,sebcamacho1703,sebcamacho1703,88.6,0.886,1
complete,99.4,100,2,serbatero,serbatero,0.6,0.006,1
complete,93.8,100,2,xFortich,xFortich,6.2,0.062,1
complete,98.3,100,2,yaochoal,yaochoal,1.7,0.017,1
simple,26.9,100,2,Alekzu,Alekzu,73.1,0.731,1
simple,18.7,100,2,Anvido,Anvido,81.3,0.813,1
simple,40.5,100,2,Biopeligro,Biopeligro,59.5,0.595,1
simple,45,100,2,Caadiazsi,Caadiazsi,55,0.55,1
simple,100,100,2,DavidsMartinez,DavidsMartinez,0,0,1
simple,28.2,100,2,DiegoAraque1207,DiegoAraque1207,71.8,0.718,1
simple,38.8,100,2,GabrielUnal,GabrielUnal,61.2,0.612,1
simple,36.5,100,2,Gavnic,Gavnic,63.5,0.635,1
simple,46.9,100,2,Gusgal03,Gusgal03,53.1,0.531,1
simple,49.4,44.5,2,Joacampora,Joacampora,50.6,0.506,1
simple,64.8,46.8,2,Juankmilo97,Juankmilo97,35.2,0.352,1
simple,100,100,2,Jufcardenasmo,Jufcardenasmo,0,0,1
simple,19.1,32.4,2,Ozai98,Ozai98,80.9,0.809,1
simple,100,100,2,Sariilan,Sariilan,0,0,1
simple,34,100,2,bsdiaza,bsdiaza,66,0.66,1
simple,100,100,2,casc3798,casc3798,0,0,1
simple,87,100,2,diefrodriguezcha,diefrodriguezcha,13,0.13,1
simple,27.6,100,2,facuellarg,facuellarg,72.4,0.724,1
simple,32.2,54.4,2,federgolo,federgolo,67.8,0.678,1
simple,100,100,2,garayf,garayf,0,0,1
simple,99.4,100,2,jaleonro,jaleonro,0.6,0.006,1
simple,87.7,100,2,jsalcinar,jsalcinar,12.3,0.123,1
simple,100,100,2,jssanchezo,jssanchezo,0,0,1
simple,100,100,2,nviverosb,nviverosb,0,0,1
simple,98.4,100,2,olimita,olimita,1.6,0.016,1
simple,23.1,100,2,sebcamacho1703,sebcamacho1703,76.9,0.769,1
simple,99.4,100,2,serbatero,serbatero,0.6,0.006,1
simple,96.6,100,2,xFortich,xFortich,3.4,0.034,1
simple,100,100,2,yaochoal,yaochoal,0,0,1
maps,100,100,3,DiegoAraque1207,DiegoAraque1207,0,0,1
maps,100,100,3,GabrielUnal,GabrielUnal,0,0,1
maps,33.1,39.2,3,Joacampora,Joacampora,66.9,0.669,1
maps,100,100,3,Juankmilo97,Juankmilo97,0,0,1
maps,29.6,100,3,bsdiaza,bsdiaza,70.4,0.704,1
maps,100,100,3,casc3798,casc3798,0,0,1
maps,84.6,100,3,diefrodriguezcha,diefrodriguezcha,15.4,0.154,1
maps,22.2,32.4,3,federgolo,federgolo,77.8,0.778,1
maps,100,100,3,nviverosb,nviverosb,0,0,1
maps,100,100,3,olimita,olimita,0,0,1
maps,100,100,3,serbatero,serbatero,0,0,1
maps,100,100,3,yaochoal,yaochoal,0,0,1
complete,7.2,33.9,3,Alekzu,Alekzu,92.8,0.928,1
complete,99.9,100,3,Anvido,Anvido,0.1,0.001,1
complete,100,100,3,Biopeligro,Biopeligro,0,0,1
complete,100,100,3,Caadiazsi,Caadiazsi,0,0,1
complete,100,100,3,DavidsMartinez,DavidsMartinez,0,0,1
complete,99.7,100,3,DiegoAraque1207,DiegoAraque1207,0.3,0.003,1
complete,100,100,3,GabrielUnal,GabrielUnal,0,0,1
complete,34.5,100,3,Gavnic,Gavnic,65.5,0.655,1
complete,100,100,3,Gusgal03,Gusgal03,0,0,1
complete,25.2,89.2,3,Joacampora,Joacampora,74.8,0.748,1
complete,99.1,100,3,Juankmilo97,Juankmilo97,0.9,0.009,1
complete,48.6,99,3,Jufcardenasmo,Jufcardenasmo,51.4,0.514,1
complete,86.1,98.3,3,Ozai98,Ozai98,13.9,0.139,1
complete,100,100,3,Sariilan,Sariilan,0,0,1
complete,26.6,95.8,3,bsdiaza,bsdiaza,73.4,0.734,1
complete,100,100,3,casc3798,casc3798,0,0,1
complete,82.6,100,3,diefrodriguezcha,diefrodriguezcha,17.4,0.174,1
complete,27.6,100,3,facuellarg,facuellarg,72.4,0.724,1
complete,80.9,100,3,federgolo,federgolo,19.1,0.191,1
complete,99.8,100,3,garayf,garayf,0.2,0.002,1
complete,86.2,100,3,jaleonro,jaleonro,13.8,0.138,1
complete,90.7,100,3,jsalcinar,jsalcinar,9.3,0.093,1
complete,100,100,3,jssanchezo,jssanchezo,0,0,1
complete,99.7,100,3,nviverosb,nviverosb,0.3,0.003,1
complete,95.6,100,3,olimita,olimita,4.4,0.044,1
complete,59.9,91.8,3,sebcamacho1703,sebcamacho1703,40.1,0.401,1
complete,100,100,3,serbatero,serbatero,0,0,1
complete,67.1,54.1,3,xFortich,xFortich,32.9,0.329,1
complete,99.7,100,3,yaochoal,yaochoal,0.3,0.003,1
simple,87.2,100,3,Alekzu,Alekzu,12.8,0.128,1
simple,99.9,100,3,Anvido,Anvido,0.1,0.001,1
simple,100,100,3,Biopeligro,Biopeligro,0,0,1
simple,100,100,3,Caadiazsi,Caadiazsi,0,0,1
simple,100,100,3,DavidsMartinez,DavidsMartinez,0,0,1
simple,99.7,100,3,DiegoAraque1207,DiegoAraque1207,0.3,0.003,1
simple,100,100,3,GabrielUnal,GabrielUnal,0,0,1
simple,35.6,100,3,Gavnic,Gavnic,64.4,0.644,1
simple,100,100,3,Gusgal03,Gusgal03,0,0,1
simple,93.9,100,3,Joacampora,Joacampora,6.1,0.061,1
simple,99.1,100,3,Juankmilo97,Juankmilo97,0.9,0.009,1
simple,100,100,3,Jufcardenasmo,Jufcardenasmo,0,0,1
simple,86.1,98.3,3,Ozai98,Ozai98,13.9,0.139,1
simple,100,100,3,Sariilan,Sariilan,0,0,1
simple,32.7,87,3,bsdiaza,bsdiaza,67.3,0.673,1
simple,100,100,3,casc3798,casc3798,0,0,1
simple,90,100,3,diefrodriguezcha,diefrodriguezcha,10,0.1,1
simple,27.6,100,3,facuellarg,facuellarg,72.4,0.724,1
simple,97.3,100,3,federgolo,federgolo,2.7,0.027,1
simple,99.8,100,3,garayf,garayf,0.2,0.002,1
simple,99.8,100,3,jaleonro,jaleonro,0.2,0.002,1
simple,100,100,3,jssanchezo,jssanchezo,0,0,1
simple,80.2,100,3,nviverosb,nviverosb,19.8,0.198,1
simple,95.6,100,3,olimita,olimita,4.4,0.044,1
simple,63.4,96.5,3,sebcamacho1703,sebcamacho1703,36.6,0.366,1
simple,100,100,3,serbatero,serbatero,0,0,1
simple,98.7,54.1,3,xFortich,xFortich,1.3,0.013,1
simple,100,100,3,yaochoal,yaochoal,0,0,1
maps,99.8,100,4,Alekzu,Alekzu,0.2,0.002,1
maps,28.5,38.7,4,DiegoAraque1207,DiegoAraque1207,71.5,0.715,1
maps,23.4,70.3,4,GabrielUnal,GabrielUnal,76.6,0.766,1
maps,33.1,40.7,4,Joacampora,Joacampora,66.9,0.669,1
maps,26.4,100,4,Juankmilo97,Juankmilo97,73.6,0.736,1
maps,52.2,100,4,Jufcardenasmo,Jufcardenasmo,47.8,0.478,1
maps,87.6,100,4,bsdiaza,bsdiaza,12.4,0.124,1
maps,25.1,40.7,4,casc3798,casc3798,74.9,0.749,1
maps,100,100,4,federgolo,federgolo,0,0,1
maps,100,100,4,nviverosb,nviverosb,0,0,1
maps,100,100,4,olimita,olimita,0,0,1
maps,87.7,100,4,serbatero,serbatero,12.3,0.123,1
maps,100,100,4,yaochoal,yaochoal,0,0,1
charts,100,100,4,yaochoal,yaochoal,0,0,1
complete,28.8,100,4,Alekzu,Alekzu,71.2,0.712,1
complete,100,100,4,Anvido,Anvido,0,0,1
complete,9.7,73.6,4,Biopeligro,Biopeligro,90.3,0.903,1
complete,100,100,4,Caadiazsi,Caadiazsi,0,0,1
complete,100,100,4,DavidsMartinez,DavidsMartinez,0,0,1
complete,87.3,100,4,DiegoAraque1207,DiegoAraque1207,12.7,0.127,1
complete,45.1,99,4,GabrielUnal,GabrielUnal,54.9,0.549,1
complete,31.6,63,4,Gavnic,Gavnic,68.4,0.684,1
complete,100,100,4,Gusgal03,Gusgal03,0,0,1
complete,93.7,100,4,Joacampora,Joacampora,6.3,0.063,1
complete,84.4,100,4,Juankmilo97,Juankmilo97,15.6,0.156,1
complete,24.1,100,4,Jufcardenasmo,Jufcardenasmo,75.9,0.759,1
complete,100,100,4,Ozai98,Ozai98,0,0,1
complete,100,100,4,Sariilan,Sariilan,0,0,1
complete,85.4,100,4,bsdiaza,bsdiaza,14.6,0.146,1
complete,47.6,94.5,4,casc3798,casc3798,52.4,0.524,1
complete,26.5,100,4,diefrodriguezcha,diefrodriguezcha,73.5,0.735,1
complete,100,100,4,facuellarg,facuellarg,0,0,1
complete,91.5,100,4,federgolo,federgolo,8.5,0.085,1
complete,100,100,4,garayf,garayf,0,0,1
complete,84.8,100,4,jaleonro,jaleonro,15.2,0.152,1
complete,86.2,100,4,jsalcinar,jsalcinar,13.8,0.138,1
complete,100,100,4,jssanchezo,jssanchezo,0,0,1
complete,99.1,100,4,nviverosb,nviverosb,0.9,0.009,1
complete,98.3,100,4,olimita,olimita,1.7,0.017,1
complete,80.9,53,4,sebcamacho1703,sebcamacho1703,19.1,0.191,1
complete,41.5,100,4,serbatero,serbatero,58.5,0.585,1
complete,99.9,100,4,xFortich,xFortich,0.1,0.001,1
complete,99.3,100,4,yaochoal,yaochoal,0.7,0.007,1
simple,95.2,100,4,Alekzu,Alekzu,4.8,0.048,1
simple,100,100,4,Anvido,Anvido,0,0,1
simple,48.7,77.9,4,Biopeligro,Biopeligro,51.3,0.513,1
simple,100,100,4,Caadiazsi,Caadiazsi,0,0,1
simple,100,100,4,DavidsMartinez,DavidsMartinez,0,0,1
simple,98.2,100,4,DiegoAraque1207,DiegoAraque1207,1.8,0.018,1
simple,90.1,44.1,4,GabrielUnal,GabrielUnal,9.9,0.099,1
simple,33.2,57.7,4,Gavnic,Gavnic,66.8,0.668,1
simple,100,100,4,Gusgal03,Gusgal03,0,0,1
simple,95.8,100,4,Joacampora,Joacampora,4.2,0.042,1
simple,94.5,100,4,Juankmilo97,Juankmilo97,5.5,0.055,1
simple,10.2,23,4,Jufcardenasmo,Jufcardenasmo,89.8,0.898,1
simple,100,100,4,Ozai98,Ozai98,0,0,1
simple,100,100,4,Sariilan,Sariilan,0,0,1
simple,95.7,100,4,bsdiaza,bsdiaza,4.3,0.043,1
simple,71.1,79.9,4,casc3798,casc3798,28.9,0.289,1
simple,39.7,100,4,diefrodriguezcha,diefrodriguezcha,60.3,0.603,1
simple,100,100,4,facuellarg,facuellarg,0,0,1
simple,91.5,100,4,federgolo,federgolo,8.5,0.085,1
simple,100,100,4,garayf,garayf,0,0,1
simple,99.6,100,4,jaleonro,jaleonro,0.4,0.004,1
simple,100,100,4,jssanchezo,jssanchezo,0,0,1
simple,84.6,28.6,4,nviverosb,nviverosb,15.4,0.154,1
simple,98.3,100,4,olimita,olimita,1.7,0.017,1
simple,92.1,53.4,4,sebcamacho1703,sebcamacho1703,7.9,0.079,1
simple,54.1,100,4,serbatero,serbatero,45.9,0.459,1
simple,99.9,100,4,xFortich,xFortich,0.1,0.001,1
simple,99.6,100,4,yaochoal,yaochoal,0.4,0.004,1