,username1,username2,link1,link2,comparison_type,ssim,features2d,stage,link1_change,link2_change,ssim_exp
12,www.ironhacks.com,www.ironhacks.com,http://www.ironhacks.com/preview/FredyRosero/webapp_phase1/index.html,http://www.ironhacks.com/preview/FredyRosero/webapp_phase2/index.html,maps,4.0,22.0,1,FredyRosero,FredyRosero,96.0
26,www.ironhacks.com,www.ironhacks.com,http://www.ironhacks.com/preview/LauraMolina/webapp_phase1/index.html,http://www.ironhacks.com/preview/LauraMolina/webapp_phase2/index.html,maps,27.2,100.0,1,LauraMolina,LauraMolina,72.8
39,www.ironhacks.com,www.ironhacks.com,http://www.ironhacks.com/preview/RafaelCruz15/webapp_phase1/index.html,http://www.ironhacks.com/preview/RafaelCruz15/webapp_phase2/index.html,maps,21.2,31.3,1,RafaelCruz15,RafaelCruz15,78.8
54,www.ironhacks.com,www.ironhacks.com,http://www.ironhacks.com/preview/davideperdomo/webapp_phase1/index.html,http://www.ironhacks.com/preview/davideperdomo/webapp_phase2/index.html,maps,26.6,100.0,1,davideperdomo,davideperdomo,73.4
68,www.ironhacks.com,www.ironhacks.com,http://www.ironhacks.com/preview/jannMorenoJ/webapp_phase1/index.html,http://www.ironhacks.com/preview/jannMorenoJ/webapp_phase2/index.html,maps,43.7,33.9,1,jannMorenoJ,jannMorenoJ,56.3
82,www.ironhacks.com,www.ironhacks.com,http://www.ironhacks.com/preview/pahigueraf/webapp_phase1/index.html,http://www.ironhacks.com/preview/pahigueraf/webapp_phase2/index.html,maps,23.6,39.7,1,pahigueraf,pahigueraf,76.4
84,www.ironhacks.com,www.ironhacks.com,http://www.ironhacks.com/preview/Acreed21/webapp_phase1/index.html,http://www.ironhacks.com/preview/Acreed21/webapp_phase2/index.html,complete,28.7,100.0,1,Acreed21,Acreed21,71.3
111,www.ironhacks.com,www.ironhacks.com,http://www.ironhacks.com/preview/Camiioo/webapp_phase1/index.html,http://www.ironhacks.com/preview/Camiioo/webapp_phase2/index.html,complete,49.3,100.0,1,Camiioo,Camiioo,50.7
138,www.ironhacks.com,www.ironhacks.com,http://www.ironhacks.com/preview/FredyRosero/webapp_phase1/index.html,http://www.ironhacks.com/preview/FredyRosero/webapp_phase2/index.html,complete,4.0,22.0,1,FredyRosero,FredyRosero,96.0
165,www.ironhacks.com,www.ironhacks.com,http://www.ironhacks.com/preview/JamerMejiaGarcia/webapp_phase1/index.html,http://www.ironhacks.com/preview/JamerMejiaGarcia/webapp_phase2/index.html,complete,39.3,100.0,1,JamerMejiaGarcia,JamerMejiaGarcia,60.7
192,www.ironhacks.com,www.ironhacks.com,http://www.ironhacks.com/preview/Jfcastroh/webapp_phase1/index.html,http://www.ironhacks.com/preview/Jfcastroh/webapp_phase2/index.html,complete,100.0,100.0,1,Jfcastroh,Jfcastroh,0.0
219,www.ironhacks.com,www.ironhacks.com,http://www.ironhacks.com/preview/LauraMolina/webapp_phase1/index.html,http://www.ironhacks.com/preview/LauraMolina/webapp_phase2/index.html,complete,35.8,100.0,1,LauraMolina,LauraMolina,64.2
246,www.ironhacks.com,www.ironhacks.com,http://www.ironhacks.com/preview/RafaelCruz15/webapp_phase1/index.html,http://www.ironhacks.com/preview/RafaelCruz15/webapp_phase2/index.html,complete,32.2,97.0,1,RafaelCruz15,RafaelCruz15,67.8
273,www.ironhacks.com,www.ironhacks.com,http://www.ironhacks.com/preview/adcorredorm/webapp_phase1/index.html,http://www.ironhacks.com/preview/adcorredorm/webapp_phase2/index.html,complete,37.3,97.0,1,adcorredorm,adcorredorm,62.7
300,www.ironhacks.com,www.ironhacks.com,http://www.ironhacks.com/preview/alebautis/webapp_phase1/index.html,http://www.ironhacks.com/preview/alebautis/webapp_phase2/index.html,complete,100.0,100.0,1,alebautis,alebautis,0.0
327,www.ironhacks.com,www.ironhacks.com,http://www.ironhacks.com/preview/ayperezc/webapp_phase1/index.html,http://www.ironhacks.com/preview/ayperezc/webapp_phase2/index.html,complete,52.1,54.2,1,ayperezc,ayperezc,47.9
354,www.ironhacks.com,www.ironhacks.com,http://www.ironhacks.com/preview/bfprietoc/webapp_phase1/index.html,http://www.ironhacks.com/preview/bfprietoc/webapp_phase2/index.html,complete,100.0,100.0,1,bfprietoc,bfprietoc,0.0
381,www.ironhacks.com,www.ironhacks.com,http://www.ironhacks.com/preview/biherrerap/webapp_phase1/index.html,http://www.ironhacks.com/preview/biherrerap/webapp_phase2/index.html,complete,11.7,100.0,1,biherrerap,biherrerap,88.3
408,www.ironhacks.com,www.ironhacks.com,http://www.ironhacks.com/preview/dahrojasca/webapp_phase1/index.html,http://www.ironhacks.com/preview/dahrojasca/webapp_phase2/index.html,complete,16.0,100.0,1,dahrojasca,dahrojasca,84.0
435,www.ironhacks.com,www.ironhacks.com,http://www.ironhacks.com/preview/davideperdomo/webapp_phase1/index.html,http://www.ironhacks.com/preview/davideperdomo/webapp_phase2/index.html,complete,43.9,100.0,1,davideperdomo,davideperdomo,56.1
462,www.ironhacks.com,www.ironhacks.com,http://www.ironhacks.com/preview/frnkbs/webapp_phase1/index.html,http://www.ironhacks.com/preview/frnkbs/webapp_phase2/index.html,complete,56.1,100.0,1,frnkbs,frnkbs,43.9
489,www.ironhacks.com,www.ironhacks.com,http://www.ironhacks.com/preview/gahormigag/webapp_phase1/index.html,http://www.ironhacks.com/preview/gahormigag/webapp_phase2/index.html,complete,100.0,100.0,1,gahormigag,gahormigag,0.0
517,www.ironhacks.com,www.ironhacks.com,http://www.ironhacks.com/preview/ironhacktech2/webapp_phase1/index.html,http://www.ironhacks.com/preview/ironhacktech2/webapp_phase2/index.html,complete,100.0,100.0,1,ironhacktech2,ironhacktech2,0.0
544,www.ironhacks.com,www.ironhacks.com,http://www.ironhacks.com/preview/jannMorenoJ/webapp_phase1/index.html,http://www.ironhacks.com/preview/jannMorenoJ/webapp_phase2/index.html,complete,95.1,100.0,1,jannMorenoJ,jannMorenoJ,4.900000000000006
571,www.ironhacks.com,www.ironhacks.com,http://www.ironhacks.com/preview/jdgaitanf/webapp_phase1/index.html,http://www.ironhacks.com/preview/jdgaitanf/webapp_phase2/index.html,complete,5.8,77.0,1,jdgaitanf,jdgaitanf,94.2
598,www.ironhacks.com,www.ironhacks.com,http://www.ironhacks.com/preview/nikolasto/webapp_phase1/index.html,http://www.ironhacks.com/preview/nikolasto/webapp_phase2/index.html,complete,42.0,97.2,1,nikolasto,nikolasto,58.0
625,www.ironhacks.com,www.ironhacks.com,http://www.ironhacks.com/preview/pahigueraf/webapp_phase1/index.html,http://www.ironhacks.com/preview/pahigueraf/webapp_phase2/index.html,complete,34.1,96.5,1,pahigueraf,pahigueraf,65.9
652,www.ironhacks.com,www.ironhacks.com,http://www.ironhacks.com/preview/sarguellesr/webapp_phase1/index.html,http://www.ironhacks.com/preview/sarguellesr/webapp_phase2/index.html,complete,27.6,27.3,1,sarguellesr,sarguellesr,72.4
679,www.ironhacks.com,www.ironhacks.com,http://www.ironhacks.com/preview/uxjudges1/webapp_phase1/index.html,http://www.ironhacks.com/preview/uxjudges1/webapp_phase2/index.html,complete,1.5,100.0,1,uxjudges1,uxjudges1,98.5
706,www.ironhacks.com,www.ironhacks.com,http://www.ironhacks.com/preview/uxjudges/webapp_phase1/index.html,http://www.ironhacks.com/preview/uxjudges/webapp_phase2/index.html,complete,100.0,100.0,1,uxjudges,uxjudges,0.0
733,www.ironhacks.com,www.ironhacks.com,http://www.ironhacks.com/preview/vvargasd/webapp_phase1/index.html,http://www.ironhacks.com/preview/vvargasd/webapp_phase2/index.html,complete,100.0,100.0,1,vvargasd,vvargasd,0.0
734,www.ironhacks.com,www.ironhacks.com,http://www.ironhacks.com/preview/Acreed21/webapp_phase1/index.html,http://www.ironhacks.com/preview/Acreed21/webapp_phase2/index.html,simple,41.2,100.0,1,Acreed21,Acreed21,58.8
761,www.ironhacks.com,www.ironhacks.com,http://www.ironhacks.com/preview/Camiioo/webapp_phase1/index.html,http://www.ironhacks.com/preview/Camiioo/webapp_phase2/index.html,simple,46.1,100.0,1,Camiioo,Camiioo,53.9
788,www.ironhacks.com,www.ironhacks.com,http://www.ironhacks.com/preview/FredyRosero/webapp_phase1/index.html,http://www.ironhacks.com/preview/FredyRosero/webapp_phase2/index.html,simple,100.0,100.0,1,FredyRosero,FredyRosero,0.0
815,www.ironhacks.com,www.ironhacks.com,http://www.ironhacks.com/preview/JamerMejiaGarcia/webapp_phase1/index.html,http://www.ironhacks.com/preview/JamerMejiaGarcia/webapp_phase2/index.html,simple,34.6,100.0,1,JamerMejiaGarcia,JamerMejiaGarcia,65.4
842,www.ironhacks.com,www.ironhacks.com,http://www.ironhacks.com/preview/Jfcastroh/webapp_phase1/index.html,http://www.ironhacks.com/preview/Jfcastroh/webapp_phase2/index.html,simple,100.0,100.0,1,Jfcastroh,Jfcastroh,0.0
869,www.ironhacks.com,www.ironhacks.com,http://www.ironhacks.com/preview/LauraMolina/webapp_phase1/index.html,http://www.ironhacks.com/preview/LauraMolina/webapp_phase2/index.html,simple,52.3,56.2,1,LauraMolina,LauraMolina,47.7
896,www.ironhacks.com,www.ironhacks.com,http://www.ironhacks.com/preview/RafaelCruz15/webapp_phase1/index.html,http://www.ironhacks.com/preview/RafaelCruz15/webapp_phase2/index.html,simple,68.0,95.5,1,RafaelCruz15,RafaelCruz15,32.0
923,www.ironhacks.com,www.ironhacks.com,http://www.ironhacks.com/preview/adcorredorm/webapp_phase1/index.html,http://www.ironhacks.com/preview/adcorredorm/webapp_phase2/index.html,simple,58.4,96.7,1,adcorredorm,adcorredorm,41.6
950,www.ironhacks.com,www.ironhacks.com,http://www.ironhacks.com/preview/alebautis/webapp_phase1/index.html,http://www.ironhacks.com/preview/alebautis/webapp_phase2/index.html,simple,100.0,100.0,1,alebautis,alebautis,0.0
977,www.ironhacks.com,www.ironhacks.com,http://www.ironhacks.com/preview/ayperezc/webapp_phase1/index.html,http://www.ironhacks.com/preview/ayperezc/webapp_phase2/index.html,simple,61.0,57.9,1,ayperezc,ayperezc,39.0
1004,www.ironhacks.com,www.ironhacks.com,http://www.ironhacks.com/preview/bfprietoc/webapp_phase1/index.html,http://www.ironhacks.com/preview/bfprietoc/webapp_phase2/index.html,simple,100.0,100.0,1,bfprietoc,bfprietoc,0.0
1031,www.ironhacks.com,www.ironhacks.com,http://www.ironhacks.com/preview/biherrerap/webapp_phase1/index.html,http://www.ironhacks.com/preview/biherrerap/webapp_phase2/index.html,simple,6.2,100.0,1,biherrerap,biherrerap,93.8
1058,www.ironhacks.com,www.ironhacks.com,http://www.ironhacks.com/preview/dahrojasca/webapp_phase1/index.html,http://www.ironhacks.com/preview/dahrojasca/webapp_phase2/index.html,simple,16.0,100.0,1,dahrojasca,dahrojasca,84.0
1085,www.ironhacks.com,www.ironhacks.com,http://www.ironhacks.com/preview/davideperdomo/webapp_phase1/index.html,http://www.ironhacks.com/preview/davideperdomo/webapp_phase2/index.html,simple,67.4,88.9,1,davideperdomo,davideperdomo,32.599999999999994
1112,www.ironhacks.com,www.ironhacks.com,http://www.ironhacks.com/preview/frnkbs/webapp_phase1/index.html,http://www.ironhacks.com/preview/frnkbs/webapp_phase2/index.html,simple,56.1,100.0,1,frnkbs,frnkbs,43.9
1139,www.ironhacks.com,www.ironhacks.com,http://www.ironhacks.com/preview/gahormigag/webapp_phase1/index.html,http://www.ironhacks.com/preview/gahormigag/webapp_phase2/index.html,simple,100.0,100.0,1,gahormigag,gahormigag,0.0
1167,www.ironhacks.com,www.ironhacks.com,http://www.ironhacks.com/preview/ironhacktech2/webapp_phase1/index.html,http://www.ironhacks.com/preview/ironhacktech2/webapp_phase2/index.html,simple,100.0,100.0,1,ironhacktech2,ironhacktech2,0.0
1194,www.ironhacks.com,www.ironhacks.com,http://www.ironhacks.com/preview/jannMorenoJ/webapp_phase1/index.html,http://www.ironhacks.com/preview/jannMorenoJ/webapp_phase2/index.html,simple,98.9,100.0,1,jannMorenoJ,jannMorenoJ,1.0999999999999943
1221,www.ironhacks.com,www.ironhacks.com,http://www.ironhacks.com/preview/jdgaitanf/webapp_phase1/index.html,http://www.ironhacks.com/preview/jdgaitanf/webapp_phase2/index.html,simple,34.3,82.7,1,jdgaitanf,jdgaitanf,65.7
1248,www.ironhacks.com,www.ironhacks.com,http://www.ironhacks.com/preview/nikolasto/webapp_phase1/index.html,http://www.ironhacks.com/preview/nikolasto/webapp_phase2/index.html,simple,43.4,97.3,1,nikolasto,nikolasto,56.6
1275,www.ironhacks.com,www.ironhacks.com,http://www.ironhacks.com/preview/pahigueraf/webapp_phase1/index.html,http://www.ironhacks.com/preview/pahigueraf/webapp_phase2/index.html,simple,100.0,100.0,1,pahigueraf,pahigueraf,0.0
1302,www.ironhacks.com,www.ironhacks.com,http://www.ironhacks.com/preview/sarguellesr/webapp_phase1/index.html,http://www.ironhacks.com/preview/sarguellesr/webapp_phase2/index.html,simple,17.6,21.6,1,sarguellesr,sarguellesr,82.4
1329,www.ironhacks.com,www.ironhacks.com,http://www.ironhacks.com/preview/uxjudges1/webapp_phase1/index.html,http://www.ironhacks.com/preview/uxjudges1/webapp_phase2/index.html,simple,1.5,100.0,1,uxjudges1,uxjudges1,98.5
1356,www.ironhacks.com,www.ironhacks.com,http://www.ironhacks.com/preview/uxjudges/webapp_phase1/index.html,http://www.ironhacks.com/preview/uxjudges/webapp_phase2/index.html,simple,100.0,100.0,1,uxjudges,uxjudges,0.0
1383,www.ironhacks.com,www.ironhacks.com,http://www.ironhacks.com/preview/vvargasd/webapp_phase1/index.html,http://www.ironhacks.com/preview/vvargasd/webapp_phase2/index.html,simple,100.0,100.0,1,vvargasd,vvargasd,0.0
1386,www.ironhacks.com,www.ironhacks.com,http://www.ironhacks.com/preview/FredyRosero/webapp_phase2/index.html,http://www.ironhacks.com/preview/FredyRosero/webapp_phase3/index.html,maps,5.5,100.0,2,FredyRosero,FredyRosero,94.5
1401,www.ironhacks.com,www.ironhacks.com,http://www.ironhacks.com/preview/JamerMejiaGarcia/webapp_phase2/index.html,http://www.ironhacks.com/preview/JamerMejiaGarcia/webapp_phase3/index.html,maps,100.0,100.0,2,JamerMejiaGarcia,JamerMejiaGarcia,0.0
1416,www.ironhacks.com,www.ironhacks.com,http://www.ironhacks.com/preview/LauraMolina/webapp_phase2/index.html,http://www.ironhacks.com/preview/LauraMolina/webapp_phase3/index.html,maps,100.0,100.0,2,LauraMolina,LauraMolina,0.0
1431,www.ironhacks.com,www.ironhacks.com,http://www.ironhacks.com/preview/RafaelCruz15/webapp_phase2/index.html,http://www.ironhacks.com/preview/RafaelCruz15/webapp_phase3/index.html,maps,19.1,33.0,2,RafaelCruz15,RafaelCruz15,80.9
1446,www.ironhacks.com,www.ironhacks.com,http://www.ironhacks.com/preview/adcorredorm/webapp_phase2/index.html,http://www.ironhacks.com/preview/adcorredorm/webapp_phase3/index.html,maps,100.0,100.0,2,adcorredorm,adcorredorm,0.0
1461,www.ironhacks.com,www.ironhacks.com,http://www.ironhacks.com/preview/ayperezc/webapp_phase2/index.html,http://www.ironhacks.com/preview/ayperezc/webapp_phase3/index.html,maps,100.0,100.0,2,ayperezc,ayperezc,0.0
1491,www.ironhacks.com,www.ironhacks.com,http://www.ironhacks.com/preview/gimg1859/webapp_phase2/index.html,http://www.ironhacks.com/preview/gimg1859/webapp_phase3/index.html,maps,38.7,37.4,2,gimg1859,gimg1859,61.3
1520,www.ironhacks.com,www.ironhacks.com,http://www.ironhacks.com/preview/jdgaitanf/webapp_phase2/index.html,http://www.ironhacks.com/preview/jdgaitanf/webapp_phase3/index.html,maps,49.0,36.2,2,jdgaitanf,jdgaitanf,51.0
1536,www.ironhacks.com,www.ironhacks.com,http://www.ironhacks.com/preview/pahigueraf/webapp_phase2/index.html,http://www.ironhacks.com/preview/pahigueraf/webapp_phase3/index.html,maps,3.8,80.0,2,pahigueraf,pahigueraf,96.2
1551,www.ironhacks.com,www.ironhacks.com,http://www.ironhacks.com/preview/sarguellesr/webapp_phase2/index.html,http://www.ironhacks.com/preview/sarguellesr/webapp_phase3/index.html,maps,100.0,100.0,2,sarguellesr,sarguellesr,0.0
1552,www.ironhacks.com,www.ironhacks.com,http://www.ironhacks.com/preview/Acreed21/webapp_phase2/index.html,http://www.ironhacks.com/preview/Acreed21/webapp_phase3/index.html,complete,100.0,100.0,2,Acreed21,Acreed21,0.0
1579,www.ironhacks.com,www.ironhacks.com,http://www.ironhacks.com/preview/Camiioo/webapp_phase2/index.html,http://www.ironhacks.com/preview/Camiioo/webapp_phase3/index.html,complete,25.4,100.0,2,Camiioo,Camiioo,74.6
1606,www.ironhacks.com,www.ironhacks.com,http://www.ironhacks.com/preview/FredyRosero/webapp_phase2/index.html,http://www.ironhacks.com/preview/FredyRosero/webapp_phase3/index.html,complete,10.6,100.0,2,FredyRosero,FredyRosero,89.4
1633,www.ironhacks.com,www.ironhacks.com,http://www.ironhacks.com/preview/JamerMejiaGarcia/webapp_phase2/index.html,http://www.ironhacks.com/preview/JamerMejiaGarcia/webapp_phase3/index.html,complete,100.0,100.0,2,JamerMejiaGarcia,JamerMejiaGarcia,0.0
1660,www.ironhacks.com,www.ironhacks.com,http://www.ironhacks.com/preview/Jfcastroh/webapp_phase2/index.html,http://www.ironhacks.com/preview/Jfcastroh/webapp_phase3/index.html,complete,100.0,100.0,2,Jfcastroh,Jfcastroh,0.0
1687,www.ironhacks.com,www.ironhacks.com,http://www.ironhacks.com/preview/LauraMolina/webapp_phase2/index.html,http://www.ironhacks.com/preview/LauraMolina/webapp_phase3/index.html,complete,100.0,100.0,2,LauraMolina,LauraMolina,0.0
1714,www.ironhacks.com,www.ironhacks.com,http://www.ironhacks.com/preview/RafaelCruz15/webapp_phase2/index.html,http://www.ironhacks.com/preview/RafaelCruz15/webapp_phase3/index.html,complete,65.9,100.0,2,RafaelCruz15,RafaelCruz15,34.099999999999994
1741,www.ironhacks.com,www.ironhacks.com,http://www.ironhacks.com/preview/adcorredorm/webapp_phase2/index.html,http://www.ironhacks.com/preview/adcorredorm/webapp_phase3/index.html,complete,100.0,100.0,2,adcorredorm,adcorredorm,0.0
1768,www.ironhacks.com,www.ironhacks.com,http://www.ironhacks.com/preview/alebautis/webapp_phase2/index.html,http://www.ironhacks.com/preview/alebautis/webapp_phase3/index.html,complete,100.0,100.0,2,alebautis,alebautis,0.0
1795,www.ironhacks.com,www.ironhacks.com,http://www.ironhacks.com/preview/ayperezc/webapp_phase2/index.html,http://www.ironhacks.com/preview/ayperezc/webapp_phase3/index.html,complete,100.0,100.0,2,ayperezc,ayperezc,0.0
1822,www.ironhacks.com,www.ironhacks.com,http://www.ironhacks.com/preview/bfprietoc/webapp_phase2/index.html,http://www.ironhacks.com/preview/bfprietoc/webapp_phase3/index.html,complete,100.0,100.0,2,bfprietoc,bfprietoc,0.0
1849,www.ironhacks.com,www.ironhacks.com,http://www.ironhacks.com/preview/biherrerap/webapp_phase2/index.html,http://www.ironhacks.com/preview/biherrerap/webapp_phase3/index.html,complete,100.0,100.0,2,biherrerap,biherrerap,0.0
1876,www.ironhacks.com,www.ironhacks.com,http://www.ironhacks.com/preview/dahrojasca/webapp_phase2/index.html,http://www.ironhacks.com/preview/dahrojasca/webapp_phase3/index.html,complete,42.1,100.0,2,dahrojasca,dahrojasca,57.9
1903,www.ironhacks.com,www.ironhacks.com,http://www.ironhacks.com/preview/davideperdomo/webapp_phase2/index.html,http://www.ironhacks.com/preview/davideperdomo/webapp_phase3/index.html,complete,59.2,100.0,2,davideperdomo,davideperdomo,40.8
1930,www.ironhacks.com,www.ironhacks.com,http://www.ironhacks.com/preview/frnkbs/webapp_phase2/index.html,http://www.ironhacks.com/preview/frnkbs/webapp_phase3/index.html,complete,56.1,100.0,2,frnkbs,frnkbs,43.9
1957,www.ironhacks.com,www.ironhacks.com,http://www.ironhacks.com/preview/gahormigag/webapp_phase2/index.html,http://www.ironhacks.com/preview/gahormigag/webapp_phase3/index.html,complete,100.0,100.0,2,gahormigag,gahormigag,0.0
1984,www.ironhacks.com,www.ironhacks.com,http://www.ironhacks.com/preview/gimg1859/webapp_phase2/index.html,http://www.ironhacks.com/preview/gimg1859/webapp_phase3/index.html,complete,45.1,100.0,2,gimg1859,gimg1859,54.9
2011,www.ironhacks.com,www.ironhacks.com,http://www.ironhacks.com/preview/ironhacktech2/webapp_phase2/index.html,http://www.ironhacks.com/preview/ironhacktech2/webapp_phase3/index.html,complete,100.0,100.0,2,ironhacktech2,ironhacktech2,0.0
2038,www.ironhacks.com,www.ironhacks.com,http://www.ironhacks.com/preview/jannMorenoJ/webapp_phase2/index.html,http://www.ironhacks.com/preview/jannMorenoJ/webapp_phase3/index.html,complete,28.1,100.0,2,jannMorenoJ,jannMorenoJ,71.9
2065,www.ironhacks.com,www.ironhacks.com,http://www.ironhacks.com/preview/jdgaitanf/webapp_phase2/index.html,http://www.ironhacks.com/preview/jdgaitanf/webapp_phase3/index.html,complete,43.0,72.5,2,jdgaitanf,jdgaitanf,57.0
2092,www.ironhacks.com,www.ironhacks.com,http://www.ironhacks.com/preview/nikolasto/webapp_phase2/index.html,http://www.ironhacks.com/preview/nikolasto/webapp_phase3/index.html,complete,58.1,94.3,2,nikolasto,nikolasto,41.9
2119,www.ironhacks.com,www.ironhacks.com,http://www.ironhacks.com/preview/pahigueraf/webapp_phase2/index.html,http://www.ironhacks.com/preview/pahigueraf/webapp_phase3/index.html,complete,35.3,57.0,2,pahigueraf,pahigueraf,64.7
2146,www.ironhacks.com,www.ironhacks.com,http://www.ironhacks.com/preview/sarguellesr/webapp_phase2/index.html,http://www.ironhacks.com/preview/sarguellesr/webapp_phase3/index.html,complete,81.0,100.0,2,sarguellesr,sarguellesr,19.0
2173,www.ironhacks.com,www.ironhacks.com,http://www.ironhacks.com/preview/uxjudges1/webapp_phase2/index.html,http://www.ironhacks.com/preview/uxjudges1/webapp_phase3/index.html,complete,100.0,100.0,2,uxjudges1,uxjudges1,0.0
2200,www.ironhacks.com,www.ironhacks.com,http://www.ironhacks.com/preview/uxjudges/webapp_phase2/index.html,http://www.ironhacks.com/preview/uxjudges/webapp_phase3/index.html,complete,100.0,100.0,2,uxjudges,uxjudges,0.0
2227,www.ironhacks.com,www.ironhacks.com,http://www.ironhacks.com/preview/vvargasd/webapp_phase2/index.html,http://www.ironhacks.com/preview/vvargasd/webapp_phase3/index.html,complete,100.0,100.0,2,vvargasd,vvargasd,0.0
2228,www.ironhacks.com,www.ironhacks.com,http://www.ironhacks.com/preview/Acreed21/webapp_phase2/index.html,http://www.ironhacks.com/preview/Acreed21/webapp_phase3/index.html,simple,99.9,100.0,2,Acreed21,Acreed21,0.09999999999999432
2254,www.ironhacks.com,www.ironhacks.com,http://www.ironhacks.com/preview/Camiioo/webapp_phase2/index.html,http://www.ironhacks.com/preview/Camiioo/webapp_phase3/index.html,simple,46.1,100.0,2,Camiioo,Camiioo,53.9
2280,www.ironhacks.com,www.ironhacks.com,http://www.ironhacks.com/preview/FredyRosero/webapp_phase2/index.html,http://www.ironhacks.com/preview/FredyRosero/webapp_phase3/index.html,simple,33.8,65.6,2,FredyRosero,FredyRosero,66.2
2306,www.ironhacks.com,www.ironhacks.com,http://www.ironhacks.com/preview/JamerMejiaGarcia/webapp_phase2/index.html,http://www.ironhacks.com/preview/JamerMejiaGarcia/webapp_phase3/index.html,simple,100.0,100.0,2,JamerMejiaGarcia,JamerMejiaGarcia,0.0
2332,www.ironhacks.com,www.ironhacks.com,http://www.ironhacks.com/preview/Jfcastroh/webapp_phase2/index.html,http://www.ironhacks.com/preview/Jfcastroh/webapp_phase3/index.html,simple,100.0,100.0,2,Jfcastroh,Jfcastroh,0.0
2358,www.ironhacks.com,www.ironhacks.com,http://www.ironhacks.com/preview/LauraMolina/webapp_phase2/index.html,http://www.ironhacks.com/preview/LauraMolina/webapp_phase3/index.html,simple,100.0,100.0,2,LauraMolina,LauraMolina,0.0
2384,www.ironhacks.com,www.ironhacks.com,http://www.ironhacks.com/preview/RafaelCruz15/webapp_phase2/index.html,http://www.ironhacks.com/preview/RafaelCruz15/webapp_phase3/index.html,simple,90.2,100.0,2,RafaelCruz15,RafaelCruz15,9.799999999999997
2410,www.ironhacks.com,www.ironhacks.com,http://www.ironhacks.com/preview/adcorredorm/webapp_phase2/index.html,http://www.ironhacks.com/preview/adcorredorm/webapp_phase3/index.html,simple,100.0,100.0,2,adcorredorm,adcorredorm,0.0
2436,www.ironhacks.com,www.ironhacks.com,http://www.ironhacks.com/preview/alebautis/webapp_phase2/index.html,http://www.ironhacks.com/preview/alebautis/webapp_phase3/index.html,simple,100.0,100.0,2,alebautis,alebautis,0.0
2462,www.ironhacks.com,www.ironhacks.com,http://www.ironhacks.com/preview/ayperezc/webapp_phase2/index.html,http://www.ironhacks.com/preview/ayperezc/webapp_phase3/index.html,simple,100.0,100.0,2,ayperezc,ayperezc,0.0
2488,www.ironhacks.com,www.ironhacks.com,http://www.ironhacks.com/preview/bfprietoc/webapp_phase2/index.html,http://www.ironhacks.com/preview/bfprietoc/webapp_phase3/index.html,simple,100.0,100.0,2,bfprietoc,bfprietoc,0.0
2514,www.ironhacks.com,www.ironhacks.com,http://www.ironhacks.com/preview/biherrerap/webapp_phase2/index.html,http://www.ironhacks.com/preview/biherrerap/webapp_phase3/index.html,simple,100.0,100.0,2,biherrerap,biherrerap,0.0
2540,www.ironhacks.com,www.ironhacks.com,http://www.ironhacks.com/preview/dahrojasca/webapp_phase2/index.html,http://www.ironhacks.com/preview/dahrojasca/webapp_phase3/index.html,simple,42.1,100.0,2,dahrojasca,dahrojasca,57.9
2591,www.ironhacks.com,www.ironhacks.com,http://www.ironhacks.com/preview/frnkbs/webapp_phase2/index.html,http://www.ironhacks.com/preview/frnkbs/webapp_phase3/index.html,simple,56.1,100.0,2,frnkbs,frnkbs,43.9
2617,www.ironhacks.com,www.ironhacks.com,http://www.ironhacks.com/preview/gahormigag/webapp_phase2/index.html,http://www.ironhacks.com/preview/gahormigag/webapp_phase3/index.html,simple,100.0,100.0,2,gahormigag,gahormigag,0.0
2643,www.ironhacks.com,www.ironhacks.com,http://www.ironhacks.com/preview/gimg1859/webapp_phase2/index.html,http://www.ironhacks.com/preview/gimg1859/webapp_phase3/index.html,simple,100.0,100.0,2,gimg1859,gimg1859,0.0
2669,www.ironhacks.com,www.ironhacks.com,http://www.ironhacks.com/preview/ironhacktech2/webapp_phase2/index.html,http://www.ironhacks.com/preview/ironhacktech2/webapp_phase3/index.html,simple,100.0,100.0,2,ironhacktech2,ironhacktech2,0.0
2695,www.ironhacks.com,www.ironhacks.com,http://www.ironhacks.com/preview/jannMorenoJ/webapp_phase2/index.html,http://www.ironhacks.com/preview/jannMorenoJ/webapp_phase3/index.html,simple,28.1,100.0,2,jannMorenoJ,jannMorenoJ,71.9
2721,www.ironhacks.com,www.ironhacks.com,http://www.ironhacks.com/preview/jdgaitanf/webapp_phase2/index.html,http://www.ironhacks.com/preview/jdgaitanf/webapp_phase3/index.html,simple,49.5,71.3,2,jdgaitanf,jdgaitanf,50.5
2747,www.ironhacks.com,www.ironhacks.com,http://www.ironhacks.com/preview/nikolasto/webapp_phase2/index.html,http://www.ironhacks.com/preview/nikolasto/webapp_phase3/index.html,simple,72.0,94.3,2,nikolasto,nikolasto,28.0
2773,www.ironhacks.com,www.ironhacks.com,http://www.ironhacks.com/preview/pahigueraf/webapp_phase2/index.html,http://www.ironhacks.com/preview/pahigueraf/webapp_phase3/index.html,simple,53.9,100.0,2,pahigueraf,pahigueraf,46.1
2799,www.ironhacks.com,www.ironhacks.com,http://www.ironhacks.com/preview/sarguellesr/webapp_phase2/index.html,http://www.ironhacks.com/preview/sarguellesr/webapp_phase3/index.html,simple,86.3,100.0,2,sarguellesr,sarguellesr,13.700000000000003
2825,www.ironhacks.com,www.ironhacks.com,http://www.ironhacks.com/preview/uxjudges1/webapp_phase2/index.html,http://www.ironhacks.com/preview/uxjudges1/webapp_phase3/index.html,simple,100.0,100.0,2,uxjudges1,uxjudges1,0.0
2851,www.ironhacks.com,www.ironhacks.com,http://www.ironhacks.com/preview/uxjudges/webapp_phase2/index.html,http://www.ironhacks.com/preview/uxjudges/webapp_phase3/index.html,simple,100.0,100.0,2,uxjudges,uxjudges,0.0
2877,www.ironhacks.com,www.ironhacks.com,http://www.ironhacks.com/preview/vvargasd/webapp_phase2/index.html,http://www.ironhacks.com/preview/vvargasd/webapp_phase3/index.html,simple,100.0,100.0,2,vvargasd,vvargasd,0.0
2878,www.ironhacks.com,www.ironhacks.com,http://www.ironhacks.com/preview/Acreed21/webapp_phase3/index.html,http://www.ironhacks.com/preview/Acreed21/webapp_phase4/index.html,maps,100.0,100.0,3,Acreed21,Acreed21,0.0
2894,www.ironhacks.com,www.ironhacks.com,http://www.ironhacks.com/preview/Camiioo/webapp_phase3/index.html,http://www.ironhacks.com/preview/Camiioo/webapp_phase4/index.html,maps,36.3,100.0,3,Camiioo,Camiioo,63.7
2910,www.ironhacks.com,www.ironhacks.com,http://www.ironhacks.com/preview/FredyRosero/webapp_phase3/index.html,http://www.ironhacks.com/preview/FredyRosero/webapp_phase4/index.html,maps,99.3,100.0,3,FredyRosero,FredyRosero,0.7000000000000028
2926,www.ironhacks.com,www.ironhacks.com,http://www.ironhacks.com/preview/JamerMejiaGarcia/webapp_phase3/index.html,http://www.ironhacks.com/preview/JamerMejiaGarcia/webapp_phase4/index.html,maps,100.0,100.0,3,JamerMejiaGarcia,JamerMejiaGarcia,0.0
2943,www.ironhacks.com,www.ironhacks.com,http://www.ironhacks.com/preview/LauraMolina/webapp_phase3/index.html,http://www.ironhacks.com/preview/LauraMolina/webapp_phase4/index.html,maps,100.0,100.0,3,LauraMolina,LauraMolina,0.0
2959,www.ironhacks.com,www.ironhacks.com,http://www.ironhacks.com/preview/RafaelCruz15/webapp_phase3/index.html,http://www.ironhacks.com/preview/RafaelCruz15/webapp_phase4/index.html,maps,100.0,100.0,3,RafaelCruz15,RafaelCruz15,0.0
2975,www.ironhacks.com,www.ironhacks.com,http://www.ironhacks.com/preview/adcorredorm/webapp_phase3/index.html,http://www.ironhacks.com/preview/adcorredorm/webapp_phase4/index.html,maps,100.0,100.0,3,adcorredorm,adcorredorm,0.0
2991,www.ironhacks.com,www.ironhacks.com,http://www.ironhacks.com/preview/ayperezc/webapp_phase3/index.html,http://www.ironhacks.com/preview/ayperezc/webapp_phase4/index.html,maps,27.8,39.2,3,ayperezc,ayperezc,72.2
3007,www.ironhacks.com,www.ironhacks.com,http://www.ironhacks.com/preview/biherrerap/webapp_phase3/index.html,http://www.ironhacks.com/preview/biherrerap/webapp_phase4/index.html,maps,100.0,100.0,3,biherrerap,biherrerap,0.0
3025,www.ironhacks.com,www.ironhacks.com,http://www.ironhacks.com/preview/gimg1859/webapp_phase3/index.html,http://www.ironhacks.com/preview/gimg1859/webapp_phase4/index.html,maps,100.0,100.0,3,gimg1859,gimg1859,0.0
3071,www.ironhacks.com,www.ironhacks.com,http://www.ironhacks.com/preview/pahigueraf/webapp_phase3/index.html,http://www.ironhacks.com/preview/pahigueraf/webapp_phase4/index.html,maps,100.0,100.0,3,pahigueraf,pahigueraf,0.0
3087,www.ironhacks.com,www.ironhacks.com,http://www.ironhacks.com/preview/sarguellesr/webapp_phase3/index.html,http://www.ironhacks.com/preview/sarguellesr/webapp_phase4/index.html,maps,100.0,100.0,3,sarguellesr,sarguellesr,0.0
3088,www.ironhacks.com,www.ironhacks.com,http://www.ironhacks.com/preview/pahigueraf/webapp_phase3/index.html#1,http://www.ironhacks.com/preview/pahigueraf/webapp_phase4/index.html#1,charts,100.0,100.0,3,pahigueraf,pahigueraf,0.0
3089,www.ironhacks.com,www.ironhacks.com,http://www.ironhacks.com/preview/Acreed21/webapp_phase3/index.html,http://www.ironhacks.com/preview/Acreed21/webapp_phase4/index.html,complete,99.8,100.0,3,Acreed21,Acreed21,0.20000000000000284
3116,www.ironhacks.com,www.ironhacks.com,http://www.ironhacks.com/preview/Camiioo/webapp_phase3/index.html,http://www.ironhacks.com/preview/Camiioo/webapp_phase4/index.html,complete,36.4,100.0,3,Camiioo,Camiioo,63.6
3143,www.ironhacks.com,www.ironhacks.com,http://www.ironhacks.com/preview/FredyRosero/webapp_phase3/index.html,http://www.ironhacks.com/preview/FredyRosero/webapp_phase4/index.html,complete,85.1,100.0,3,FredyRosero,FredyRosero,14.900000000000006
3170,www.ironhacks.com,www.ironhacks.com,http://www.ironhacks.com/preview/JamerMejiaGarcia/webapp_phase3/index.html,http://www.ironhacks.com/preview/JamerMejiaGarcia/webapp_phase4/index.html,complete,100.0,100.0,3,JamerMejiaGarcia,JamerMejiaGarcia,0.0
3197,www.ironhacks.com,www.ironhacks.com,http://www.ironhacks.com/preview/Jfcastroh/webapp_phase3/index.html,http://www.ironhacks.com/preview/Jfcastroh/webapp_phase4/index.html,complete,29.3,100.0,3,Jfcastroh,Jfcastroh,70.7
3224,www.ironhacks.com,www.ironhacks.com,http://www.ironhacks.com/preview/LauraMolina/webapp_phase3/index.html,http://www.ironhacks.com/preview/LauraMolina/webapp_phase4/index.html,complete,91.6,100.0,3,LauraMolina,LauraMolina,8.400000000000006
3251,www.ironhacks.com,www.ironhacks.com,http://www.ironhacks.com/preview/RafaelCruz15/webapp_phase3/index.html,http://www.ironhacks.com/preview/RafaelCruz15/webapp_phase4/index.html,complete,100.0,100.0,3,RafaelCruz15,RafaelCruz15,0.0
3278,www.ironhacks.com,www.ironhacks.com,http://www.ironhacks.com/preview/adcorredorm/webapp_phase3/index.html,http://www.ironhacks.com/preview/adcorredorm/webapp_phase4/index.html,complete,100.0,100.0,3,adcorredorm,adcorredorm,0.0
3305,www.ironhacks.com,www.ironhacks.com,http://www.ironhacks.com/preview/alebautis/webapp_phase3/index.html,http://www.ironhacks.com/preview/alebautis/webapp_phase4/index.html,complete,100.0,100.0,3,alebautis,alebautis,0.0
3332,www.ironhacks.com,www.ironhacks.com,http://www.ironhacks.com/preview/ayperezc/webapp_phase3/index.html,http://www.ironhacks.com/preview/ayperezc/webapp_phase4/index.html,complete,82.0,99.0,3,ayperezc,ayperezc,18.0
3359,www.ironhacks.com,www.ironhacks.com,http://www.ironhacks.com/preview/bfprietoc/webapp_phase3/index.html,http://www.ironhacks.com/preview/bfprietoc/webapp_phase4/index.html,complete,100.0,100.0,3,bfprietoc,bfprietoc,0.0
3386,www.ironhacks.com,www.ironhacks.com,http://www.ironhacks.com/preview/biherrerap/webapp_phase3/index.html,http://www.ironhacks.com/preview/biherrerap/webapp_phase4/index.html,complete,33.8,100.0,3,biherrerap,biherrerap,66.2
3413,www.ironhacks.com,www.ironhacks.com,http://www.ironhacks.com/preview/dahrojasca/webapp_phase3/index.html,http://www.ironhacks.com/preview/dahrojasca/webapp_phase4/index.html,complete,42.1,100.0,3,dahrojasca,dahrojasca,57.9
3440,www.ironhacks.com,www.ironhacks.com,http://www.ironhacks.com/preview/davideperdomo/webapp_phase3/index.html,http://www.ironhacks.com/preview/davideperdomo/webapp_phase4/index.html,complete,72.8,100.0,3,davideperdomo,davideperdomo,27.200000000000003
3467,www.ironhacks.com,www.ironhacks.com,http://www.ironhacks.com/preview/frnkbs/webapp_phase3/index.html,http://www.ironhacks.com/preview/frnkbs/webapp_phase4/index.html,complete,74.3,95.0,3,frnkbs,frnkbs,25.700000000000003
3494,www.ironhacks.com,www.ironhacks.com,http://www.ironhacks.com/preview/gahormigag/webapp_phase3/index.html,http://www.ironhacks.com/preview/gahormigag/webapp_phase4/index.html,complete,100.0,100.0,3,gahormigag,gahormigag,0.0
3521,www.ironhacks.com,www.ironhacks.com,http://www.ironhacks.com/preview/gimg1859/webapp_phase3/index.html,http://www.ironhacks.com/preview/gimg1859/webapp_phase4/index.html,complete,100.0,100.0,3,gimg1859,gimg1859,0.0
3548,www.ironhacks.com,www.ironhacks.com,http://www.ironhacks.com/preview/ironhacktech2/webapp_phase3/index.html,http://www.ironhacks.com/preview/ironhacktech2/webapp_phase4/index.html,complete,86.9,100.0,3,ironhacktech2,ironhacktech2,13.099999999999994
3575,www.ironhacks.com,www.ironhacks.com,http://www.ironhacks.com/preview/jannMorenoJ/webapp_phase3/index.html,http://www.ironhacks.com/preview/jannMorenoJ/webapp_phase4/index.html,complete,100.0,100.0,3,jannMorenoJ,jannMorenoJ,0.0
3602,www.ironhacks.com,www.ironhacks.com,http://www.ironhacks.com/preview/jdgaitanf/webapp_phase3/index.html,http://www.ironhacks.com/preview/jdgaitanf/webapp_phase4/index.html,complete,41.0,100.0,3,jdgaitanf,jdgaitanf,59.0
3629,www.ironhacks.com,www.ironhacks.com,http://www.ironhacks.com/preview/nikolasto/webapp_phase3/index.html,http://www.ironhacks.com/preview/nikolasto/webapp_phase4/index.html,complete,32.9,100.0,3,nikolasto,nikolasto,67.1
3656,www.ironhacks.com,www.ironhacks.com,http://www.ironhacks.com/preview/pahigueraf/webapp_phase3/index.html,http://www.ironhacks.com/preview/pahigueraf/webapp_phase4/index.html,complete,100.0,100.0,3,pahigueraf,pahigueraf,0.0
3683,www.ironhacks.com,www.ironhacks.com,http://www.ironhacks.com/preview/sarguellesr/webapp_phase3/index.html,http://www.ironhacks.com/preview/sarguellesr/webapp_phase4/index.html,complete,100.0,100.0,3,sarguellesr,sarguellesr,0.0
3710,www.ironhacks.com,www.ironhacks.com,http://www.ironhacks.com/preview/uxjudges1/webapp_phase3/index.html,http://www.ironhacks.com/preview/uxjudges1/webapp_phase4/index.html,complete,100.0,100.0,3,uxjudges1,uxjudges1,0.0
3737,www.ironhacks.com,www.ironhacks.com,http://www.ironhacks.com/preview/uxjudges/webapp_phase3/index.html,http://www.ironhacks.com/preview/uxjudges/webapp_phase4/index.html,complete,100.0,100.0,3,uxjudges,uxjudges,0.0
3764,www.ironhacks.com,www.ironhacks.com,http://www.ironhacks.com/preview/vvargasd/webapp_phase3/index.html,http://www.ironhacks.com/preview/vvargasd/webapp_phase4/index.html,complete,100.0,100.0,3,vvargasd,vvargasd,0.0
3765,www.ironhacks.com,www.ironhacks.com,http://www.ironhacks.com/preview/Acreed21/webapp_phase3/index.html,http://www.ironhacks.com/preview/Acreed21/webapp_phase4/index.html,simple,99.8,100.0,3,Acreed21,Acreed21,0.20000000000000284
3792,www.ironhacks.com,www.ironhacks.com,http://www.ironhacks.com/preview/Camiioo/webapp_phase3/index.html,http://www.ironhacks.com/preview/Camiioo/webapp_phase4/index.html,simple,100.0,100.0,3,Camiioo,Camiioo,0.0
3819,www.ironhacks.com,www.ironhacks.com,http://www.ironhacks.com/preview/FredyRosero/webapp_phase3/index.html,http://www.ironhacks.com/preview/FredyRosero/webapp_phase4/index.html,simple,93.2,100.0,3,FredyRosero,FredyRosero,6.799999999999997
3846,www.ironhacks.com,www.ironhacks.com,http://www.ironhacks.com/preview/JamerMejiaGarcia/webapp_phase3/index.html,http://www.ironhacks.com/preview/JamerMejiaGarcia/webapp_phase4/index.html,simple,100.0,100.0,3,JamerMejiaGarcia,JamerMejiaGarcia,0.0
3873,www.ironhacks.com,www.ironhacks.com,http://www.ironhacks.com/preview/Jfcastroh/webapp_phase3/index.html,http://www.ironhacks.com/preview/Jfcastroh/webapp_phase4/index.html,simple,46.4,100.0,3,Jfcastroh,Jfcastroh,53.6
3900,www.ironhacks.com,www.ironhacks.com,http://www.ironhacks.com/preview/LauraMolina/webapp_phase3/index.html,http://www.ironhacks.com/preview/LauraMolina/webapp_phase4/index.html,simple,100.0,100.0,3,LauraMolina,LauraMolina,0.0
3927,www.ironhacks.com,www.ironhacks.com,http://www.ironhacks.com/preview/RafaelCruz15/webapp_phase3/index.html,http://www.ironhacks.com/preview/RafaelCruz15/webapp_phase4/index.html,simple,100.0,100.0,3,RafaelCruz15,RafaelCruz15,0.0
3954,www.ironhacks.com,www.ironhacks.com,http://www.ironhacks.com/preview/adcorredorm/webapp_phase3/index.html,http://www.ironhacks.com/preview/adcorredorm/webapp_phase4/index.html,simple,100.0,100.0,3,adcorredorm,adcorredorm,0.0
3981,www.ironhacks.com,www.ironhacks.com,http://www.ironhacks.com/preview/alebautis/webapp_phase3/index.html,http://www.ironhacks.com/preview/alebautis/webapp_phase4/index.html,simple,100.0,100.0,3,alebautis,alebautis,0.0
4008,www.ironhacks.com,www.ironhacks.com,http://www.ironhacks.com/preview/ayperezc/webapp_phase3/index.html,http://www.ironhacks.com/preview/ayperezc/webapp_phase4/index.html,simple,95.8,98.3,3,ayperezc,ayperezc,4.200000000000003
4035,www.ironhacks.com,www.ironhacks.com,http://www.ironhacks.com/preview/bfprietoc/webapp_phase3/index.html,http://www.ironhacks.com/preview/bfprietoc/webapp_phase4/index.html,simple,100.0,100.0,3,bfprietoc,bfprietoc,0.0
4062,www.ironhacks.com,www.ironhacks.com,http://www.ironhacks.com/preview/biherrerap/webapp_phase3/index.html,http://www.ironhacks.com/preview/biherrerap/webapp_phase4/index.html,simple,33.8,100.0,3,biherrerap,biherrerap,66.2
4089,www.ironhacks.com,www.ironhacks.com,http://www.ironhacks.com/preview/dahrojasca/webapp_phase3/index.html,http://www.ironhacks.com/preview/dahrojasca/webapp_phase4/index.html,simple,42.1,100.0,3,dahrojasca,dahrojasca,57.9
4117,www.ironhacks.com,www.ironhacks.com,http://www.ironhacks.com/preview/frnkbs/webapp_phase3/index.html,http://www.ironhacks.com/preview/frnkbs/webapp_phase4/index.html,simple,27.6,94.7,3,frnkbs,frnkbs,72.4
4144,www.ironhacks.com,www.ironhacks.com,http://www.ironhacks.com/preview/gahormigag/webapp_phase3/index.html,http://www.ironhacks.com/preview/gahormigag/webapp_phase4/index.html,simple,100.0,100.0,3,gahormigag,gahormigag,0.0
4171,www.ironhacks.com,www.ironhacks.com,http://www.ironhacks.com/preview/gimg1859/webapp_phase3/index.html,http://www.ironhacks.com/preview/gimg1859/webapp_phase4/index.html,simple,35.8,100.0,3,gimg1859,gimg1859,64.2
4198,www.ironhacks.com,www.ironhacks.com,http://www.ironhacks.com/preview/ironhacktech2/webapp_phase3/index.html,http://www.ironhacks.com/preview/ironhacktech2/webapp_phase4/index.html,simple,86.9,100.0,3,ironhacktech2,ironhacktech2,13.099999999999994
4225,www.ironhacks.com,www.ironhacks.com,http://www.ironhacks.com/preview/jannMorenoJ/webapp_phase3/index.html,http://www.ironhacks.com/preview/jannMorenoJ/webapp_phase4/index.html,simple,100.0,100.0,3,jannMorenoJ,jannMorenoJ,0.0
4252,www.ironhacks.com,www.ironhacks.com,http://www.ironhacks.com/preview/jdgaitanf/webapp_phase3/index.html,http://www.ironhacks.com/preview/jdgaitanf/webapp_phase4/index.html,simple,41.0,100.0,3,jdgaitanf,jdgaitanf,59.0
4279,www.ironhacks.com,www.ironhacks.com,http://www.ironhacks.com/preview/nikolasto/webapp_phase3/index.html,http://www.ironhacks.com/preview/nikolasto/webapp_phase4/index.html,simple,32.9,100.0,3,nikolasto,nikolasto,67.1
4306,www.ironhacks.com,www.ironhacks.com,http://www.ironhacks.com/preview/pahigueraf/webapp_phase3/index.html,http://www.ironhacks.com/preview/pahigueraf/webapp_phase4/index.html,simple,100.0,100.0,3,pahigueraf,pahigueraf,0.0
4333,www.ironhacks.com,www.ironhacks.com,http://www.ironhacks.com/preview/sarguellesr/webapp_phase3/index.html,http://www.ironhacks.com/preview/sarguellesr/webapp_phase4/index.html,simple,100.0,100.0,3,sarguellesr,sarguellesr,0.0
4360,www.ironhacks.com,www.ironhacks.com,http://www.ironhacks.com/preview/uxjudges1/webapp_phase3/index.html,http://www.ironhacks.com/preview/uxjudges1/webapp_phase4/index.html,simple,100.0,100.0,3,uxjudges1,uxjudges1,0.0
4387,www.ironhacks.com,www.ironhacks.com,http://www.ironhacks.com/preview/uxjudges/webapp_phase3/index.html,http://www.ironhacks.com/preview/uxjudges/webapp_phase4/index.html,simple,100.0,100.0,3,uxjudges,uxjudges,0.0
4414,www.ironhacks.com,www.ironhacks.com,http://www.ironhacks.com/preview/vvargasd/webapp_phase3/index.html,http://www.ironhacks.com/preview/vvargasd/webapp_phase4/index.html,simple,100.0,100.0,3,vvargasd,vvargasd,0.0
4439,www.ironhacks.com,www.ironhacks.com,http://www.ironhacks.com/preview/FredyRosero/webapp_phase4/index.html,http://www.ironhacks.com/preview/FredyRosero/webapp_phase5/index.html,maps,99.4,100.0,4,FredyRosero,FredyRosero,0.5999999999999943
4452,www.ironhacks.com,www.ironhacks.com,http://www.ironhacks.com/preview/JamerMejiaGarcia/webapp_phase4/index.html,http://www.ironhacks.com/preview/JamerMejiaGarcia/webapp_phase5/index.html,maps,100.0,100.0,4,JamerMejiaGarcia,JamerMejiaGarcia,0.0
4465,www.ironhacks.com,www.ironhacks.com,http://www.ironhacks.com/preview/Jfcastroh/webapp_phase4/index.html,http://www.ironhacks.com/preview/Jfcastroh/webapp_phase5/index.html,maps,100.0,100.0,4,Jfcastroh,Jfcastroh,0.0
4478,www.ironhacks.com,www.ironhacks.com,http://www.ironhacks.com/preview/LauraMolina/webapp_phase4/index.html,http://www.ironhacks.com/preview/LauraMolina/webapp_phase5/index.html,maps,100.0,100.0,4,LauraMolina,LauraMolina,0.0
4491,www.ironhacks.com,www.ironhacks.com,http://www.ironhacks.com/preview/RafaelCruz15/webapp_phase4/index.html,http://www.ironhacks.com/preview/RafaelCruz15/webapp_phase5/index.html,maps,19.0,100.0,4,RafaelCruz15,RafaelCruz15,81.0
4504,www.ironhacks.com,www.ironhacks.com,http://www.ironhacks.com/preview/adcorredorm/webapp_phase4/index.html,http://www.ironhacks.com/preview/adcorredorm/webapp_phase5/index.html,maps,25.8,39.2,4,adcorredorm,adcorredorm,74.2
4517,www.ironhacks.com,www.ironhacks.com,http://www.ironhacks.com/preview/ayperezc/webapp_phase4/index.html,http://www.ironhacks.com/preview/ayperezc/webapp_phase5/index.html,maps,100.0,100.0,4,ayperezc,ayperezc,0.0
4530,www.ironhacks.com,www.ironhacks.com,http://www.ironhacks.com/preview/biherrerap/webapp_phase4/index.html,http://www.ironhacks.com/preview/biherrerap/webapp_phase5/index.html,maps,100.0,100.0,4,biherrerap,biherrerap,0.0
4543,www.ironhacks.com,www.ironhacks.com,http://www.ironhacks.com/preview/davideperdomo/webapp_phase4/index.html,http://www.ironhacks.com/preview/davideperdomo/webapp_phase5/index.html,maps,98.9,100.0,4,davideperdomo,davideperdomo,1.0999999999999943
4556,www.ironhacks.com,www.ironhacks.com,http://www.ironhacks.com/preview/frnkbs/webapp_phase4/index.html,http://www.ironhacks.com/preview/frnkbs/webapp_phase5/index.html,maps,28.0,36.3,4,frnkbs,frnkbs,72.0
4581,www.ironhacks.com,www.ironhacks.com,http://www.ironhacks.com/preview/pahigueraf/webapp_phase4/index.html,http://www.ironhacks.com/preview/pahigueraf/webapp_phase5/index.html,maps,25.8,50.8,4,pahigueraf,pahigueraf,74.2
4594,www.ironhacks.com,www.ironhacks.com,http://www.ironhacks.com/preview/sarguellesr/webapp_phase4/index.html,http://www.ironhacks.com/preview/sarguellesr/webapp_phase5/index.html,maps,100.0,100.0,4,sarguellesr,sarguellesr,0.0
4605,www.ironhacks.com,www.ironhacks.com,http://www.ironhacks.com/preview/Acreed21/webapp_phase4/index.html,http://www.ironhacks.com/preview/Acreed21/webapp_phase5/index.html,complete,33.6,100.0,4,Acreed21,Acreed21,66.4
4632,www.ironhacks.com,www.ironhacks.com,http://www.ironhacks.com/preview/Camiioo/webapp_phase4/index.html,http://www.ironhacks.com/preview/Camiioo/webapp_phase5/index.html,complete,46.1,50.4,4,Camiioo,Camiioo,53.9
4659,www.ironhacks.com,www.ironhacks.com,http://www.ironhacks.com/preview/FredyRosero/webapp_phase4/index.html,http://www.ironhacks.com/preview/FredyRosero/webapp_phase5/index.html,complete,50.6,100.0,4,FredyRosero,FredyRosero,49.4
4686,www.ironhacks.com,www.ironhacks.com,http://www.ironhacks.com/preview/JamerMejiaGarcia/webapp_phase4/index.html,http://www.ironhacks.com/preview/JamerMejiaGarcia/webapp_phase5/index.html,complete,100.0,100.0,4,JamerMejiaGarcia,JamerMejiaGarcia,0.0
4713,www.ironhacks.com,www.ironhacks.com,http://www.ironhacks.com/preview/Jfcastroh/webapp_phase4/index.html,http://www.ironhacks.com/preview/Jfcastroh/webapp_phase5/index.html,complete,100.0,100.0,4,Jfcastroh,Jfcastroh,0.0
4740,www.ironhacks.com,www.ironhacks.com,http://www.ironhacks.com/preview/LauraMolina/webapp_phase4/index.html,http://www.ironhacks.com/preview/LauraMolina/webapp_phase5/index.html,complete,91.5,100.0,4,LauraMolina,LauraMolina,8.5
4767,www.ironhacks.com,www.ironhacks.com,http://www.ironhacks.com/preview/RafaelCruz15/webapp_phase4/index.html,http://www.ironhacks.com/preview/RafaelCruz15/webapp_phase5/index.html,complete,46.1,96.0,4,RafaelCruz15,RafaelCruz15,53.9
4794,www.ironhacks.com,www.ironhacks.com,http://www.ironhacks.com/preview/adcorredorm/webapp_phase4/index.html,http://www.ironhacks.com/preview/adcorredorm/webapp_phase5/index.html,complete,67.7,100.0,4,adcorredorm,adcorredorm,32.3
4821,www.ironhacks.com,www.ironhacks.com,http://www.ironhacks.com/preview/alebautis/webapp_phase4/index.html,http://www.ironhacks.com/preview/alebautis/webapp_phase5/index.html,complete,100.0,100.0,4,alebautis,alebautis,0.0
4848,www.ironhacks.com,www.ironhacks.com,http://www.ironhacks.com/preview/ayperezc/webapp_phase4/index.html,http://www.ironhacks.com/preview/ayperezc/webapp_phase5/index.html,complete,100.0,100.0,4,ayperezc,ayperezc,0.0
4875,www.ironhacks.com,www.ironhacks.com,http://www.ironhacks.com/preview/bfprietoc/webapp_phase4/index.html,http://www.ironhacks.com/preview/bfprietoc/webapp_phase5/index.html,complete,100.0,100.0,4,bfprietoc,bfprietoc,0.0
4902,www.ironhacks.com,www.ironhacks.com,http://www.ironhacks.com/preview/biherrerap/webapp_phase4/index.html,http://www.ironhacks.com/preview/biherrerap/webapp_phase5/index.html,complete,88.1,100.0,4,biherrerap,biherrerap,11.900000000000006
4929,www.ironhacks.com,www.ironhacks.com,http://www.ironhacks.com/preview/dahrojasca/webapp_phase4/index.html,http://www.ironhacks.com/preview/dahrojasca/webapp_phase5/index.html,complete,12.5,100.0,4,dahrojasca,dahrojasca,87.5
4956,www.ironhacks.com,www.ironhacks.com,http://www.ironhacks.com/preview/davideperdomo/webapp_phase4/index.html,http://www.ironhacks.com/preview/davideperdomo/webapp_phase5/index.html,complete,75.8,100.0,4,davideperdomo,davideperdomo,24.200000000000003
4983,www.ironhacks.com,www.ironhacks.com,http://www.ironhacks.com/preview/frnkbs/webapp_phase4/index.html,http://www.ironhacks.com/preview/frnkbs/webapp_phase5/index.html,complete,65.2,100.0,4,frnkbs,frnkbs,34.8
5010,www.ironhacks.com,www.ironhacks.com,http://www.ironhacks.com/preview/gahormigag/webapp_phase4/index.html,http://www.ironhacks.com/preview/gahormigag/webapp_phase5/index.html,complete,100.0,100.0,4,gahormigag,gahormigag,0.0
5037,www.ironhacks.com,www.ironhacks.com,http://www.ironhacks.com/preview/gimg1859/webapp_phase4/index.html,http://www.ironhacks.com/preview/gimg1859/webapp_phase5/index.html,complete,32.8,100.0,4,gimg1859,gimg1859,67.2
5064,www.ironhacks.com,www.ironhacks.com,http://www.ironhacks.com/preview/ironhacktech2/webapp_phase4/index.html,http://www.ironhacks.com/preview/ironhacktech2/webapp_phase5/index.html,complete,86.9,100.0,4,ironhacktech2,ironhacktech2,13.099999999999994
5091,www.ironhacks.com,www.ironhacks.com,http://www.ironhacks.com/preview/jannMorenoJ/webapp_phase4/index.html,http://www.ironhacks.com/preview/jannMorenoJ/webapp_phase5/index.html,complete,100.0,100.0,4,jannMorenoJ,jannMorenoJ,0.0
5118,www.ironhacks.com,www.ironhacks.com,http://www.ironhacks.com/preview/jdgaitanf/webapp_phase4/index.html,http://www.ironhacks.com/preview/jdgaitanf/webapp_phase5/index.html,complete,41.0,100.0,4,jdgaitanf,jdgaitanf,59.0
5145,www.ironhacks.com,www.ironhacks.com,http://www.ironhacks.com/preview/nikolasto/webapp_phase4/index.html,http://www.ironhacks.com/preview/nikolasto/webapp_phase5/index.html,complete,100.0,100.0,4,nikolasto,nikolasto,0.0
5172,www.ironhacks.com,www.ironhacks.com,http://www.ironhacks.com/preview/pahigueraf/webapp_phase4/index.html,http://www.ironhacks.com/preview/pahigueraf/webapp_phase5/index.html,complete,69.6,100.0,4,pahigueraf,pahigueraf,30.400000000000006
5199,www.ironhacks.com,www.ironhacks.com,http://www.ironhacks.com/preview/sarguellesr/webapp_phase4/index.html,http://www.ironhacks.com/preview/sarguellesr/webapp_phase5/index.html,complete,100.0,100.0,4,sarguellesr,sarguellesr,0.0
5226,www.ironhacks.com,www.ironhacks.com,http://www.ironhacks.com/preview/uxjudges1/webapp_phase4/index.html,http://www.ironhacks.com/preview/uxjudges1/webapp_phase5/index.html,complete,100.0,100.0,4,uxjudges1,uxjudges1,0.0
5253,www.ironhacks.com,www.ironhacks.com,http://www.ironhacks.com/preview/uxjudges/webapp_phase4/index.html,http://www.ironhacks.com/preview/uxjudges/webapp_phase5/index.html,complete,100.0,100.0,4,uxjudges,uxjudges,0.0
5280,www.ironhacks.com,www.ironhacks.com,http://www.ironhacks.com/preview/vvargasd/webapp_phase4/index.html,http://www.ironhacks.com/preview/vvargasd/webapp_phase5/index.html,complete,100.0,100.0,4,vvargasd,vvargasd,0.0
5281,www.ironhacks.com,www.ironhacks.com,http://www.ironhacks.com/preview/Acreed21/webapp_phase4/index.html,http://www.ironhacks.com/preview/Acreed21/webapp_phase5/index.html,simple,41.5,100.0,4,Acreed21,Acreed21,58.5
5308,www.ironhacks.com,www.ironhacks.com,http://www.ironhacks.com/preview/Camiioo/webapp_phase4/index.html,http://www.ironhacks.com/preview/Camiioo/webapp_phase5/index.html,simple,70.5,100.0,4,Camiioo,Camiioo,29.5
5335,www.ironhacks.com,www.ironhacks.com,http://www.ironhacks.com/preview/FredyRosero/webapp_phase4/index.html,http://www.ironhacks.com/preview/FredyRosero/webapp_phase5/index.html,simple,92.4,100.0,4,FredyRosero,FredyRosero,7.599999999999994
5362,www.ironhacks.com,www.ironhacks.com,http://www.ironhacks.com/preview/JamerMejiaGarcia/webapp_phase4/index.html,http://www.ironhacks.com/preview/JamerMejiaGarcia/webapp_phase5/index.html,simple,100.0,100.0,4,JamerMejiaGarcia,JamerMejiaGarcia,0.0
5389,www.ironhacks.com,www.ironhacks.com,http://www.ironhacks.com/preview/Jfcastroh/webapp_phase4/index.html,http://www.ironhacks.com/preview/Jfcastroh/webapp_phase5/index.html,simple,100.0,100.0,4,Jfcastroh,Jfcastroh,0.0
5416,www.ironhacks.com,www.ironhacks.com,http://www.ironhacks.com/preview/LauraMolina/webapp_phase4/index.html,http://www.ironhacks.com/preview/LauraMolina/webapp_phase5/index.html,simple,90.7,100.0,4,LauraMolina,LauraMolina,9.299999999999997
5443,www.ironhacks.com,www.ironhacks.com,http://www.ironhacks.com/preview/RafaelCruz15/webapp_phase4/index.html,http://www.ironhacks.com/preview/RafaelCruz15/webapp_phase5/index.html,simple,60.5,42.5,4,RafaelCruz15,RafaelCruz15,39.5
5470,www.ironhacks.com,www.ironhacks.com,http://www.ironhacks.com/preview/adcorredorm/webapp_phase4/index.html,http://www.ironhacks.com/preview/adcorredorm/webapp_phase5/index.html,simple,100.0,100.0,4,adcorredorm,adcorredorm,0.0
5497,www.ironhacks.com,www.ironhacks.com,http://www.ironhacks.com/preview/alebautis/webapp_phase4/index.html,http://www.ironhacks.com/preview/alebautis/webapp_phase5/index.html,simple,100.0,100.0,4,alebautis,alebautis,0.0
5524,www.ironhacks.com,www.ironhacks.com,http://www.ironhacks.com/preview/ayperezc/webapp_phase4/index.html,http://www.ironhacks.com/preview/ayperezc/webapp_phase5/index.html,simple,100.0,100.0,4,ayperezc,ayperezc,0.0
5551,www.ironhacks.com,www.ironhacks.com,http://www.ironhacks.com/preview/bfprietoc/webapp_phase4/index.html,http://www.ironhacks.com/preview/bfprietoc/webapp_phase5/index.html,simple,100.0,100.0,4,bfprietoc,bfprietoc,0.0
5578,www.ironhacks.com,www.ironhacks.com,http://www.ironhacks.com/preview/biherrerap/webapp_phase4/index.html,http://www.ironhacks.com/preview/biherrerap/webapp_phase5/index.html,simple,60.1,100.0,4,biherrerap,biherrerap,39.9
5605,www.ironhacks.com,www.ironhacks.com,http://www.ironhacks.com/preview/dahrojasca/webapp_phase4/index.html,http://www.ironhacks.com/preview/dahrojasca/webapp_phase5/index.html,simple,12.5,100.0,4,dahrojasca,dahrojasca,87.5
5632,www.ironhacks.com,www.ironhacks.com,http://www.ironhacks.com/preview/davideperdomo/webapp_phase4/index.html,http://www.ironhacks.com/preview/davideperdomo/webapp_phase5/index.html,simple,88.7,100.0,4,davideperdomo,davideperdomo,11.299999999999997
5659,www.ironhacks.com,www.ironhacks.com,http://www.ironhacks.com/preview/frnkbs/webapp_phase4/index.html,http://www.ironhacks.com/preview/frnkbs/webapp_phase5/index.html,simple,98.2,100.0,4,frnkbs,frnkbs,1.7999999999999972
5686,www.ironhacks.com,www.ironhacks.com,http://www.ironhacks.com/preview/gahormigag/webapp_phase4/index.html,http://www.ironhacks.com/preview/gahormigag/webapp_phase5/index.html,simple,100.0,100.0,4,gahormigag,gahormigag,0.0
5713,www.ironhacks.com,www.ironhacks.com,http://www.ironhacks.com/preview/gimg1859/webapp_phase4/index.html,http://www.ironhacks.com/preview/gimg1859/webapp_phase5/index.html,simple,32.8,100.0,4,gimg1859,gimg1859,67.2
5740,www.ironhacks.com,www.ironhacks.com,http://www.ironhacks.com/preview/ironhacktech2/webapp_phase4/index.html,http://www.ironhacks.com/preview/ironhacktech2/webapp_phase5/index.html,simple,86.9,100.0,4,ironhacktech2,ironhacktech2,13.099999999999994
5767,www.ironhacks.com,www.ironhacks.com,http://www.ironhacks.com/preview/jannMorenoJ/webapp_phase4/index.html,http://www.ironhacks.com/preview/jannMorenoJ/webapp_phase5/index.html,simple,100.0,100.0,4,jannMorenoJ,jannMorenoJ,0.0
5794,www.ironhacks.com,www.ironhacks.com,http://www.ironhacks.com/preview/jdgaitanf/webapp_phase4/index.html,http://www.ironhacks.com/preview/jdgaitanf/webapp_phase5/index.html,simple,41.0,100.0,4,jdgaitanf,jdgaitanf,59.0
5821,www.ironhacks.com,www.ironhacks.com,http://www.ironhacks.com/preview/nikolasto/webapp_phase4/index.html,http://www.ironhacks.com/preview/nikolasto/webapp_phase5/index.html,simple,100.0,100.0,4,nikolasto,nikolasto,0.0
5848,www.ironhacks.com,www.ironhacks.com,http://www.ironhacks.com/preview/pahigueraf/webapp_phase4/index.html,http://www.ironhacks.com/preview/pahigueraf/webapp_phase5/index.html,simple,96.6,100.0,4,pahigueraf,pahigueraf,3.4000000000000057
5875,www.ironhacks.com,www.ironhacks.com,http://www.ironhacks.com/preview/sarguellesr/webapp_phase4/index.html,http://www.ironhacks.com/preview/sarguellesr/webapp_phase5/index.html,simple,100.0,100.0,4,sarguellesr,sarguellesr,0.0
5902,www.ironhacks.com,www.ironhacks.com,http://www.ironhacks.com/preview/uxjudges1/webapp_phase4/index.html,http://www.ironhacks.com/preview/uxjudges1/webapp_phase5/index.html,simple,100.0,100.0,4,uxjudges1,uxjudges1,0.0
5929,www.ironhacks.com,www.ironhacks.com,http://www.ironhacks.com/preview/uxjudges/webapp_phase4/index.html,http://www.ironhacks.com/preview/uxjudges/webapp_phase5/index.html,simple,100.0,100.0,4,uxjudges,uxjudges,0.0
5956,www.ironhacks.com,www.ironhacks.com,http://www.ironhacks.com/preview/vvargasd/webapp_phase4/index.html,http://www.ironhacks.com/preview/vvargasd/webapp_phase5/index.html,simple,100.0,100.0,4,vvargasd,vvargasd,0.0
