,username1,username2,link1,link2,comparison_type,ssim,features2d,stage,link1_change,link2_change,ssim_exp,ssim_exp_scale,group
0,www.ironhacks.com,www.ironhacks.com,http://www.ironhacks.com/preview/Caadiazsi/webapp_phase1/index.html,http://www.ironhacks.com/preview/Caadiazsi/webapp_phase2/index.html,maps,100.0,100.0,1,Caadiazsi,Caadiazsi,0.0,0.0,1
15,www.ironhacks.com,www.ironhacks.com,http://www.ironhacks.com/preview/Joacampora/webapp_phase1/index.html,http://www.ironhacks.com/preview/Joacampora/webapp_phase2/index.html,maps,37.4,100.0,1,Joacampora,Joacampora,62.6,0.626,1
30,www.ironhacks.com,www.ironhacks.com,http://www.ironhacks.com/preview/Juankmilo97/webapp_phase1/index.html,http://www.ironhacks.com/preview/Juankmilo97/webapp_phase2/index.html,maps,27.4,34.9,1,Juankmilo97,Juankmilo97,72.6,0.726,1
46,www.ironhacks.com,www.ironhacks.com,http://www.ironhacks.com/preview/casc3798/webapp_phase1/index.html,http://www.ironhacks.com/preview/casc3798/webapp_phase2/index.html,maps,17.3,100.0,1,casc3798,casc3798,82.7,0.827,1
61,www.ironhacks.com,www.ironhacks.com,http://www.ironhacks.com/preview/diefrodriguezcha/webapp_phase1/index.html,http://www.ironhacks.com/preview/diefrodriguezcha/webapp_phase2/index.html,maps,100.0,100.0,1,diefrodriguezcha,diefrodriguezcha,0.0,0.0,1
76,www.ironhacks.com,www.ironhacks.com,http://www.ironhacks.com/preview/federgolo/webapp_phase1/index.html,http://www.ironhacks.com/preview/federgolo/webapp_phase2/index.html,maps,100.0,100.0,1,federgolo,federgolo,0.0,0.0,1
105,www.ironhacks.com,www.ironhacks.com,http://www.ironhacks.com/preview/jaleonro/webapp_phase1/index.html,http://www.ironhacks.com/preview/jaleonro/webapp_phase2/index.html,maps,24.4,92.5,1,jaleonro,jaleonro,75.6,0.756,1
120,www.ironhacks.com,www.ironhacks.com,http://www.ironhacks.com/preview/jsalcinar/webapp_phase1/index.html,http://www.ironhacks.com/preview/jsalcinar/webapp_phase2/index.html,maps,26.2,100.0,1,jsalcinar,jsalcinar,73.8,0.738,1
135,www.ironhacks.com,www.ironhacks.com,http://www.ironhacks.com/preview/nviverosb/webapp_phase1/index.html,http://www.ironhacks.com/preview/nviverosb/webapp_phase2/index.html,maps,100.0,100.0,1,nviverosb,nviverosb,0.0,0.0,1
150,www.ironhacks.com,www.ironhacks.com,http://www.ironhacks.com/preview/olimita/webapp_phase1/index.html,http://www.ironhacks.com/preview/olimita/webapp_phase2/index.html,maps,27.4,52.5,1,olimita,olimita,72.6,0.726,1
179,www.ironhacks.com,www.ironhacks.com,http://www.ironhacks.com/preview/serbatero/webapp_phase1/index.html,http://www.ironhacks.com/preview/serbatero/webapp_phase2/index.html,maps,20.2,100.0,1,serbatero,serbatero,79.8,0.798,1
195,www.ironhacks.com,www.ironhacks.com,http://www.ironhacks.com/preview/yaochoal/webapp_phase1/index.html,http://www.ironhacks.com/preview/yaochoal/webapp_phase2/index.html,maps,100.0,100.0,1,yaochoal,yaochoal,0.0,0.0,1
196,www.ironhacks.com,www.ironhacks.com,http://www.ironhacks.com/preview/Alekzu/webapp_phase1/index.html,http://www.ironhacks.com/preview/Alekzu/webapp_phase2/index.html,complete,100.0,100.0,1,Alekzu,Alekzu,0.0,0.0,1
226,www.ironhacks.com,www.ironhacks.com,http://www.ironhacks.com/preview/Anvido/webapp_phase1/index.html,http://www.ironhacks.com/preview/Anvido/webapp_phase2/index.html,complete,73.4,30.0,1,Anvido,Anvido,26.599999999999994,0.266,1
256,www.ironhacks.com,www.ironhacks.com,http://www.ironhacks.com/preview/Biopeligro/webapp_phase1/index.html,http://www.ironhacks.com/preview/Biopeligro/webapp_phase2/index.html,complete,40.5,100.0,1,Biopeligro,Biopeligro,59.5,0.595,1
286,www.ironhacks.com,www.ironhacks.com,http://www.ironhacks.com/preview/Caadiazsi/webapp_phase1/index.html,http://www.ironhacks.com/preview/Caadiazsi/webapp_phase2/index.html,complete,100.0,100.0,1,Caadiazsi,Caadiazsi,0.0,0.0,1
316,www.ironhacks.com,www.ironhacks.com,http://www.ironhacks.com/preview/DavidsMartinez/webapp_phase1/index.html,http://www.ironhacks.com/preview/DavidsMartinez/webapp_phase2/index.html,complete,51.2,100.0,1,DavidsMartinez,DavidsMartinez,48.8,0.488,1
346,www.ironhacks.com,www.ironhacks.com,http://www.ironhacks.com/preview/DiegoAraque1207/webapp_phase1/index.html,http://www.ironhacks.com/preview/DiegoAraque1207/webapp_phase2/index.html,complete,32.4,100.0,1,DiegoAraque1207,DiegoAraque1207,67.6,0.676,1
376,www.ironhacks.com,www.ironhacks.com,http://www.ironhacks.com/preview/GabrielUnal/webapp_phase1/index.html,http://www.ironhacks.com/preview/GabrielUnal/webapp_phase2/index.html,complete,100.0,100.0,1,GabrielUnal,GabrielUnal,0.0,0.0,1
406,www.ironhacks.com,www.ironhacks.com,http://www.ironhacks.com/preview/Gavnic/webapp_phase1/index.html,http://www.ironhacks.com/preview/Gavnic/webapp_phase2/index.html,complete,36.0,100.0,1,Gavnic,Gavnic,64.0,0.64,1
436,www.ironhacks.com,www.ironhacks.com,http://www.ironhacks.com/preview/Gusgal03/webapp_phase1/index.html,http://www.ironhacks.com/preview/Gusgal03/webapp_phase2/index.html,complete,100.0,100.0,1,Gusgal03,Gusgal03,0.0,0.0,1
466,www.ironhacks.com,www.ironhacks.com,http://www.ironhacks.com/preview/Joacampora/webapp_phase1/index.html,http://www.ironhacks.com/preview/Joacampora/webapp_phase2/index.html,complete,81.7,100.0,1,Joacampora,Joacampora,18.299999999999997,0.183,1
496,www.ironhacks.com,www.ironhacks.com,http://www.ironhacks.com/preview/Juankmilo97/webapp_phase1/index.html,http://www.ironhacks.com/preview/Juankmilo97/webapp_phase2/index.html,complete,29.2,49.8,1,Juankmilo97,Juankmilo97,70.8,0.708,1
526,www.ironhacks.com,www.ironhacks.com,http://www.ironhacks.com/preview/Jufcardenasmo/webapp_phase1/index.html,http://www.ironhacks.com/preview/Jufcardenasmo/webapp_phase2/index.html,complete,19.9,16.4,1,Jufcardenasmo,Jufcardenasmo,80.1,0.801,1
556,www.ironhacks.com,www.ironhacks.com,http://www.ironhacks.com/preview/Ozai98/webapp_phase1/index.html,http://www.ironhacks.com/preview/Ozai98/webapp_phase2/index.html,complete,100.0,100.0,1,Ozai98,Ozai98,0.0,0.0,1
586,www.ironhacks.com,www.ironhacks.com,http://www.ironhacks.com/preview/Sariilan/webapp_phase1/index.html,http://www.ironhacks.com/preview/Sariilan/webapp_phase2/index.html,complete,100.0,100.0,1,Sariilan,Sariilan,0.0,0.0,1
616,www.ironhacks.com,www.ironhacks.com,http://www.ironhacks.com/preview/bsdiaza/webapp_phase1/index.html,http://www.ironhacks.com/preview/bsdiaza/webapp_phase2/index.html,complete,100.0,100.0,1,bsdiaza,bsdiaza,0.0,0.0,1
646,www.ironhacks.com,www.ironhacks.com,http://www.ironhacks.com/preview/casc3798/webapp_phase1/index.html,http://www.ironhacks.com/preview/casc3798/webapp_phase2/index.html,complete,11.9,37.7,1,casc3798,casc3798,88.1,0.881,1
676,www.ironhacks.com,www.ironhacks.com,http://www.ironhacks.com/preview/diefrodriguezcha/webapp_phase1/index.html,http://www.ironhacks.com/preview/diefrodriguezcha/webapp_phase2/index.html,complete,36.6,100.0,1,diefrodriguezcha,diefrodriguezcha,63.4,0.634,1
706,www.ironhacks.com,www.ironhacks.com,http://www.ironhacks.com/preview/facuellarg/webapp_phase1/index.html,http://www.ironhacks.com/preview/facuellarg/webapp_phase2/index.html,complete,27.5,100.0,1,facuellarg,facuellarg,72.5,0.725,1
736,www.ironhacks.com,www.ironhacks.com,http://www.ironhacks.com/preview/federgolo/webapp_phase1/index.html,http://www.ironhacks.com/preview/federgolo/webapp_phase2/index.html,complete,91.1,100.0,1,federgolo,federgolo,8.900000000000006,0.089,1
766,www.ironhacks.com,www.ironhacks.com,http://www.ironhacks.com/preview/garayf/webapp_phase1/index.html,http://www.ironhacks.com/preview/garayf/webapp_phase2/index.html,complete,90.6,100.0,1,garayf,garayf,9.400000000000006,0.094,1
796,www.ironhacks.com,www.ironhacks.com,http://www.ironhacks.com/preview/jaleonro/webapp_phase1/index.html,http://www.ironhacks.com/preview/jaleonro/webapp_phase2/index.html,complete,83.7,100.0,1,jaleonro,jaleonro,16.299999999999997,0.163,1
826,www.ironhacks.com,www.ironhacks.com,http://www.ironhacks.com/preview/jsalcinar/webapp_phase1/index.html,http://www.ironhacks.com/preview/jsalcinar/webapp_phase2/index.html,complete,81.6,100.0,1,jsalcinar,jsalcinar,18.400000000000006,0.184,1
856,www.ironhacks.com,www.ironhacks.com,http://www.ironhacks.com/preview/jssanchezo/webapp_phase1/index.html,http://www.ironhacks.com/preview/jssanchezo/webapp_phase2/index.html,complete,100.0,100.0,1,jssanchezo,jssanchezo,0.0,0.0,1
886,www.ironhacks.com,www.ironhacks.com,http://www.ironhacks.com/preview/nviverosb/webapp_phase1/index.html,http://www.ironhacks.com/preview/nviverosb/webapp_phase2/index.html,complete,99.2,100.0,1,nviverosb,nviverosb,0.7999999999999972,0.008,1
916,www.ironhacks.com,www.ironhacks.com,http://www.ironhacks.com/preview/olimita/webapp_phase1/index.html,http://www.ironhacks.com/preview/olimita/webapp_phase2/index.html,complete,32.4,100.0,1,olimita,olimita,67.6,0.676,1
946,www.ironhacks.com,www.ironhacks.com,http://www.ironhacks.com/preview/sebcamacho1703/webapp_phase1/index.html,http://www.ironhacks.com/preview/sebcamacho1703/webapp_phase2/index.html,complete,44.5,100.0,1,sebcamacho1703,sebcamacho1703,55.5,0.555,1
976,www.ironhacks.com,www.ironhacks.com,http://www.ironhacks.com/preview/serbatero/webapp_phase1/index.html,http://www.ironhacks.com/preview/serbatero/webapp_phase2/index.html,complete,30.4,98.0,1,serbatero,serbatero,69.6,0.696,1
1006,www.ironhacks.com,www.ironhacks.com,http://www.ironhacks.com/preview/xFortich/webapp_phase1/index.html,http://www.ironhacks.com/preview/xFortich/webapp_phase2/index.html,complete,62.6,45.3,1,xFortich,xFortich,37.4,0.374,1
1036,www.ironhacks.com,www.ironhacks.com,http://www.ironhacks.com/preview/yaochoal/webapp_phase1/index.html,http://www.ironhacks.com/preview/yaochoal/webapp_phase2/index.html,complete,86.5,100.0,1,yaochoal,yaochoal,13.5,0.135,1
1037,www.ironhacks.com,www.ironhacks.com,http://www.ironhacks.com/preview/Alekzu/webapp_phase1/index.html,http://www.ironhacks.com/preview/Alekzu/webapp_phase2/index.html,simple,100.0,100.0,1,Alekzu,Alekzu,0.0,0.0,1
1067,www.ironhacks.com,www.ironhacks.com,http://www.ironhacks.com/preview/Anvido/webapp_phase1/index.html,http://www.ironhacks.com/preview/Anvido/webapp_phase2/index.html,simple,73.4,30.0,1,Anvido,Anvido,26.599999999999994,0.266,1
1097,www.ironhacks.com,www.ironhacks.com,http://www.ironhacks.com/preview/Biopeligro/webapp_phase1/index.html,http://www.ironhacks.com/preview/Biopeligro/webapp_phase2/index.html,simple,40.5,100.0,1,Biopeligro,Biopeligro,59.5,0.595,1
1127,www.ironhacks.com,www.ironhacks.com,http://www.ironhacks.com/preview/Caadiazsi/webapp_phase1/index.html,http://www.ironhacks.com/preview/Caadiazsi/webapp_phase2/index.html,simple,100.0,100.0,1,Caadiazsi,Caadiazsi,0.0,0.0,1
1157,www.ironhacks.com,www.ironhacks.com,http://www.ironhacks.com/preview/DavidsMartinez/webapp_phase1/index.html,http://www.ironhacks.com/preview/DavidsMartinez/webapp_phase2/index.html,simple,51.2,100.0,1,DavidsMartinez,DavidsMartinez,48.8,0.488,1
1187,www.ironhacks.com,www.ironhacks.com,http://www.ironhacks.com/preview/DiegoAraque1207/webapp_phase1/index.html,http://www.ironhacks.com/preview/DiegoAraque1207/webapp_phase2/index.html,simple,32.4,100.0,1,DiegoAraque1207,DiegoAraque1207,67.6,0.676,1
1217,www.ironhacks.com,www.ironhacks.com,http://www.ironhacks.com/preview/GabrielUnal/webapp_phase1/index.html,http://www.ironhacks.com/preview/GabrielUnal/webapp_phase2/index.html,simple,100.0,100.0,1,GabrielUnal,GabrielUnal,0.0,0.0,1
1247,www.ironhacks.com,www.ironhacks.com,http://www.ironhacks.com/preview/Gavnic/webapp_phase1/index.html,http://www.ironhacks.com/preview/Gavnic/webapp_phase2/index.html,simple,36.0,100.0,1,Gavnic,Gavnic,64.0,0.64,1
1277,www.ironhacks.com,www.ironhacks.com,http://www.ironhacks.com/preview/Gusgal03/webapp_phase1/index.html,http://www.ironhacks.com/preview/Gusgal03/webapp_phase2/index.html,simple,100.0,100.0,1,Gusgal03,Gusgal03,0.0,0.0,1
1307,www.ironhacks.com,www.ironhacks.com,http://www.ironhacks.com/preview/Joacampora/webapp_phase1/index.html,http://www.ironhacks.com/preview/Joacampora/webapp_phase2/index.html,simple,50.3,29.8,1,Joacampora,Joacampora,49.7,0.497,1
1337,www.ironhacks.com,www.ironhacks.com,http://www.ironhacks.com/preview/Juankmilo97/webapp_phase1/index.html,http://www.ironhacks.com/preview/Juankmilo97/webapp_phase2/index.html,simple,44.5,38.0,1,Juankmilo97,Juankmilo97,55.5,0.555,1
1367,www.ironhacks.com,www.ironhacks.com,http://www.ironhacks.com/preview/Jufcardenasmo/webapp_phase1/index.html,http://www.ironhacks.com/preview/Jufcardenasmo/webapp_phase2/index.html,simple,9.7,12.1,1,Jufcardenasmo,Jufcardenasmo,90.3,0.903,1
1397,www.ironhacks.com,www.ironhacks.com,http://www.ironhacks.com/preview/Ozai98/webapp_phase1/index.html,http://www.ironhacks.com/preview/Ozai98/webapp_phase2/index.html,simple,100.0,100.0,1,Ozai98,Ozai98,0.0,0.0,1
1427,www.ironhacks.com,www.ironhacks.com,http://www.ironhacks.com/preview/Sariilan/webapp_phase1/index.html,http://www.ironhacks.com/preview/Sariilan/webapp_phase2/index.html,simple,100.0,100.0,1,Sariilan,Sariilan,0.0,0.0,1
1457,www.ironhacks.com,www.ironhacks.com,http://www.ironhacks.com/preview/bsdiaza/webapp_phase1/index.html,http://www.ironhacks.com/preview/bsdiaza/webapp_phase2/index.html,simple,100.0,100.0,1,bsdiaza,bsdiaza,0.0,0.0,1
1487,www.ironhacks.com,www.ironhacks.com,http://www.ironhacks.com/preview/casc3798/webapp_phase1/index.html,http://www.ironhacks.com/preview/casc3798/webapp_phase2/index.html,simple,13.6,84.5,1,casc3798,casc3798,86.4,0.864,1
1517,www.ironhacks.com,www.ironhacks.com,http://www.ironhacks.com/preview/diefrodriguezcha/webapp_phase1/index.html,http://www.ironhacks.com/preview/diefrodriguezcha/webapp_phase2/index.html,simple,39.7,100.0,1,diefrodriguezcha,diefrodriguezcha,60.3,0.603,1
1547,www.ironhacks.com,www.ironhacks.com,http://www.ironhacks.com/preview/facuellarg/webapp_phase1/index.html,http://www.ironhacks.com/preview/facuellarg/webapp_phase2/index.html,simple,27.5,100.0,1,facuellarg,facuellarg,72.5,0.725,1
1577,www.ironhacks.com,www.ironhacks.com,http://www.ironhacks.com/preview/federgolo/webapp_phase1/index.html,http://www.ironhacks.com/preview/federgolo/webapp_phase2/index.html,simple,91.1,97.0,1,federgolo,federgolo,8.900000000000006,0.089,1
1607,www.ironhacks.com,www.ironhacks.com,http://www.ironhacks.com/preview/garayf/webapp_phase1/index.html,http://www.ironhacks.com/preview/garayf/webapp_phase2/index.html,simple,97.6,100.0,1,garayf,garayf,2.4000000000000057,0.024,1
1637,www.ironhacks.com,www.ironhacks.com,http://www.ironhacks.com/preview/jaleonro/webapp_phase1/index.html,http://www.ironhacks.com/preview/jaleonro/webapp_phase2/index.html,simple,98.4,100.0,1,jaleonro,jaleonro,1.5999999999999943,0.016,1
1667,www.ironhacks.com,www.ironhacks.com,http://www.ironhacks.com/preview/jsalcinar/webapp_phase1/index.html,http://www.ironhacks.com/preview/jsalcinar/webapp_phase2/index.html,simple,84.2,100.0,1,jsalcinar,jsalcinar,15.799999999999997,0.158,1
1697,www.ironhacks.com,www.ironhacks.com,http://www.ironhacks.com/preview/jssanchezo/webapp_phase1/index.html,http://www.ironhacks.com/preview/jssanchezo/webapp_phase2/index.html,simple,100.0,100.0,1,jssanchezo,jssanchezo,0.0,0.0,1
1728,www.ironhacks.com,www.ironhacks.com,http://www.ironhacks.com/preview/olimita/webapp_phase1/index.html,http://www.ironhacks.com/preview/olimita/webapp_phase2/index.html,simple,88.3,100.0,1,olimita,olimita,11.700000000000003,0.117,1
1758,www.ironhacks.com,www.ironhacks.com,http://www.ironhacks.com/preview/sebcamacho1703/webapp_phase1/index.html,http://www.ironhacks.com/preview/sebcamacho1703/webapp_phase2/index.html,simple,10.7,100.0,1,sebcamacho1703,sebcamacho1703,89.3,0.893,1
1788,www.ironhacks.com,www.ironhacks.com,http://www.ironhacks.com/preview/serbatero/webapp_phase1/index.html,http://www.ironhacks.com/preview/serbatero/webapp_phase2/index.html,simple,65.5,80.7,1,serbatero,serbatero,34.5,0.345,1
1818,www.ironhacks.com,www.ironhacks.com,http://www.ironhacks.com/preview/xFortich/webapp_phase1/index.html,http://www.ironhacks.com/preview/xFortich/webapp_phase2/index.html,simple,96.2,66.5,1,xFortich,xFortich,3.799999999999997,0.038,1
1848,www.ironhacks.com,www.ironhacks.com,http://www.ironhacks.com/preview/yaochoal/webapp_phase1/index.html,http://www.ironhacks.com/preview/yaochoal/webapp_phase2/index.html,simple,96.8,100.0,1,yaochoal,yaochoal,3.200000000000003,0.032,1
1867,www.ironhacks.com,www.ironhacks.com,http://www.ironhacks.com/preview/Joacampora/webapp_phase2/index.html,http://www.ironhacks.com/preview/Joacampora/webapp_phase3/index.html,maps,28.4,44.8,2,Joacampora,Joacampora,71.6,0.716,1
1884,www.ironhacks.com,www.ironhacks.com,http://www.ironhacks.com/preview/Juankmilo97/webapp_phase2/index.html,http://www.ironhacks.com/preview/Juankmilo97/webapp_phase3/index.html,maps,100.0,100.0,2,Juankmilo97,Juankmilo97,0.0,0.0,1
1918,www.ironhacks.com,www.ironhacks.com,http://www.ironhacks.com/preview/casc3798/webapp_phase2/index.html,http://www.ironhacks.com/preview/casc3798/webapp_phase3/index.html,maps,100.0,100.0,2,casc3798,casc3798,0.0,0.0,1
1935,www.ironhacks.com,www.ironhacks.com,http://www.ironhacks.com/preview/diefrodriguezcha/webapp_phase2/index.html,http://www.ironhacks.com/preview/diefrodriguezcha/webapp_phase3/index.html,maps,85.0,100.0,2,diefrodriguezcha,diefrodriguezcha,15.0,0.15,1
1952,www.ironhacks.com,www.ironhacks.com,http://www.ironhacks.com/preview/federgolo/webapp_phase2/index.html,http://www.ironhacks.com/preview/federgolo/webapp_phase3/index.html,maps,21.0,43.1,2,federgolo,federgolo,79.0,0.79,1
1969,www.ironhacks.com,www.ironhacks.com,http://www.ironhacks.com/preview/jaleonro/webapp_phase2/index.html,http://www.ironhacks.com/preview/jaleonro/webapp_phase3/index.html,maps,83.8,98.4,2,jaleonro,jaleonro,16.200000000000003,0.162,1
1986,www.ironhacks.com,www.ironhacks.com,http://www.ironhacks.com/preview/jsalcinar/webapp_phase2/index.html,http://www.ironhacks.com/preview/jsalcinar/webapp_phase3/index.html,maps,25.9,100.0,2,jsalcinar,jsalcinar,74.1,0.741,1
2003,www.ironhacks.com,www.ironhacks.com,http://www.ironhacks.com/preview/nviverosb/webapp_phase2/index.html,http://www.ironhacks.com/preview/nviverosb/webapp_phase3/index.html,maps,100.0,100.0,2,nviverosb,nviverosb,0.0,0.0,1
2020,www.ironhacks.com,www.ironhacks.com,http://www.ironhacks.com/preview/olimita/webapp_phase2/index.html,http://www.ironhacks.com/preview/olimita/webapp_phase3/index.html,maps,100.0,100.0,2,olimita,olimita,0.0,0.0,1
2038,www.ironhacks.com,www.ironhacks.com,http://www.ironhacks.com/preview/serbatero/webapp_phase2/index.html,http://www.ironhacks.com/preview/serbatero/webapp_phase3/index.html,maps,100.0,100.0,2,serbatero,serbatero,0.0,0.0,1
2055,www.ironhacks.com,www.ironhacks.com,http://www.ironhacks.com/preview/xFortich/webapp_phase2/index.html,http://www.ironhacks.com/preview/xFortich/webapp_phase3/index.html,maps,22.4,100.0,2,xFortich,xFortich,77.6,0.776,1
2072,www.ironhacks.com,www.ironhacks.com,http://www.ironhacks.com/preview/yaochoal/webapp_phase2/index.html,http://www.ironhacks.com/preview/yaochoal/webapp_phase3/index.html,maps,100.0,100.0,2,yaochoal,yaochoal,0.0,0.0,1
2073,www.ironhacks.com,www.ironhacks.com,http://www.ironhacks.com/preview/Alekzu/webapp_phase2/index.html,http://www.ironhacks.com/preview/Alekzu/webapp_phase3/index.html,complete,26.9,100.0,2,Alekzu,Alekzu,73.1,0.731,1
2103,www.ironhacks.com,www.ironhacks.com,http://www.ironhacks.com/preview/Anvido/webapp_phase2/index.html,http://www.ironhacks.com/preview/Anvido/webapp_phase3/index.html,complete,18.7,100.0,2,Anvido,Anvido,81.3,0.813,1
2133,www.ironhacks.com,www.ironhacks.com,http://www.ironhacks.com/preview/Biopeligro/webapp_phase2/index.html,http://www.ironhacks.com/preview/Biopeligro/webapp_phase3/index.html,complete,40.5,100.0,2,Biopeligro,Biopeligro,59.5,0.595,1
2163,www.ironhacks.com,www.ironhacks.com,http://www.ironhacks.com/preview/Caadiazsi/webapp_phase2/index.html,http://www.ironhacks.com/preview/Caadiazsi/webapp_phase3/index.html,complete,45.0,100.0,2,Caadiazsi,Caadiazsi,55.0,0.55,1
2193,www.ironhacks.com,www.ironhacks.com,http://www.ironhacks.com/preview/DavidsMartinez/webapp_phase2/index.html,http://www.ironhacks.com/preview/DavidsMartinez/webapp_phase3/index.html,complete,100.0,100.0,2,DavidsMartinez,DavidsMartinez,0.0,0.0,1
2223,www.ironhacks.com,www.ironhacks.com,http://www.ironhacks.com/preview/DiegoAraque1207/webapp_phase2/index.html,http://www.ironhacks.com/preview/DiegoAraque1207/webapp_phase3/index.html,complete,28.2,100.0,2,DiegoAraque1207,DiegoAraque1207,71.8,0.718,1
2253,www.ironhacks.com,www.ironhacks.com,http://www.ironhacks.com/preview/GabrielUnal/webapp_phase2/index.html,http://www.ironhacks.com/preview/GabrielUnal/webapp_phase3/index.html,complete,38.8,100.0,2,GabrielUnal,GabrielUnal,61.2,0.612,1
2283,www.ironhacks.com,www.ironhacks.com,http://www.ironhacks.com/preview/Gavnic/webapp_phase2/index.html,http://www.ironhacks.com/preview/Gavnic/webapp_phase3/index.html,complete,36.5,100.0,2,Gavnic,Gavnic,63.5,0.635,1
2313,www.ironhacks.com,www.ironhacks.com,http://www.ironhacks.com/preview/Gusgal03/webapp_phase2/index.html,http://www.ironhacks.com/preview/Gusgal03/webapp_phase3/index.html,complete,46.9,100.0,2,Gusgal03,Gusgal03,53.1,0.531,1
2343,www.ironhacks.com,www.ironhacks.com,http://www.ironhacks.com/preview/Joacampora/webapp_phase2/index.html,http://www.ironhacks.com/preview/Joacampora/webapp_phase3/index.html,complete,74.9,100.0,2,Joacampora,Joacampora,25.099999999999994,0.251,1
2373,www.ironhacks.com,www.ironhacks.com,http://www.ironhacks.com/preview/Juankmilo97/webapp_phase2/index.html,http://www.ironhacks.com/preview/Juankmilo97/webapp_phase3/index.html,complete,17.9,100.0,2,Juankmilo97,Juankmilo97,82.1,0.821,1
2403,www.ironhacks.com,www.ironhacks.com,http://www.ironhacks.com/preview/Jufcardenasmo/webapp_phase2/index.html,http://www.ironhacks.com/preview/Jufcardenasmo/webapp_phase3/index.html,complete,48.6,99.0,2,Jufcardenasmo,Jufcardenasmo,51.4,0.514,1
2433,www.ironhacks.com,www.ironhacks.com,http://www.ironhacks.com/preview/Ozai98/webapp_phase2/index.html,http://www.ironhacks.com/preview/Ozai98/webapp_phase3/index.html,complete,19.1,32.4,2,Ozai98,Ozai98,80.9,0.809,1
2463,www.ironhacks.com,www.ironhacks.com,http://www.ironhacks.com/preview/Sariilan/webapp_phase2/index.html,http://www.ironhacks.com/preview/Sariilan/webapp_phase3/index.html,complete,100.0,100.0,2,Sariilan,Sariilan,0.0,0.0,1
2493,www.ironhacks.com,www.ironhacks.com,http://www.ironhacks.com/preview/bsdiaza/webapp_phase2/index.html,http://www.ironhacks.com/preview/bsdiaza/webapp_phase3/index.html,complete,34.0,100.0,2,bsdiaza,bsdiaza,66.0,0.66,1
2523,www.ironhacks.com,www.ironhacks.com,http://www.ironhacks.com/preview/casc3798/webapp_phase2/index.html,http://www.ironhacks.com/preview/casc3798/webapp_phase3/index.html,complete,95.9,100.0,2,casc3798,casc3798,4.099999999999994,0.041,1
2553,www.ironhacks.com,www.ironhacks.com,http://www.ironhacks.com/preview/diefrodriguezcha/webapp_phase2/index.html,http://www.ironhacks.com/preview/diefrodriguezcha/webapp_phase3/index.html,complete,85.5,100.0,2,diefrodriguezcha,diefrodriguezcha,14.5,0.145,1
2583,www.ironhacks.com,www.ironhacks.com,http://www.ironhacks.com/preview/facuellarg/webapp_phase2/index.html,http://www.ironhacks.com/preview/facuellarg/webapp_phase3/index.html,complete,27.6,100.0,2,facuellarg,facuellarg,72.4,0.724,1
2613,www.ironhacks.com,www.ironhacks.com,http://www.ironhacks.com/preview/federgolo/webapp_phase2/index.html,http://www.ironhacks.com/preview/federgolo/webapp_phase3/index.html,complete,28.5,87.0,2,federgolo,federgolo,71.5,0.715,1
2643,www.ironhacks.com,www.ironhacks.com,http://www.ironhacks.com/preview/garayf/webapp_phase2/index.html,http://www.ironhacks.com/preview/garayf/webapp_phase3/index.html,complete,100.0,100.0,2,garayf,garayf,0.0,0.0,1
2673,www.ironhacks.com,www.ironhacks.com,http://www.ironhacks.com/preview/jaleonro/webapp_phase2/index.html,http://www.ironhacks.com/preview/jaleonro/webapp_phase3/index.html,complete,99.4,100.0,2,jaleonro,jaleonro,0.5999999999999943,0.006,1
2703,www.ironhacks.com,www.ironhacks.com,http://www.ironhacks.com/preview/jsalcinar/webapp_phase2/index.html,http://www.ironhacks.com/preview/jsalcinar/webapp_phase3/index.html,complete,74.3,100.0,2,jsalcinar,jsalcinar,25.700000000000003,0.257,1
2733,www.ironhacks.com,www.ironhacks.com,http://www.ironhacks.com/preview/jssanchezo/webapp_phase2/index.html,http://www.ironhacks.com/preview/jssanchezo/webapp_phase3/index.html,complete,100.0,100.0,2,jssanchezo,jssanchezo,0.0,0.0,1
2763,www.ironhacks.com,www.ironhacks.com,http://www.ironhacks.com/preview/nviverosb/webapp_phase2/index.html,http://www.ironhacks.com/preview/nviverosb/webapp_phase3/index.html,complete,100.0,100.0,2,nviverosb,nviverosb,0.0,0.0,1
2793,www.ironhacks.com,www.ironhacks.com,http://www.ironhacks.com/preview/olimita/webapp_phase2/index.html,http://www.ironhacks.com/preview/olimita/webapp_phase3/index.html,complete,98.4,100.0,2,olimita,olimita,1.5999999999999943,0.016,1
2823,www.ironhacks.com,www.ironhacks.com,http://www.ironhacks.com/preview/sebcamacho1703/webapp_phase2/index.html,http://www.ironhacks.com/preview/sebcamacho1703/webapp_phase3/index.html,complete,11.4,100.0,2,sebcamacho1703,sebcamacho1703,88.6,0.886,1
2853,www.ironhacks.com,www.ironhacks.com,http://www.ironhacks.com/preview/serbatero/webapp_phase2/index.html,http://www.ironhacks.com/preview/serbatero/webapp_phase3/index.html,complete,99.4,100.0,2,serbatero,serbatero,0.5999999999999943,0.006,1
2883,www.ironhacks.com,www.ironhacks.com,http://www.ironhacks.com/preview/xFortich/webapp_phase2/index.html,http://www.ironhacks.com/preview/xFortich/webapp_phase3/index.html,complete,93.8,100.0,2,xFortich,xFortich,6.200000000000003,0.062,1
2913,www.ironhacks.com,www.ironhacks.com,http://www.ironhacks.com/preview/yaochoal/webapp_phase2/index.html,http://www.ironhacks.com/preview/yaochoal/webapp_phase3/index.html,complete,98.3,100.0,2,yaochoal,yaochoal,1.7000000000000028,0.017,1
2914,www.ironhacks.com,www.ironhacks.com,http://www.ironhacks.com/preview/Alekzu/webapp_phase2/index.html,http://www.ironhacks.com/preview/Alekzu/webapp_phase3/index.html,simple,26.9,100.0,2,Alekzu,Alekzu,73.1,0.731,1
2944,www.ironhacks.com,www.ironhacks.com,http://www.ironhacks.com/preview/Anvido/webapp_phase2/index.html,http://www.ironhacks.com/preview/Anvido/webapp_phase3/index.html,simple,18.7,100.0,2,Anvido,Anvido,81.3,0.813,1
2974,www.ironhacks.com,www.ironhacks.com,http://www.ironhacks.com/preview/Biopeligro/webapp_phase2/index.html,http://www.ironhacks.com/preview/Biopeligro/webapp_phase3/index.html,simple,40.5,100.0,2,Biopeligro,Biopeligro,59.5,0.595,1
3004,www.ironhacks.com,www.ironhacks.com,http://www.ironhacks.com/preview/Caadiazsi/webapp_phase2/index.html,http://www.ironhacks.com/preview/Caadiazsi/webapp_phase3/index.html,simple,45.0,100.0,2,Caadiazsi,Caadiazsi,55.0,0.55,1
3034,www.ironhacks.com,www.ironhacks.com,http://www.ironhacks.com/preview/DavidsMartinez/webapp_phase2/index.html,http://www.ironhacks.com/preview/DavidsMartinez/webapp_phase3/index.html,simple,100.0,100.0,2,DavidsMartinez,DavidsMartinez,0.0,0.0,1
3064,www.ironhacks.com,www.ironhacks.com,http://www.ironhacks.com/preview/DiegoAraque1207/webapp_phase2/index.html,http://www.ironhacks.com/preview/DiegoAraque1207/webapp_phase3/index.html,simple,28.2,100.0,2,DiegoAraque1207,DiegoAraque1207,71.8,0.718,1
3094,www.ironhacks.com,www.ironhacks.com,http://www.ironhacks.com/preview/GabrielUnal/webapp_phase2/index.html,http://www.ironhacks.com/preview/GabrielUnal/webapp_phase3/index.html,simple,38.8,100.0,2,GabrielUnal,GabrielUnal,61.2,0.612,1
3124,www.ironhacks.com,www.ironhacks.com,http://www.ironhacks.com/preview/Gavnic/webapp_phase2/index.html,http://www.ironhacks.com/preview/Gavnic/webapp_phase3/index.html,simple,36.5,100.0,2,Gavnic,Gavnic,63.5,0.635,1
3154,www.ironhacks.com,www.ironhacks.com,http://www.ironhacks.com/preview/Gusgal03/webapp_phase2/index.html,http://www.ironhacks.com/preview/Gusgal03/webapp_phase3/index.html,simple,46.9,100.0,2,Gusgal03,Gusgal03,53.1,0.531,1
3184,www.ironhacks.com,www.ironhacks.com,http://www.ironhacks.com/preview/Joacampora/webapp_phase2/index.html,http://www.ironhacks.com/preview/Joacampora/webapp_phase3/index.html,simple,49.4,44.5,2,Joacampora,Joacampora,50.6,0.506,1
3214,www.ironhacks.com,www.ironhacks.com,http://www.ironhacks.com/preview/Juankmilo97/webapp_phase2/index.html,http://www.ironhacks.com/preview/Juankmilo97/webapp_phase3/index.html,simple,64.8,46.8,2,Juankmilo97,Juankmilo97,35.2,0.352,1
3244,www.ironhacks.com,www.ironhacks.com,http://www.ironhacks.com/preview/Jufcardenasmo/webapp_phase2/index.html,http://www.ironhacks.com/preview/Jufcardenasmo/webapp_phase3/index.html,simple,100.0,100.0,2,Jufcardenasmo,Jufcardenasmo,0.0,0.0,1
3274,www.ironhacks.com,www.ironhacks.com,http://www.ironhacks.com/preview/Ozai98/webapp_phase2/index.html,http://www.ironhacks.com/preview/Ozai98/webapp_phase3/index.html,simple,19.1,32.4,2,Ozai98,Ozai98,80.9,0.809,1
3304,www.ironhacks.com,www.ironhacks.com,http://www.ironhacks.com/preview/Sariilan/webapp_phase2/index.html,http://www.ironhacks.com/preview/Sariilan/webapp_phase3/index.html,simple,100.0,100.0,2,Sariilan,Sariilan,0.0,0.0,1
3334,www.ironhacks.com,www.ironhacks.com,http://www.ironhacks.com/preview/bsdiaza/webapp_phase2/index.html,http://www.ironhacks.com/preview/bsdiaza/webapp_phase3/index.html,simple,34.0,100.0,2,bsdiaza,bsdiaza,66.0,0.66,1
3364,www.ironhacks.com,www.ironhacks.com,http://www.ironhacks.com/preview/casc3798/webapp_phase2/index.html,http://www.ironhacks.com/preview/casc3798/webapp_phase3/index.html,simple,100.0,100.0,2,casc3798,casc3798,0.0,0.0,1
3394,www.ironhacks.com,www.ironhacks.com,http://www.ironhacks.com/preview/diefrodriguezcha/webapp_phase2/index.html,http://www.ironhacks.com/preview/diefrodriguezcha/webapp_phase3/index.html,simple,87.0,100.0,2,diefrodriguezcha,diefrodriguezcha,13.0,0.13,1
3424,www.ironhacks.com,www.ironhacks.com,http://www.ironhacks.com/preview/facuellarg/webapp_phase2/index.html,http://www.ironhacks.com/preview/facuellarg/webapp_phase3/index.html,simple,27.6,100.0,2,facuellarg,facuellarg,72.4,0.724,1
3454,www.ironhacks.com,www.ironhacks.com,http://www.ironhacks.com/preview/federgolo/webapp_phase2/index.html,http://www.ironhacks.com/preview/federgolo/webapp_phase3/index.html,simple,32.2,54.4,2,federgolo,federgolo,67.8,0.678,1
3484,www.ironhacks.com,www.ironhacks.com,http://www.ironhacks.com/preview/garayf/webapp_phase2/index.html,http://www.ironhacks.com/preview/garayf/webapp_phase3/index.html,simple,100.0,100.0,2,garayf,garayf,0.0,0.0,1
3514,www.ironhacks.com,www.ironhacks.com,http://www.ironhacks.com/preview/jaleonro/webapp_phase2/index.html,http://www.ironhacks.com/preview/jaleonro/webapp_phase3/index.html,simple,99.4,100.0,2,jaleonro,jaleonro,0.5999999999999943,0.006,1
3544,www.ironhacks.com,www.ironhacks.com,http://www.ironhacks.com/preview/jsalcinar/webapp_phase2/index.html,http://www.ironhacks.com/preview/jsalcinar/webapp_phase3/index.html,simple,87.7,100.0,2,jsalcinar,jsalcinar,12.299999999999997,0.123,1
3574,www.ironhacks.com,www.ironhacks.com,http://www.ironhacks.com/preview/jssanchezo/webapp_phase2/index.html,http://www.ironhacks.com/preview/jssanchezo/webapp_phase3/index.html,simple,100.0,100.0,2,jssanchezo,jssanchezo,0.0,0.0,1
3604,www.ironhacks.com,www.ironhacks.com,http://www.ironhacks.com/preview/nviverosb/webapp_phase2/index.html,http://www.ironhacks.com/preview/nviverosb/webapp_phase3/index.html,simple,100.0,100.0,2,nviverosb,nviverosb,0.0,0.0,1
3634,www.ironhacks.com,www.ironhacks.com,http://www.ironhacks.com/preview/olimita/webapp_phase2/index.html,http://www.ironhacks.com/preview/olimita/webapp_phase3/index.html,simple,98.4,100.0,2,olimita,olimita,1.5999999999999943,0.016,1
3664,www.ironhacks.com,www.ironhacks.com,http://www.ironhacks.com/preview/sebcamacho1703/webapp_phase2/index.html,http://www.ironhacks.com/preview/sebcamacho1703/webapp_phase3/index.html,simple,23.1,100.0,2,sebcamacho1703,sebcamacho1703,76.9,0.769,1
3694,www.ironhacks.com,www.ironhacks.com,http://www.ironhacks.com/preview/serbatero/webapp_phase2/index.html,http://www.ironhacks.com/preview/serbatero/webapp_phase3/index.html,simple,99.4,100.0,2,serbatero,serbatero,0.5999999999999943,0.006,1
3724,www.ironhacks.com,www.ironhacks.com,http://www.ironhacks.com/preview/xFortich/webapp_phase2/index.html,http://www.ironhacks.com/preview/xFortich/webapp_phase3/index.html,simple,96.6,100.0,2,xFortich,xFortich,3.4000000000000057,0.034,1
3754,www.ironhacks.com,www.ironhacks.com,http://www.ironhacks.com/preview/yaochoal/webapp_phase2/index.html,http://www.ironhacks.com/preview/yaochoal/webapp_phase3/index.html,simple,100.0,100.0,2,yaochoal,yaochoal,0.0,0.0,1
3756,www.ironhacks.com,www.ironhacks.com,http://www.ironhacks.com/preview/DiegoAraque1207/webapp_phase3/index.html,http://www.ironhacks.com/preview/DiegoAraque1207/webapp_phase4/index.html,maps,100.0,100.0,3,DiegoAraque1207,DiegoAraque1207,0.0,0.0,1
3771,www.ironhacks.com,www.ironhacks.com,http://www.ironhacks.com/preview/GabrielUnal/webapp_phase3/index.html,http://www.ironhacks.com/preview/GabrielUnal/webapp_phase4/index.html,maps,100.0,100.0,3,GabrielUnal,GabrielUnal,0.0,0.0,1
3786,www.ironhacks.com,www.ironhacks.com,http://www.ironhacks.com/preview/Joacampora/webapp_phase3/index.html,http://www.ironhacks.com/preview/Joacampora/webapp_phase4/index.html,maps,33.1,39.2,3,Joacampora,Joacampora,66.9,0.669,1
3801,www.ironhacks.com,www.ironhacks.com,http://www.ironhacks.com/preview/Juankmilo97/webapp_phase3/index.html,http://www.ironhacks.com/preview/Juankmilo97/webapp_phase4/index.html,maps,100.0,100.0,3,Juankmilo97,Juankmilo97,0.0,0.0,1
3817,www.ironhacks.com,www.ironhacks.com,http://www.ironhacks.com/preview/bsdiaza/webapp_phase3/index.html,http://www.ironhacks.com/preview/bsdiaza/webapp_phase4/index.html,maps,29.6,100.0,3,bsdiaza,bsdiaza,70.4,0.704,1
3832,www.ironhacks.com,www.ironhacks.com,http://www.ironhacks.com/preview/casc3798/webapp_phase3/index.html,http://www.ironhacks.com/preview/casc3798/webapp_phase4/index.html,maps,100.0,100.0,3,casc3798,casc3798,0.0,0.0,1
3847,www.ironhacks.com,www.ironhacks.com,http://www.ironhacks.com/preview/diefrodriguezcha/webapp_phase3/index.html,http://www.ironhacks.com/preview/diefrodriguezcha/webapp_phase4/index.html,maps,84.6,100.0,3,diefrodriguezcha,diefrodriguezcha,15.400000000000006,0.154,1
3862,www.ironhacks.com,www.ironhacks.com,http://www.ironhacks.com/preview/federgolo/webapp_phase3/index.html,http://www.ironhacks.com/preview/federgolo/webapp_phase4/index.html,maps,22.2,32.4,3,federgolo,federgolo,77.8,0.778,1
3905,www.ironhacks.com,www.ironhacks.com,http://www.ironhacks.com/preview/nviverosb/webapp_phase3/index.html,http://www.ironhacks.com/preview/nviverosb/webapp_phase4/index.html,maps,100.0,100.0,3,nviverosb,nviverosb,0.0,0.0,1
3920,www.ironhacks.com,www.ironhacks.com,http://www.ironhacks.com/preview/olimita/webapp_phase3/index.html,http://www.ironhacks.com/preview/olimita/webapp_phase4/index.html,maps,100.0,100.0,3,olimita,olimita,0.0,0.0,1
3949,www.ironhacks.com,www.ironhacks.com,http://www.ironhacks.com/preview/serbatero/webapp_phase3/index.html,http://www.ironhacks.com/preview/serbatero/webapp_phase4/index.html,maps,100.0,100.0,3,serbatero,serbatero,0.0,0.0,1
3978,www.ironhacks.com,www.ironhacks.com,http://www.ironhacks.com/preview/yaochoal/webapp_phase3/index.html,http://www.ironhacks.com/preview/yaochoal/webapp_phase4/index.html,maps,100.0,100.0,3,yaochoal,yaochoal,0.0,0.0,1
3979,www.ironhacks.com,www.ironhacks.com,http://www.ironhacks.com/preview/Alekzu/webapp_phase3/index.html,http://www.ironhacks.com/preview/Alekzu/webapp_phase4/index.html,complete,7.2,33.9,3,Alekzu,Alekzu,92.8,0.928,1
4009,www.ironhacks.com,www.ironhacks.com,http://www.ironhacks.com/preview/Anvido/webapp_phase3/index.html,http://www.ironhacks.com/preview/Anvido/webapp_phase4/index.html,complete,99.9,100.0,3,Anvido,Anvido,0.09999999999999432,0.001,1
4039,www.ironhacks.com,www.ironhacks.com,http://www.ironhacks.com/preview/Biopeligro/webapp_phase3/index.html,http://www.ironhacks.com/preview/Biopeligro/webapp_phase4/index.html,complete,100.0,100.0,3,Biopeligro,Biopeligro,0.0,0.0,1
4069,www.ironhacks.com,www.ironhacks.com,http://www.ironhacks.com/preview/Caadiazsi/webapp_phase3/index.html,http://www.ironhacks.com/preview/Caadiazsi/webapp_phase4/index.html,complete,100.0,100.0,3,Caadiazsi,Caadiazsi,0.0,0.0,1
4099,www.ironhacks.com,www.ironhacks.com,http://www.ironhacks.com/preview/DavidsMartinez/webapp_phase3/index.html,http://www.ironhacks.com/preview/DavidsMartinez/webapp_phase4/index.html,complete,100.0,100.0,3,DavidsMartinez,DavidsMartinez,0.0,0.0,1
4129,www.ironhacks.com,www.ironhacks.com,http://www.ironhacks.com/preview/DiegoAraque1207/webapp_phase3/index.html,http://www.ironhacks.com/preview/DiegoAraque1207/webapp_phase4/index.html,complete,99.7,100.0,3,DiegoAraque1207,DiegoAraque1207,0.29999999999999716,0.003,1
4159,www.ironhacks.com,www.ironhacks.com,http://www.ironhacks.com/preview/GabrielUnal/webapp_phase3/index.html,http://www.ironhacks.com/preview/GabrielUnal/webapp_phase4/index.html,complete,100.0,100.0,3,GabrielUnal,GabrielUnal,0.0,0.0,1
4189,www.ironhacks.com,www.ironhacks.com,http://www.ironhacks.com/preview/Gavnic/webapp_phase3/index.html,http://www.ironhacks.com/preview/Gavnic/webapp_phase4/index.html,complete,34.5,100.0,3,Gavnic,Gavnic,65.5,0.655,1
4219,www.ironhacks.com,www.ironhacks.com,http://www.ironhacks.com/preview/Gusgal03/webapp_phase3/index.html,http://www.ironhacks.com/preview/Gusgal03/webapp_phase4/index.html,complete,100.0,100.0,3,Gusgal03,Gusgal03,0.0,0.0,1
4249,www.ironhacks.com,www.ironhacks.com,http://www.ironhacks.com/preview/Joacampora/webapp_phase3/index.html,http://www.ironhacks.com/preview/Joacampora/webapp_phase4/index.html,complete,25.2,89.2,3,Joacampora,Joacampora,74.8,0.748,1
4279,www.ironhacks.com,www.ironhacks.com,http://www.ironhacks.com/preview/Juankmilo97/webapp_phase3/index.html,http://www.ironhacks.com/preview/Juankmilo97/webapp_phase4/index.html,complete,99.1,100.0,3,Juankmilo97,Juankmilo97,0.9000000000000057,0.009,1
4309,www.ironhacks.com,www.ironhacks.com,http://www.ironhacks.com/preview/Jufcardenasmo/webapp_phase3/index.html,http://www.ironhacks.com/preview/Jufcardenasmo/webapp_phase4/index.html,complete,48.6,99.0,3,Jufcardenasmo,Jufcardenasmo,51.4,0.514,1
4339,www.ironhacks.com,www.ironhacks.com,http://www.ironhacks.com/preview/Ozai98/webapp_phase3/index.html,http://www.ironhacks.com/preview/Ozai98/webapp_phase4/index.html,complete,86.1,98.3,3,Ozai98,Ozai98,13.900000000000006,0.139,1
4369,www.ironhacks.com,www.ironhacks.com,http://www.ironhacks.com/preview/Sariilan/webapp_phase3/index.html,http://www.ironhacks.com/preview/Sariilan/webapp_phase4/index.html,complete,100.0,100.0,3,Sariilan,Sariilan,0.0,0.0,1
4399,www.ironhacks.com,www.ironhacks.com,http://www.ironhacks.com/preview/bsdiaza/webapp_phase3/index.html,http://www.ironhacks.com/preview/bsdiaza/webapp_phase4/index.html,complete,26.6,95.8,3,bsdiaza,bsdiaza,73.4,0.734,1
4429,www.ironhacks.com,www.ironhacks.com,http://www.ironhacks.com/preview/casc3798/webapp_phase3/index.html,http://www.ironhacks.com/preview/casc3798/webapp_phase4/index.html,complete,100.0,100.0,3,casc3798,casc3798,0.0,0.0,1
4459,www.ironhacks.com,www.ironhacks.com,http://www.ironhacks.com/preview/diefrodriguezcha/webapp_phase3/index.html,http://www.ironhacks.com/preview/diefrodriguezcha/webapp_phase4/index.html,complete,82.6,100.0,3,diefrodriguezcha,diefrodriguezcha,17.400000000000006,0.174,1
4489,www.ironhacks.com,www.ironhacks.com,http://www.ironhacks.com/preview/facuellarg/webapp_phase3/index.html,http://www.ironhacks.com/preview/facuellarg/webapp_phase4/index.html,complete,27.6,100.0,3,facuellarg,facuellarg,72.4,0.724,1
4519,www.ironhacks.com,www.ironhacks.com,http://www.ironhacks.com/preview/federgolo/webapp_phase3/index.html,http://www.ironhacks.com/preview/federgolo/webapp_phase4/index.html,complete,80.9,100.0,3,federgolo,federgolo,19.099999999999994,0.191,1
4549,www.ironhacks.com,www.ironhacks.com,http://www.ironhacks.com/preview/garayf/webapp_phase3/index.html,http://www.ironhacks.com/preview/garayf/webapp_phase4/index.html,complete,99.8,100.0,3,garayf,garayf,0.20000000000000284,0.002,1
4579,www.ironhacks.com,www.ironhacks.com,http://www.ironhacks.com/preview/jaleonro/webapp_phase3/index.html,http://www.ironhacks.com/preview/jaleonro/webapp_phase4/index.html,complete,86.2,100.0,3,jaleonro,jaleonro,13.799999999999997,0.138,1
4609,www.ironhacks.com,www.ironhacks.com,http://www.ironhacks.com/preview/jsalcinar/webapp_phase3/index.html,http://www.ironhacks.com/preview/jsalcinar/webapp_phase4/index.html,complete,90.7,100.0,3,jsalcinar,jsalcinar,9.299999999999997,0.093,1
4639,www.ironhacks.com,www.ironhacks.com,http://www.ironhacks.com/preview/jssanchezo/webapp_phase3/index.html,http://www.ironhacks.com/preview/jssanchezo/webapp_phase4/index.html,complete,100.0,100.0,3,jssanchezo,jssanchezo,0.0,0.0,1
4669,www.ironhacks.com,www.ironhacks.com,http://www.ironhacks.com/preview/nviverosb/webapp_phase3/index.html,http://www.ironhacks.com/preview/nviverosb/webapp_phase4/index.html,complete,99.7,100.0,3,nviverosb,nviverosb,0.29999999999999716,0.003,1
4699,www.ironhacks.com,www.ironhacks.com,http://www.ironhacks.com/preview/olimita/webapp_phase3/index.html,http://www.ironhacks.com/preview/olimita/webapp_phase4/index.html,complete,95.6,100.0,3,olimita,olimita,4.400000000000006,0.044,1
4729,www.ironhacks.com,www.ironhacks.com,http://www.ironhacks.com/preview/sebcamacho1703/webapp_phase3/index.html,http://www.ironhacks.com/preview/sebcamacho1703/webapp_phase4/index.html,complete,59.9,91.8,3,sebcamacho1703,sebcamacho1703,40.1,0.401,1
4759,www.ironhacks.com,www.ironhacks.com,http://www.ironhacks.com/preview/serbatero/webapp_phase3/index.html,http://www.ironhacks.com/preview/serbatero/webapp_phase4/index.html,complete,100.0,100.0,3,serbatero,serbatero,0.0,0.0,1
4789,www.ironhacks.com,www.ironhacks.com,http://www.ironhacks.com/preview/xFortich/webapp_phase3/index.html,http://www.ironhacks.com/preview/xFortich/webapp_phase4/index.html,complete,67.1,54.1,3,xFortich,xFortich,32.900000000000006,0.329,1
4819,www.ironhacks.com,www.ironhacks.com,http://www.ironhacks.com/preview/yaochoal/webapp_phase3/index.html,http://www.ironhacks.com/preview/yaochoal/webapp_phase4/index.html,complete,99.7,100.0,3,yaochoal,yaochoal,0.29999999999999716,0.003,1
4820,www.ironhacks.com,www.ironhacks.com,http://www.ironhacks.com/preview/Alekzu/webapp_phase3/index.html,http://www.ironhacks.com/preview/Alekzu/webapp_phase4/index.html,simple,87.2,100.0,3,Alekzu,Alekzu,12.799999999999997,0.128,1
4849,www.ironhacks.com,www.ironhacks.com,http://www.ironhacks.com/preview/Anvido/webapp_phase3/index.html,http://www.ironhacks.com/preview/Anvido/webapp_phase4/index.html,simple,99.9,100.0,3,Anvido,Anvido,0.09999999999999432,0.001,1
4878,www.ironhacks.com,www.ironhacks.com,http://www.ironhacks.com/preview/Biopeligro/webapp_phase3/index.html,http://www.ironhacks.com/preview/Biopeligro/webapp_phase4/index.html,simple,100.0,100.0,3,Biopeligro,Biopeligro,0.0,0.0,1
4907,www.ironhacks.com,www.ironhacks.com,http://www.ironhacks.com/preview/Caadiazsi/webapp_phase3/index.html,http://www.ironhacks.com/preview/Caadiazsi/webapp_phase4/index.html,simple,100.0,100.0,3,Caadiazsi,Caadiazsi,0.0,0.0,1
4936,www.ironhacks.com,www.ironhacks.com,http://www.ironhacks.com/preview/DavidsMartinez/webapp_phase3/index.html,http://www.ironhacks.com/preview/DavidsMartinez/webapp_phase4/index.html,simple,100.0,100.0,3,DavidsMartinez,DavidsMartinez,0.0,0.0,1
4965,www.ironhacks.com,www.ironhacks.com,http://www.ironhacks.com/preview/DiegoAraque1207/webapp_phase3/index.html,http://www.ironhacks.com/preview/DiegoAraque1207/webapp_phase4/index.html,simple,99.7,100.0,3,DiegoAraque1207,DiegoAraque1207,0.29999999999999716,0.003,1
4994,www.ironhacks.com,www.ironhacks.com,http://www.ironhacks.com/preview/GabrielUnal/webapp_phase3/index.html,http://www.ironhacks.com/preview/GabrielUnal/webapp_phase4/index.html,simple,100.0,100.0,3,GabrielUnal,GabrielUnal,0.0,0.0,1
5023,www.ironhacks.com,www.ironhacks.com,http://www.ironhacks.com/preview/Gavnic/webapp_phase3/index.html,http://www.ironhacks.com/preview/Gavnic/webapp_phase4/index.html,simple,35.6,100.0,3,Gavnic,Gavnic,64.4,0.644,1
5052,www.ironhacks.com,www.ironhacks.com,http://www.ironhacks.com/preview/Gusgal03/webapp_phase3/index.html,http://www.ironhacks.com/preview/Gusgal03/webapp_phase4/index.html,simple,100.0,100.0,3,Gusgal03,Gusgal03,0.0,0.0,1
5081,www.ironhacks.com,www.ironhacks.com,http://www.ironhacks.com/preview/Joacampora/webapp_phase3/index.html,http://www.ironhacks.com/preview/Joacampora/webapp_phase4/index.html,simple,93.9,100.0,3,Joacampora,Joacampora,6.099999999999994,0.061,1
5110,www.ironhacks.com,www.ironhacks.com,http://www.ironhacks.com/preview/Juankmilo97/webapp_phase3/index.html,http://www.ironhacks.com/preview/Juankmilo97/webapp_phase4/index.html,simple,99.1,100.0,3,Juankmilo97,Juankmilo97,0.9000000000000057,0.009,1
5139,www.ironhacks.com,www.ironhacks.com,http://www.ironhacks.com/preview/Jufcardenasmo/webapp_phase3/index.html,http://www.ironhacks.com/preview/Jufcardenasmo/webapp_phase4/index.html,simple,100.0,100.0,3,Jufcardenasmo,Jufcardenasmo,0.0,0.0,1
5168,www.ironhacks.com,www.ironhacks.com,http://www.ironhacks.com/preview/Ozai98/webapp_phase3/index.html,http://www.ironhacks.com/preview/Ozai98/webapp_phase4/index.html,simple,86.1,98.3,3,Ozai98,Ozai98,13.900000000000006,0.139,1
5197,www.ironhacks.com,www.ironhacks.com,http://www.ironhacks.com/preview/Sariilan/webapp_phase3/index.html,http://www.ironhacks.com/preview/Sariilan/webapp_phase4/index.html,simple,100.0,100.0,3,Sariilan,Sariilan,0.0,0.0,1
5226,www.ironhacks.com,www.ironhacks.com,http://www.ironhacks.com/preview/bsdiaza/webapp_phase3/index.html,http://www.ironhacks.com/preview/bsdiaza/webapp_phase4/index.html,simple,32.7,87.0,3,bsdiaza,bsdiaza,67.3,0.673,1
5255,www.ironhacks.com,www.ironhacks.com,http://www.ironhacks.com/preview/casc3798/webapp_phase3/index.html,http://www.ironhacks.com/preview/casc3798/webapp_phase4/index.html,simple,100.0,100.0,3,casc3798,casc3798,0.0,0.0,1
5284,www.ironhacks.com,www.ironhacks.com,http://www.ironhacks.com/preview/diefrodriguezcha/webapp_phase3/index.html,http://www.ironhacks.com/preview/diefrodriguezcha/webapp_phase4/index.html,simple,90.0,100.0,3,diefrodriguezcha,diefrodriguezcha,10.0,0.1,1
5313,www.ironhacks.com,www.ironhacks.com,http://www.ironhacks.com/preview/facuellarg/webapp_phase3/index.html,http://www.ironhacks.com/preview/facuellarg/webapp_phase4/index.html,simple,27.6,100.0,3,facuellarg,facuellarg,72.4,0.724,1
5342,www.ironhacks.com,www.ironhacks.com,http://www.ironhacks.com/preview/federgolo/webapp_phase3/index.html,http://www.ironhacks.com/preview/federgolo/webapp_phase4/index.html,simple,97.3,100.0,3,federgolo,federgolo,2.700000000000003,0.027,1
5371,www.ironhacks.com,www.ironhacks.com,http://www.ironhacks.com/preview/garayf/webapp_phase3/index.html,http://www.ironhacks.com/preview/garayf/webapp_phase4/index.html,simple,99.8,100.0,3,garayf,garayf,0.20000000000000284,0.002,1
5400,www.ironhacks.com,www.ironhacks.com,http://www.ironhacks.com/preview/jaleonro/webapp_phase3/index.html,http://www.ironhacks.com/preview/jaleonro/webapp_phase4/index.html,simple,99.8,100.0,3,jaleonro,jaleonro,0.20000000000000284,0.002,1
5457,www.ironhacks.com,www.ironhacks.com,http://www.ironhacks.com/preview/jssanchezo/webapp_phase3/index.html,http://www.ironhacks.com/preview/jssanchezo/webapp_phase4/index.html,simple,100.0,100.0,3,jssanchezo,jssanchezo,0.0,0.0,1
5486,www.ironhacks.com,www.ironhacks.com,http://www.ironhacks.com/preview/nviverosb/webapp_phase3/index.html,http://www.ironhacks.com/preview/nviverosb/webapp_phase4/index.html,simple,80.2,100.0,3,nviverosb,nviverosb,19.799999999999997,0.198,1
5515,www.ironhacks.com,www.ironhacks.com,http://www.ironhacks.com/preview/olimita/webapp_phase3/index.html,http://www.ironhacks.com/preview/olimita/webapp_phase4/index.html,simple,95.6,100.0,3,olimita,olimita,4.400000000000006,0.044,1
5544,www.ironhacks.com,www.ironhacks.com,http://www.ironhacks.com/preview/sebcamacho1703/webapp_phase3/index.html,http://www.ironhacks.com/preview/sebcamacho1703/webapp_phase4/index.html,simple,63.4,96.5,3,sebcamacho1703,sebcamacho1703,36.6,0.366,1
5573,www.ironhacks.com,www.ironhacks.com,http://www.ironhacks.com/preview/serbatero/webapp_phase3/index.html,http://www.ironhacks.com/preview/serbatero/webapp_phase4/index.html,simple,100.0,100.0,3,serbatero,serbatero,0.0,0.0,1
5602,www.ironhacks.com,www.ironhacks.com,http://www.ironhacks.com/preview/xFortich/webapp_phase3/index.html,http://www.ironhacks.com/preview/xFortich/webapp_phase4/index.html,simple,98.7,54.1,3,xFortich,xFortich,1.2999999999999972,0.013,1
5631,www.ironhacks.com,www.ironhacks.com,http://www.ironhacks.com/preview/yaochoal/webapp_phase3/index.html,http://www.ironhacks.com/preview/yaochoal/webapp_phase4/index.html,simple,100.0,100.0,3,yaochoal,yaochoal,0.0,0.0,1
5632,www.ironhacks.com,www.ironhacks.com,http://www.ironhacks.com/preview/Alekzu/webapp_phase4/index.html,http://www.ironhacks.com/preview/Alekzu/webapp_phase5/index.html,maps,99.8,100.0,4,Alekzu,Alekzu,0.20000000000000284,0.002,1
5652,www.ironhacks.com,www.ironhacks.com,http://www.ironhacks.com/preview/DiegoAraque1207/webapp_phase4/index.html,http://www.ironhacks.com/preview/DiegoAraque1207/webapp_phase5/index.html,maps,28.5,38.7,4,DiegoAraque1207,DiegoAraque1207,71.5,0.715,1
5671,www.ironhacks.com,www.ironhacks.com,http://www.ironhacks.com/preview/GabrielUnal/webapp_phase4/index.html,http://www.ironhacks.com/preview/GabrielUnal/webapp_phase5/index.html,maps,23.4,70.3,4,GabrielUnal,GabrielUnal,76.6,0.766,1
5691,www.ironhacks.com,www.ironhacks.com,http://www.ironhacks.com/preview/Joacampora/webapp_phase4/index.html,http://www.ironhacks.com/preview/Joacampora/webapp_phase5/index.html,maps,33.1,40.7,4,Joacampora,Joacampora,66.9,0.669,1
5710,www.ironhacks.com,www.ironhacks.com,http://www.ironhacks.com/preview/Juankmilo97/webapp_phase4/index.html,http://www.ironhacks.com/preview/Juankmilo97/webapp_phase5/index.html,maps,26.4,100.0,4,Juankmilo97,Juankmilo97,73.6,0.736,1
5729,www.ironhacks.com,www.ironhacks.com,http://www.ironhacks.com/preview/Jufcardenasmo/webapp_phase4/index.html,http://www.ironhacks.com/preview/Jufcardenasmo/webapp_phase5/index.html,maps,52.2,100.0,4,Jufcardenasmo,Jufcardenasmo,47.8,0.478,1
5748,www.ironhacks.com,www.ironhacks.com,http://www.ironhacks.com/preview/bsdiaza/webapp_phase4/index.html,http://www.ironhacks.com/preview/bsdiaza/webapp_phase5/index.html,maps,87.6,100.0,4,bsdiaza,bsdiaza,12.400000000000006,0.124,1
5767,www.ironhacks.com,www.ironhacks.com,http://www.ironhacks.com/preview/casc3798/webapp_phase4/index.html,http://www.ironhacks.com/preview/casc3798/webapp_phase5/index.html,maps,25.1,40.7,4,casc3798,casc3798,74.9,0.749,1
5804,www.ironhacks.com,www.ironhacks.com,http://www.ironhacks.com/preview/federgolo/webapp_phase4/index.html,http://www.ironhacks.com/preview/federgolo/webapp_phase5/index.html,maps,100.0,100.0,4,federgolo,federgolo,0.0,0.0,1
5825,www.ironhacks.com,www.ironhacks.com,http://www.ironhacks.com/preview/nviverosb/webapp_phase4/index.html,http://www.ironhacks.com/preview/nviverosb/webapp_phase5/index.html,maps,100.0,100.0,4,nviverosb,nviverosb,0.0,0.0,1
5844,www.ironhacks.com,www.ironhacks.com,http://www.ironhacks.com/preview/olimita/webapp_phase4/index.html,http://www.ironhacks.com/preview/olimita/webapp_phase5/index.html,maps,100.0,100.0,4,olimita,olimita,0.0,0.0,1
5864,www.ironhacks.com,www.ironhacks.com,http://www.ironhacks.com/preview/serbatero/webapp_phase4/index.html,http://www.ironhacks.com/preview/serbatero/webapp_phase5/index.html,maps,87.7,100.0,4,serbatero,serbatero,12.299999999999997,0.123,1
5883,www.ironhacks.com,www.ironhacks.com,http://www.ironhacks.com/preview/yaochoal/webapp_phase4/index.html,http://www.ironhacks.com/preview/yaochoal/webapp_phase5/index.html,maps,100.0,100.0,4,yaochoal,yaochoal,0.0,0.0,1
5884,www.ironhacks.com,www.ironhacks.com,http://www.ironhacks.com/preview/yaochoal/webapp_phase4/index.html#1,http://www.ironhacks.com/preview/yaochoal/webapp_phase5/index.html#1,charts,100.0,100.0,4,yaochoal,yaochoal,0.0,0.0,1
5885,www.ironhacks.com,www.ironhacks.com,http://www.ironhacks.com/preview/Alekzu/webapp_phase4/index.html,http://www.ironhacks.com/preview/Alekzu/webapp_phase5/index.html,complete,28.8,100.0,4,Alekzu,Alekzu,71.2,0.712,1
5915,www.ironhacks.com,www.ironhacks.com,http://www.ironhacks.com/preview/Anvido/webapp_phase4/index.html,http://www.ironhacks.com/preview/Anvido/webapp_phase5/index.html,complete,100.0,100.0,4,Anvido,Anvido,0.0,0.0,1
5945,www.ironhacks.com,www.ironhacks.com,http://www.ironhacks.com/preview/Biopeligro/webapp_phase4/index.html,http://www.ironhacks.com/preview/Biopeligro/webapp_phase5/index.html,complete,9.7,73.6,4,Biopeligro,Biopeligro,90.3,0.903,1
5975,www.ironhacks.com,www.ironhacks.com,http://www.ironhacks.com/preview/Caadiazsi/webapp_phase4/index.html,http://www.ironhacks.com/preview/Caadiazsi/webapp_phase5/index.html,complete,100.0,100.0,4,Caadiazsi,Caadiazsi,0.0,0.0,1
6005,www.ironhacks.com,www.ironhacks.com,http://www.ironhacks.com/preview/DavidsMartinez/webapp_phase4/index.html,http://www.ironhacks.com/preview/DavidsMartinez/webapp_phase5/index.html,complete,100.0,100.0,4,DavidsMartinez,DavidsMartinez,0.0,0.0,1
6035,www.ironhacks.com,www.ironhacks.com,http://www.ironhacks.com/preview/DiegoAraque1207/webapp_phase4/index.html,http://www.ironhacks.com/preview/DiegoAraque1207/webapp_phase5/index.html,complete,87.3,100.0,4,DiegoAraque1207,DiegoAraque1207,12.700000000000003,0.127,1
6065,www.ironhacks.com,www.ironhacks.com,http://www.ironhacks.com/preview/GabrielUnal/webapp_phase4/index.html,http://www.ironhacks.com/preview/GabrielUnal/webapp_phase5/index.html,complete,45.1,99.0,4,GabrielUnal,GabrielUnal,54.9,0.549,1
6095,www.ironhacks.com,www.ironhacks.com,http://www.ironhacks.com/preview/Gavnic/webapp_phase4/index.html,http://www.ironhacks.com/preview/Gavnic/webapp_phase5/index.html,complete,31.6,63.0,4,Gavnic,Gavnic,68.4,0.684,1
6125,www.ironhacks.com,www.ironhacks.com,http://www.ironhacks.com/preview/Gusgal03/webapp_phase4/index.html,http://www.ironhacks.com/preview/Gusgal03/webapp_phase5/index.html,complete,100.0,100.0,4,Gusgal03,Gusgal03,0.0,0.0,1
6155,www.ironhacks.com,www.ironhacks.com,http://www.ironhacks.com/preview/Joacampora/webapp_phase4/index.html,http://www.ironhacks.com/preview/Joacampora/webapp_phase5/index.html,complete,93.7,100.0,4,Joacampora,Joacampora,6.299999999999997,0.063,1
6185,www.ironhacks.com,www.ironhacks.com,http://www.ironhacks.com/preview/Juankmilo97/webapp_phase4/index.html,http://www.ironhacks.com/preview/Juankmilo97/webapp_phase5/index.html,complete,84.4,100.0,4,Juankmilo97,Juankmilo97,15.599999999999994,0.156,1
6215,www.ironhacks.com,www.ironhacks.com,http://www.ironhacks.com/preview/Jufcardenasmo/webapp_phase4/index.html,http://www.ironhacks.com/preview/Jufcardenasmo/webapp_phase5/index.html,complete,24.1,100.0,4,Jufcardenasmo,Jufcardenasmo,75.9,0.759,1
6245,www.ironhacks.com,www.ironhacks.com,http://www.ironhacks.com/preview/Ozai98/webapp_phase4/index.html,http://www.ironhacks.com/preview/Ozai98/webapp_phase5/index.html,complete,100.0,100.0,4,Ozai98,Ozai98,0.0,0.0,1
6275,www.ironhacks.com,www.ironhacks.com,http://www.ironhacks.com/preview/Sariilan/webapp_phase4/index.html,http://www.ironhacks.com/preview/Sariilan/webapp_phase5/index.html,complete,100.0,100.0,4,Sariilan,Sariilan,0.0,0.0,1
6305,www.ironhacks.com,www.ironhacks.com,http://www.ironhacks.com/preview/bsdiaza/webapp_phase4/index.html,http://www.ironhacks.com/preview/bsdiaza/webapp_phase5/index.html,complete,85.4,100.0,4,bsdiaza,bsdiaza,14.599999999999994,0.146,1
6335,www.ironhacks.com,www.ironhacks.com,http://www.ironhacks.com/preview/casc3798/webapp_phase4/index.html,http://www.ironhacks.com/preview/casc3798/webapp_phase5/index.html,complete,47.6,94.5,4,casc3798,casc3798,52.4,0.524,1
6365,www.ironhacks.com,www.ironhacks.com,http://www.ironhacks.com/preview/diefrodriguezcha/webapp_phase4/index.html,http://www.ironhacks.com/preview/diefrodriguezcha/webapp_phase5/index.html,complete,26.5,100.0,4,diefrodriguezcha,diefrodriguezcha,73.5,0.735,1
6395,www.ironhacks.com,www.ironhacks.com,http://www.ironhacks.com/preview/facuellarg/webapp_phase4/index.html,http://www.ironhacks.com/preview/facuellarg/webapp_phase5/index.html,complete,100.0,100.0,4,facuellarg,facuellarg,0.0,0.0,1
6425,www.ironhacks.com,www.ironhacks.com,http://www.ironhacks.com/preview/federgolo/webapp_phase4/index.html,http://www.ironhacks.com/preview/federgolo/webapp_phase5/index.html,complete,91.5,100.0,4,federgolo,federgolo,8.5,0.085,1
6455,www.ironhacks.com,www.ironhacks.com,http://www.ironhacks.com/preview/garayf/webapp_phase4/index.html,http://www.ironhacks.com/preview/garayf/webapp_phase5/index.html,complete,100.0,100.0,4,garayf,garayf,0.0,0.0,1
6485,www.ironhacks.com,www.ironhacks.com,http://www.ironhacks.com/preview/jaleonro/webapp_phase4/index.html,http://www.ironhacks.com/preview/jaleonro/webapp_phase5/index.html,complete,84.8,100.0,4,jaleonro,jaleonro,15.200000000000003,0.152,1
6515,www.ironhacks.com,www.ironhacks.com,http://www.ironhacks.com/preview/jsalcinar/webapp_phase4/index.html,http://www.ironhacks.com/preview/jsalcinar/webapp_phase5/index.html,complete,86.2,100.0,4,jsalcinar,jsalcinar,13.799999999999997,0.138,1
6545,www.ironhacks.com,www.ironhacks.com,http://www.ironhacks.com/preview/jssanchezo/webapp_phase4/index.html,http://www.ironhacks.com/preview/jssanchezo/webapp_phase5/index.html,complete,100.0,100.0,4,jssanchezo,jssanchezo,0.0,0.0,1
6575,www.ironhacks.com,www.ironhacks.com,http://www.ironhacks.com/preview/nviverosb/webapp_phase4/index.html,http://www.ironhacks.com/preview/nviverosb/webapp_phase5/index.html,complete,99.1,100.0,4,nviverosb,nviverosb,0.9000000000000057,0.009,1
6605,www.ironhacks.com,www.ironhacks.com,http://www.ironhacks.com/preview/olimita/webapp_phase4/index.html,http://www.ironhacks.com/preview/olimita/webapp_phase5/index.html,complete,98.3,100.0,4,olimita,olimita,1.7000000000000028,0.017,1
6635,www.ironhacks.com,www.ironhacks.com,http://www.ironhacks.com/preview/sebcamacho1703/webapp_phase4/index.html,http://www.ironhacks.com/preview/sebcamacho1703/webapp_phase5/index.html,complete,80.9,53.0,4,sebcamacho1703,sebcamacho1703,19.099999999999994,0.191,1
6665,www.ironhacks.com,www.ironhacks.com,http://www.ironhacks.com/preview/serbatero/webapp_phase4/index.html,http://www.ironhacks.com/preview/serbatero/webapp_phase5/index.html,complete,41.5,100.0,4,serbatero,serbatero,58.5,0.585,1
6695,www.ironhacks.com,www.ironhacks.com,http://www.ironhacks.com/preview/xFortich/webapp_phase4/index.html,http://www.ironhacks.com/preview/xFortich/webapp_phase5/index.html,complete,99.9,100.0,4,xFortich,xFortich,0.09999999999999432,0.001,1
6725,www.ironhacks.com,www.ironhacks.com,http://www.ironhacks.com/preview/yaochoal/webapp_phase4/index.html,http://www.ironhacks.com/preview/yaochoal/webapp_phase5/index.html,complete,99.3,100.0,4,yaochoal,yaochoal,0.7000000000000028,0.007,1
6726,www.ironhacks.com,www.ironhacks.com,http://www.ironhacks.com/preview/Alekzu/webapp_phase4/index.html,http://www.ironhacks.com/preview/Alekzu/webapp_phase5/index.html,simple,95.2,100.0,4,Alekzu,Alekzu,4.799999999999997,0.048,1
6756,www.ironhacks.com,www.ironhacks.com,http://www.ironhacks.com/preview/Anvido/webapp_phase4/index.html,http://www.ironhacks.com/preview/Anvido/webapp_phase5/index.html,simple,100.0,100.0,4,Anvido,Anvido,0.0,0.0,1
6786,www.ironhacks.com,www.ironhacks.com,http://www.ironhacks.com/preview/Biopeligro/webapp_phase4/index.html,http://www.ironhacks.com/preview/Biopeligro/webapp_phase5/index.html,simple,48.7,77.9,4,Biopeligro,Biopeligro,51.3,0.513,1
6816,www.ironhacks.com,www.ironhacks.com,http://www.ironhacks.com/preview/Caadiazsi/webapp_phase4/index.html,http://www.ironhacks.com/preview/Caadiazsi/webapp_phase5/index.html,simple,100.0,100.0,4,Caadiazsi,Caadiazsi,0.0,0.0,1
6846,www.ironhacks.com,www.ironhacks.com,http://www.ironhacks.com/preview/DavidsMartinez/webapp_phase4/index.html,http://www.ironhacks.com/preview/DavidsMartinez/webapp_phase5/index.html,simple,100.0,100.0,4,DavidsMartinez,DavidsMartinez,0.0,0.0,1
6876,www.ironhacks.com,www.ironhacks.com,http://www.ironhacks.com/preview/DiegoAraque1207/webapp_phase4/index.html,http://www.ironhacks.com/preview/DiegoAraque1207/webapp_phase5/index.html,simple,98.2,100.0,4,DiegoAraque1207,DiegoAraque1207,1.7999999999999972,0.018,1
6906,www.ironhacks.com,www.ironhacks.com,http://www.ironhacks.com/preview/GabrielUnal/webapp_phase4/index.html,http://www.ironhacks.com/preview/GabrielUnal/webapp_phase5/index.html,simple,90.1,44.1,4,GabrielUnal,GabrielUnal,9.900000000000006,0.099,1
6936,www.ironhacks.com,www.ironhacks.com,http://www.ironhacks.com/preview/Gavnic/webapp_phase4/index.html,http://www.ironhacks.com/preview/Gavnic/webapp_phase5/index.html,simple,33.2,57.7,4,Gavnic,Gavnic,66.8,0.668,1
6966,www.ironhacks.com,www.ironhacks.com,http://www.ironhacks.com/preview/Gusgal03/webapp_phase4/index.html,http://www.ironhacks.com/preview/Gusgal03/webapp_phase5/index.html,simple,100.0,100.0,4,Gusgal03,Gusgal03,0.0,0.0,1
6996,www.ironhacks.com,www.ironhacks.com,http://www.ironhacks.com/preview/Joacampora/webapp_phase4/index.html,http://www.ironhacks.com/preview/Joacampora/webapp_phase5/index.html,simple,95.8,100.0,4,Joacampora,Joacampora,4.200000000000003,0.042,1
7026,www.ironhacks.com,www.ironhacks.com,http://www.ironhacks.com/preview/Juankmilo97/webapp_phase4/index.html,http://www.ironhacks.com/preview/Juankmilo97/webapp_phase5/index.html,simple,94.5,100.0,4,Juankmilo97,Juankmilo97,5.5,0.055,1
7056,www.ironhacks.com,www.ironhacks.com,http://www.ironhacks.com/preview/Jufcardenasmo/webapp_phase4/index.html,http://www.ironhacks.com/preview/Jufcardenasmo/webapp_phase5/index.html,simple,10.2,23.0,4,Jufcardenasmo,Jufcardenasmo,89.8,0.898,1
7086,www.ironhacks.com,www.ironhacks.com,http://www.ironhacks.com/preview/Ozai98/webapp_phase4/index.html,http://www.ironhacks.com/preview/Ozai98/webapp_phase5/index.html,simple,100.0,100.0,4,Ozai98,Ozai98,0.0,0.0,1
7116,www.ironhacks.com,www.ironhacks.com,http://www.ironhacks.com/preview/Sariilan/webapp_phase4/index.html,http://www.ironhacks.com/preview/Sariilan/webapp_phase5/index.html,simple,100.0,100.0,4,Sariilan,Sariilan,0.0,0.0,1
7146,www.ironhacks.com,www.ironhacks.com,http://www.ironhacks.com/preview/bsdiaza/webapp_phase4/index.html,http://www.ironhacks.com/preview/bsdiaza/webapp_phase5/index.html,simple,95.7,100.0,4,bsdiaza,bsdiaza,4.299999999999997,0.043,1
7176,www.ironhacks.com,www.ironhacks.com,http://www.ironhacks.com/preview/casc3798/webapp_phase4/index.html,http://www.ironhacks.com/preview/casc3798/webapp_phase5/index.html,simple,71.1,79.9,4,casc3798,casc3798,28.900000000000006,0.289,1
7206,www.ironhacks.com,www.ironhacks.com,http://www.ironhacks.com/preview/diefrodriguezcha/webapp_phase4/index.html,http://www.ironhacks.com/preview/diefrodriguezcha/webapp_phase5/index.html,simple,39.7,100.0,4,diefrodriguezcha,diefrodriguezcha,60.3,0.603,1
7236,www.ironhacks.com,www.ironhacks.com,http://www.ironhacks.com/preview/facuellarg/webapp_phase4/index.html,http://www.ironhacks.com/preview/facuellarg/webapp_phase5/index.html,simple,100.0,100.0,4,facuellarg,facuellarg,0.0,0.0,1
7266,www.ironhacks.com,www.ironhacks.com,http://www.ironhacks.com/preview/federgolo/webapp_phase4/index.html,http://www.ironhacks.com/preview/federgolo/webapp_phase5/index.html,simple,91.5,100.0,4,federgolo,federgolo,8.5,0.085,1
7296,www.ironhacks.com,www.ironhacks.com,http://www.ironhacks.com/preview/garayf/webapp_phase4/index.html,http://www.ironhacks.com/preview/garayf/webapp_phase5/index.html,simple,100.0,100.0,4,garayf,garayf,0.0,0.0,1
7326,www.ironhacks.com,www.ironhacks.com,http://www.ironhacks.com/preview/jaleonro/webapp_phase4/index.html,http://www.ironhacks.com/preview/jaleonro/webapp_phase5/index.html,simple,99.6,100.0,4,jaleonro,jaleonro,0.4000000000000057,0.004,1
7357,www.ironhacks.com,www.ironhacks.com,http://www.ironhacks.com/preview/jssanchezo/webapp_phase4/index.html,http://www.ironhacks.com/preview/jssanchezo/webapp_phase5/index.html,simple,100.0,100.0,4,jssanchezo,jssanchezo,0.0,0.0,1
7387,www.ironhacks.com,www.ironhacks.com,http://www.ironhacks.com/preview/nviverosb/webapp_phase4/index.html,http://www.ironhacks.com/preview/nviverosb/webapp_phase5/index.html,simple,84.6,28.6,4,nviverosb,nviverosb,15.400000000000006,0.154,1
7417,www.ironhacks.com,www.ironhacks.com,http://www.ironhacks.com/preview/olimita/webapp_phase4/index.html,http://www.ironhacks.com/preview/olimita/webapp_phase5/index.html,simple,98.3,100.0,4,olimita,olimita,1.7000000000000028,0.017,1
7447,www.ironhacks.com,www.ironhacks.com,http://www.ironhacks.com/preview/sebcamacho1703/webapp_phase4/index.html,http://www.ironhacks.com/preview/sebcamacho1703/webapp_phase5/index.html,simple,92.1,53.4,4,sebcamacho1703,sebcamacho1703,7.900000000000006,0.079,1
7477,www.ironhacks.com,www.ironhacks.com,http://www.ironhacks.com/preview/serbatero/webapp_phase4/index.html,http://www.ironhacks.com/preview/serbatero/webapp_phase5/index.html,simple,54.1,100.0,4,serbatero,serbatero,45.9,0.459,1
7507,www.ironhacks.com,www.ironhacks.com,http://www.ironhacks.com/preview/xFortich/webapp_phase4/index.html,http://www.ironhacks.com/preview/xFortich/webapp_phase5/index.html,simple,99.9,100.0,4,xFortich,xFortich,0.09999999999999432,0.001,1
7537,www.ironhacks.com,www.ironhacks.com,http://www.ironhacks.com/preview/yaochoal/webapp_phase4/index.html,http://www.ironhacks.com/preview/yaochoal/webapp_phase5/index.html,simple,99.6,100.0,4,yaochoal,yaochoal,0.4000000000000057,0.004,1
