username,hack id,repo name,time,climate dataset,extra dataset used,extra dataset list,google api,location,using JS,mashup,readme,good readme,chart,if use library,library list,error_raw,error_normal,tech_point_raw,tech_point_normal,tech_per,tech_detail,user_requirement,user_requirement_normal,user_requirement_per,user_detail,infovis,infoVis_normal,infoVis_per,infovis_detail,combined_infovis_raw,combined_infovis_norm,combined_infovis_per,novelty,novelty_normal,novelty_per,novelty_detail,total_raw,total_norm,total_norm_per
mdecloedt,honors0,IH-Project-2017-mdecloedt_webapp_phase3,Wed Nov 15 19:18:47 2017,1,2,"Required Weather API, Zillow Home Value Searching API, ",1,1,1,0,1,1,1,1,"jquery,bootstrap,angular,",0.0375,96.25,9,90,70.37%,"1,1,1,1,0,1,1,1,1,",4,80,96.3%,"1.0,1.0,1.0,1.0,0.0,",5,27.77777777777778,96.3%,"1.0,1.0,1.0,1.0,0.0,1.0,",9,39.130434782608695,96.3%,7,1.5555555555555556,81.48%,"3.0,1.0,0.0,;3.0,0.0,0.0,;",25,266.0664251207729,96.3%
Jordan-Loeser,honors0,IH-Project-2017-Jordan-Loeser_webapp_phase3,Wed Nov 15 19:18:47 2017,1,2,"Required Weather API, Zillow Home Value Searching API, ",1,1,1,0,1,1,1,1,"jquery,d3,",0.012544802867383513,98.74551971326166,9,90,81.48%,"1,1,1,1,0,1,1,1,1,",1,20,22.22%,"1.0,0.0,0.0,0.0,0.0,",4,22.22222222222222,81.48%,"2.0,0.0,1.0,0.0,0.0,1.0,",5,21.73913043478261,81.48%,8,1.7777777777777777,88.89%,"3.0,1.0,1.0,;3.0,0.0,0.0,;",22,234.00155836060466,88.89%
LukasMMarinovic,honors0,IH-Project-2017-LukasMMarinovic_webapp_phase3,Wed Nov 15 19:18:47 2017,1,1,"Required Weather API, ",1,0,1,1,0,0,1,1,"jquery,d3,bootstrap,animate,",0.040740740740740744,95.92592592592592,7,70,37.04%,"1,1,0,1,1,0,0,1,1,",1,20,22.22%,"1.0,0.0,0.0,0.0,0.0,",2,11.11111111111111,22.22%,"1.0,0.0,1.0,0.0,0.0,0.0,",3,13.043478260869565,22.22%,3,0.6666666666666667,44.44%,"3.0,0.0,0.0,;",13,192.6795491143317,37.04%
whipplem123,honors0,IH-Project-2017-whipplem123_webapp_phase3,Wed Nov 15 19:18:47 2017,0,0,,1,1,1,1,1,1,1,1,"three,",0.017391304347826087,98.26086956521739,9,90,77.78%,"0,1,1,1,1,1,1,1,1,",1,20,22.22%,"1.0,0.0,0.0,0.0,0.0,",2,11.11111111111111,22.22%,"1.0,0.0,1.0,0.0,0.0,0.0,",3,13.043478260869565,22.22%,0,0.0,0.0%,,12,214.3478260869565,66.67%
SionHu,honors0,IH-Project-2017-SionHu_webapp_phase3,Wed Nov 15 19:18:47 2017,0,0,,0,0,1,0,0,0,1,0,,0.03333333333333333,96.66666666666667,3,30,0.0%,"0,0,0,1,0,0,0,1,0,",0,0,0.0%,"0.0,0.0,0.0,0.0,0.0,",0,0.0,0.0%,"0.0,0.0,0.0,0.0,0.0,0.0,",0,0.0,0.0%,0,0.0,0.0%,,3,126.66666666666667,0.0%
jmamaril25,honors0,IH-Project-2017-jmamaril25_webapp_phase3,Wed Nov 15 19:18:47 2017,1,7,"Required Weather API, New York State Career Centers, New York City Farmers Markets, School Safety Report, Zillow Home Value Searching API, New York City Museums, Air Quality, ",1,1,1,1,1,1,1,1,"jquery,materialize,d3,",0.002257336343115124,99.77426636568849,10,100,96.3%,"1,1,1,1,1,1,1,1,1,",1,20,22.22%,"1.0,0.0,0.0,0.0,0.0,",4,22.22222222222222,81.48%,"2.0,0.0,2.0,0.0,0.0,0.0,",5,21.73913043478261,81.48%,15,3.3333333333333335,96.3%,"2.0,0.0,0.0,;2.0,0.0,0.0,;1.0,0.0,0.0,;3.0,0.0,0.0,;3.0,0.0,0.0,;1.0,0.0,0.0,;3.0,0.0,0.0,;",30,246.58586056858707,92.59%
lennwgs,honors0,IH-Project-2017-lennwgs_webapp_phase3,Wed Nov 15 19:18:47 2017,0,0,,1,1,1,1,0,0,1,1,"bootstrap,",0.020833333333333332,97.91666666666666,7,70,40.74%,"0,1,1,1,1,0,0,1,1,",1,20,22.22%,"1.0,0.0,0.0,0.0,0.0,",2,11.11111111111111,22.22%,"1.0,0.0,1.0,0.0,0.0,0.0,",3,13.043478260869565,22.22%,0,0.0,0.0%,,10,194.00362318840578,40.74%
viswapurdue,honors0,IH-Project-2017-viswapurdue_webapp_phase3,Wed Nov 15 19:18:47 2017,0,0,,0,0,1,0,0,0,1,0,,0.03333333333333333,96.66666666666667,3,30,0.0%,"0,0,0,1,0,0,0,1,0,",0,0,0.0%,"0.0,0.0,0.0,0.0,0.0,",0,0.0,0.0%,"0.0,0.0,0.0,0.0,0.0,0.0,",0,0.0,0.0%,0,0.0,0.0%,,3,126.66666666666667,0.0%
CampbellC2,honors0,IH-Project-2017-CampbellC2_webapp_phase3,Wed Nov 15 19:18:47 2017,0,0,,0,0,1,0,0,0,1,1,"ember,d3,animate,",0.0932475884244373,90.67524115755627,4,40,22.22%,"0,0,0,1,0,0,0,1,1,",1,20,22.22%,"1.0,0.0,0.0,0.0,0.0,",2,11.11111111111111,22.22%,"1.0,0.0,1.0,0.0,0.0,0.0,",3,13.043478260869565,22.22%,0,0.0,0.0%,,7,156.7621976792954,22.22%
noah-curran,honors0,IH-Project-2017-noah-curran_webapp_phase3,Wed Nov 15 19:18:47 2017,1,1,"Required Weather API, ",1,1,1,0,0,0,1,1,"font-awesome,animate,",0.008438818565400843,99.15611814345992,7,70,44.44%,"1,1,1,1,0,0,0,1,1,",1,20,22.22%,"1.0,0.0,0.0,0.0,0.0,",2,11.11111111111111,22.22%,"1.0,0.0,1.0,0.0,0.0,0.0,",3,13.043478260869565,22.22%,3,0.6666666666666667,44.44%,"3.0,0.0,0.0,;",13,195.90974133186572,44.44%
laurenjank,honors0,IH-Project-2017-laurenjank_webapp_phase3,Wed Nov 15 19:18:47 2017,0,0,,1,1,1,1,0,0,1,1,"jquery,",0.05217391304347826,94.78260869565217,7,70,33.33%,"0,1,1,1,1,0,0,1,1,",1,20,22.22%,"1.0,0.0,0.0,0.0,0.0,",2,11.11111111111111,22.22%,"1.0,0.0,1.0,0.0,0.0,0.0,",3,13.043478260869565,22.22%,0,0.0,0.0%,,10,190.8695652173913,29.63%
bzin22,honors0,IH-Project-2017-bzin22_webapp_phase3,Wed Nov 15 19:18:47 2017,1,5,"Required Weather API, New York City Farmers Markets, New York City Art Galleries, DOHMH New York City Restaurant Inspection Results, Bank-Owned ATM Locations in New York State, ",1,1,1,1,0,0,1,1,"jquery,materialize,animate,",0.04228855721393035,95.77114427860697,8,80,55.56%,"1,1,1,1,1,0,0,1,1,",1,20,22.22%,"1.0,0.0,0.0,0.0,0.0,",2,11.11111111111111,22.22%,"1.0,0.0,1.0,0.0,0.0,0.0,",3,13.043478260869565,22.22%,10,2.2222222222222223,92.59%,"2.0,0.0,0.0,;2.0,0.0,0.0,;2.0,0.0,0.0,;3.0,0.0,0.0,;1.0,0.0,0.0,;",21,204.08032302256834,55.56%
AkaGar,honors0,IH-Project-2017-AkaGar_webapp_phase3,Wed Nov 15 19:18:47 2017,0,3,"Neighborhood Tabulation Areas, Housing New York Units by Building, Local Area Unemployment Statistics (LAUS) Seasonally Adjusted Data: Beginning 1976, ",1,1,1,0,1,1,1,1,"three,jquery,react,d3,bootstrap,",0.046511627906976744,95.34883720930233,8,80,51.85%,"0,1,1,1,0,1,1,1,1,",1,20,22.22%,"1.0,0.0,0.0,0.0,0.0,",2,11.11111111111111,22.22%,"1.0,0.0,1.0,0.0,0.0,0.0,",3,13.043478260869565,22.22%,3,0.6666666666666667,44.44%,"0.0,0.0,0.0,;2.0,0.0,0.0,;1.0,0.0,0.0,;",14,202.10246039770811,51.85%
matson3,honors0,IH-Project-2017-matson3_webapp_phase3,Wed Nov 15 19:18:47 2017,1,1,"Required Weather API, ",1,1,1,0,1,1,1,1,"jquery,d3,bootstrap,",0.001838235294117647,99.81617647058823,9,90,85.19%,"1,1,1,1,0,1,1,1,1,",1,20,22.22%,"1.0,0.0,0.0,0.0,0.0,",2,11.11111111111111,22.22%,"1.0,0.0,1.0,0.0,0.0,0.0,",3,13.043478260869565,22.22%,5,1.1111111111111112,74.07%,"3.0,1.0,1.0,;",17,217.01424410343847,70.37%
ecottle,honors0,IH-Project-2017-ecottle_webapp_phase3,Wed Nov 15 19:18:47 2017,1,1,"Required Weather API, ",1,1,1,0,1,1,1,1,"jquery,",0.1134020618556701,88.65979381443299,9,90,59.26%,"1,1,1,1,0,1,1,1,1,",1,20,22.22%,"1.0,0.0,0.0,0.0,0.0,",2,11.11111111111111,22.22%,"1.0,0.0,1.0,0.0,0.0,0.0,",3,13.043478260869565,22.22%,3,0.6666666666666667,44.44%,"3.0,0.0,0.0,;",15,205.41341700283877,59.26%
littlex2015,honors0,IH-Project-2017-littlex2015_webapp_phase3,Wed Nov 15 19:18:47 2017,1,1,"Required Weather API, ",1,1,1,0,1,1,1,0,,0.08333333333333333,91.66666666666666,8,80,48.15%,"1,1,1,1,0,1,1,1,0,",1,20,22.22%,"1.0,0.0,0.0,0.0,0.0,",2,11.11111111111111,22.22%,"1.0,0.0,1.0,0.0,0.0,0.0,",3,13.043478260869565,22.22%,3,0.6666666666666667,44.44%,"3.0,0.0,0.0,;",14,198.42028985507244,48.15%
shivans,honors0,IH-Project-2017-shivans_webapp_phase3,Wed Nov 15 19:18:47 2017,0,0,,0,0,1,0,0,0,1,0,,0.03333333333333333,96.66666666666667,3,30,0.0%,"0,0,0,1,0,0,0,1,0,",0,0,0.0%,"0.0,0.0,0.0,0.0,0.0,",0,0.0,0.0%,"0.0,0.0,0.0,0.0,0.0,0.0,",0,0.0,0.0%,0,0.0,0.0%,,3,126.66666666666667,0.0%
nbraunec,honors0,IH-Project-2017-nbraunec_webapp_phase3,Wed Nov 15 19:18:47 2017,1,2,"Required Weather API, Zillow Home Value Searching API, ",1,1,1,1,0,0,1,1,"jquery,d3,",0.0022222222222222222,99.77777777777777,8,80,62.96%,"1,1,1,1,1,0,0,1,1,",1,20,22.22%,"1.0,0.0,0.0,0.0,0.0,",4,22.22222222222222,81.48%,"2.0,0.0,2.0,0.0,0.0,0.0,",5,21.73913043478261,81.48%,6,1.3333333333333335,77.78%,"3.0,0.0,0.0,;3.0,0.0,0.0,;",19,224.58937198067633,77.78%
sanjitsama,honors0,IH-Project-2017-sanjitsama_webapp_phase3,Wed Nov 15 19:18:47 2017,0,0,,0,0,1,0,0,0,1,1,"font-awesome,jquery,d3,bootstrap,animate,",0.02120141342756184,97.87985865724382,4,40,25.93%,"0,0,0,1,0,0,0,1,1,",1,20,22.22%,"1.0,0.0,0.0,0.0,0.0,",2,11.11111111111111,22.22%,"1.0,0.0,1.0,0.0,0.0,0.0,",3,13.043478260869565,22.22%,0,0.0,0.0%,,7,163.96681517898293,25.93%
Ilyumzhinov,honors0,IH-Project-2017-Ilyumzhinov_webapp_phase3,Wed Nov 15 19:18:47 2017,0,0,,0,0,1,0,0,0,1,0,,0.03333333333333333,96.66666666666667,3,30,0.0%,"0,0,0,1,0,0,0,1,0,",0,0,0.0%,"0.0,0.0,0.0,0.0,0.0,",0,0.0,0.0%,"0.0,0.0,0.0,0.0,0.0,0.0,",0,0.0,0.0%,0,0.0,0.0%,,3,126.66666666666667,0.0%
hihms,honors0,IH-Project-2017-hihms_webapp_phase3,Wed Nov 15 19:18:47 2017,0,1,"Required Weather API, ",0,1,1,0,0,0,1,1,"jquery,d3,bootstrap,",0.015463917525773196,98.4536082474227,5,50,29.63%,"0,0,1,1,0,0,0,1,1,",1,20,22.22%,"1.0,0.0,0.0,0.0,0.0,",4,22.22222222222222,81.48%,"2.0,0.0,2.0,0.0,0.0,0.0,",5,21.73913043478261,81.48%,3,0.6666666666666667,44.44%,"3.0,0.0,0.0,;",13,192.59853578365457,33.33%
snugghash,honors0,IH-Project-2017-snugghash_webapp_phase3,Wed Nov 15 19:18:47 2017,0,0,,0,0,1,0,0,0,1,0,,0.03333333333333333,96.66666666666667,3,30,0.0%,"0,0,0,1,0,0,0,1,0,",0,0,0.0%,"0.0,0.0,0.0,0.0,0.0,",0,0.0,0.0%,"0.0,0.0,0.0,0.0,0.0,0.0,",0,0.0,0.0%,0,0.0,0.0%,,3,126.66666666666667,0.0%
zhao744,honors0,IH-Project-2017-zhao744_webapp_phase3,Wed Nov 15 19:18:47 2017,1,1,"Required Weather API, ",1,1,1,1,1,1,1,1,"jquery,d3,bootstrap,",0.009933774834437087,99.00662251655629,10,100,88.89%,"1,1,1,1,1,1,1,1,1,",1,20,22.22%,"1.0,0.0,0.0,0.0,0.0,",2,11.11111111111111,22.22%,"1.0,0.0,1.0,0.0,0.0,0.0,",3,13.043478260869565,22.22%,3,0.6666666666666667,44.44%,"3.0,0.0,0.0,;",16,225.76024570496207,81.48%
aclipfel,honors0,IH-Project-2017-aclipfel_webapp_phase3,Wed Nov 15 19:18:47 2017,0,0,,0,0,1,0,0,0,1,0,,0.03333333333333333,96.66666666666667,3,30,0.0%,"0,0,0,1,0,0,0,1,0,",0,0,0.0%,"0.0,0.0,0.0,0.0,0.0,",0,0.0,0.0%,"0.0,0.0,0.0,0.0,0.0,0.0,",0,0.0,0.0%,0,0.0,0.0%,,3,126.66666666666667,0.0%
ko68,honors0,IH-Project-2017-ko68_webapp_phase3,Wed Nov 15 19:18:47 2017,1,4,"Required Weather API, Housing New York Units by Building, Total Housing Units By Occupancy Status And Tenure By Borough, New York City Leading Causes of Death, ",1,1,1,1,1,1,1,1,"jquery,d3,bootstrap,",0.005813953488372093,99.4186046511628,10,100,92.59%,"1,1,1,1,1,1,1,1,1,",1,20,22.22%,"1.0,0.0,0.0,0.0,0.0,",2,11.11111111111111,22.22%,"1.0,0.0,1.0,0.0,0.0,0.0,",3,13.043478260869565,22.22%,7,1.5555555555555556,81.48%,"2.0,0.0,0.0,;3.0,0.0,0.0,;1.0,0.0,0.0,;1.0,0.0,0.0,;",20,227.06111672845748,85.19%
GeoffYart,honors0,IH-Project-2017-GeoffYart_webapp_phase3,Wed Nov 15 19:18:47 2017,0,0,,1,1,1,1,1,1,1,1,"jquery,d3,bootstrap,",0.05,95.0,9,90,66.67%,"0,1,1,1,1,1,1,1,1,",1,20,22.22%,"1.0,0.0,0.0,0.0,0.0,",2,11.11111111111111,22.22%,"1.0,0.0,1.0,0.0,0.0,0.0,",3,13.043478260869565,22.22%,0,0.0,0.0%,,12,211.08695652173913,62.96%
gshowal,honors0,IH-Project-2017-gshowal_webapp_phase3,Wed Nov 15 19:18:47 2017,1,1,"Required Weather API, ",1,1,1,0,1,1,1,1,"jquery,bootstrap,",0.02054794520547945,97.94520547945206,9,90,74.07%,"1,1,1,1,0,1,1,1,1,",1,20,22.22%,"1.0,0.0,0.0,0.0,0.0,",3,16.666666666666664,77.78%,"1.0,1.0,1.0,0.0,0.0,0.0,",4,17.391304347826086,77.78%,3,0.6666666666666667,44.44%,"3.0,0.0,0.0,;",16,223.3944808417709,74.07%
Nigogu,unal0,IH-Project-2017-Nigogu_webapp_phase3,Wed Nov 15 19:18:47 2017,0,1,"Zillow Home Value Searching API, ",1,1,1,1,1,1,1,1,"jquery,bootstrap,",0.009836065573770493,99.01639344262296,9,90,92.59%,"0,1,1,1,1,1,1,1,1,",1,20,48.15%,"1.0,0.0,0.0,0.0,0.0,",2,11.11111111111111,51.85%,"1.0,0.0,1.0,0.0,0.0,0.0,",3,13.043478260869565,51.85%,3,0.6666666666666667,85.19%,"3.0,0.0,0.0,;",15,215.77001663102874,88.89%
Daryhez,unal0,IH-Project-2017-Daryhez_webapp_phase3,Wed Nov 15 19:18:47 2017,0,0,,0,0,1,0,0,0,1,0,,0.03333333333333333,96.66666666666667,3,30,3.7%,"0,0,0,1,0,0,0,1,0,",0,0,0.0%,"0.0,0.0,0.0,0.0,0.0,",0,0.0,0.0%,"0.0,0.0,0.0,0.0,0.0,0.0,",0,0.0,0.0%,0,0.0,0.0%,,3,126.66666666666667,3.7%
daapinzonch,unal0,IH-Project-2017-daapinzonch_webapp_phase3,Wed Nov 15 19:18:47 2017,0,1,"Housing New York Units by Building, ",1,0,1,0,0,0,1,1,"jquery,d3,bootstrap,",0.0,100.0,5,50,59.26%,"0,1,0,1,0,0,0,1,1,",1,20,48.15%,"1.0,0.0,0.0,0.0,0.0,",2,11.11111111111111,51.85%,"1.0,0.0,1.0,0.0,0.0,0.0,",3,13.043478260869565,51.85%,1,0.2222222222222222,74.07%,"1.0,0.0,0.0,;",9,176.30917874396135,62.96%
fewilchesc,unal0,IH-Project-2017-fewilchesc_webapp_phase3,Wed Nov 15 19:18:47 2017,0,0,,0,0,0,0,0,0,0,0,,0.0,100.0,1,10,0.0%,"0,0,0,0,0,0,0,0,0,",0,0,0.0%,"0.0,0.0,0.0,0.0,0.0,",0,0.0,0.0%,"0.0,0.0,0.0,0.0,0.0,0.0,",0,0.0,0.0%,0,0.0,0.0%,,1,110.0,0.0%
JorgeTorresC,unal0,IH-Project-2017-JorgeTorresC_webapp_phase3,Wed Nov 15 19:18:47 2017,0,0,,0,0,1,0,0,0,1,0,,0.03333333333333333,96.66666666666667,3,30,3.7%,"0,0,0,1,0,0,0,1,0,",0,0,0.0%,"0.0,0.0,0.0,0.0,0.0,",0,0.0,0.0%,"0.0,0.0,0.0,0.0,0.0,0.0,",0,0.0,0.0%,0,0.0,0.0%,,3,126.66666666666667,3.7%
anythinglord,unal0,IH-Project-2017-anythinglord_webapp_phase3,Wed Nov 15 19:18:47 2017,0,0,,0,0,1,0,0,0,1,0,,0.03333333333333333,96.66666666666667,3,30,3.7%,"0,0,0,1,0,0,0,1,0,",0,0,0.0%,"0.0,0.0,0.0,0.0,0.0,",0,0.0,0.0%,"0.0,0.0,0.0,0.0,0.0,0.0,",0,0.0,0.0%,0,0.0,0.0%,,3,126.66666666666667,3.7%
criscapunal,unal0,IH-Project-2017-criscapunal_webapp_phase3,Wed Nov 15 19:18:47 2017,0,1,"Housing New York Units by Building, ",1,1,1,0,1,1,1,1,"jquery,bootstrap,",0.01845018450184502,98.1549815498155,8,80,81.48%,"0,1,1,1,0,1,1,1,1,",1,20,48.15%,"1.0,0.0,0.0,0.0,0.0,",1,5.555555555555555,44.44%,"1.0,0.0,0.0,0.0,0.0,0.0,",2,8.695652173913043,48.15%,1,0.2222222222222222,74.07%,"1.0,0.0,0.0,;",11,195.7685081198638,77.78%
dieguischa,unal0,IH-Project-2017-dieguischa_webapp_phase3,Wed Nov 15 19:18:47 2017,1,7,"Required Weather API, Bank-Owned ATM Locations in New York State, New York City Population By Community Districts, Bicycle Routes Across New York State: Map, Facilities Licensed by the Department of Motor Vehicles (DMV), New York City Museums, New York City Art Galleries, ",1,1,1,1,0,0,1,1,"ember,jquery,d3,bootstrap,",0.0035335689045936395,99.64664310954063,8,80,85.19%,"1,1,1,1,1,0,0,1,1,",1,20,48.15%,"1.0,0.0,0.0,0.0,0.0,",4,22.22222222222222,88.89%,"2.0,0.0,2.0,0.0,0.0,0.0,",5,21.73913043478261,88.89%,21,4.666666666666667,96.3%,"1.0,1.0,2.0,;1.0,1.0,2.0,;3.0,0.0,0.0,;1.0,1.0,2.0,;1.0,0.0,0.0,;2.0,0.0,0.0,;3.0,0.0,0.0,;",34,227.7915706457725,92.59%
Orloffyeah,unal0,IH-Project-2017-Orloffyeah_webapp_phase3,Wed Nov 15 19:18:47 2017,0,0,,1,1,1,1,1,1,1,1,"jquery,d3,bootstrap,",0.008350730688935281,99.16492693110646,9,90,96.3%,"0,1,1,1,1,1,1,1,1,",1,20,48.15%,"1.0,0.0,0.0,0.0,0.0,",2,11.11111111111111,51.85%,"1.0,0.0,1.0,0.0,0.0,0.0,",3,13.043478260869565,51.85%,0,0.0,0.0%,,12,215.2518834528456,85.19%
SergioLopez40,unal0,IH-Project-2017-SergioLopez40_webapp_phase3,Wed Nov 15 19:18:47 2017,0,0,,0,0,1,0,0,0,1,0,,0.03333333333333333,96.66666666666667,3,30,3.7%,"0,0,0,1,0,0,0,1,0,",0,0,0.0%,"0.0,0.0,0.0,0.0,0.0,",0,0.0,0.0%,"0.0,0.0,0.0,0.0,0.0,0.0,",0,0.0,0.0%,0,0.0,0.0%,,3,126.66666666666667,3.7%
DiegoAraque1207,unal0,IH-Project-2017-DiegoAraque1207_webapp_phase3,Wed Nov 15 19:18:47 2017,0,0,,0,1,1,0,0,0,1,1,"jquery,bootstrap,",0.02112676056338028,97.88732394366197,5,50,48.15%,"0,0,1,1,0,0,0,1,1,",1,20,48.15%,"1.0,0.0,0.0,0.0,0.0,",2,11.11111111111111,51.85%,"1.0,0.0,1.0,0.0,0.0,0.0,",3,13.043478260869565,51.85%,0,0.0,0.0%,,8,173.97428046540108,51.85%
olimita,unal0,IH-Project-2017-olimita_webapp_phase3,Wed Nov 15 19:18:47 2017,0,2,"Housing New York Units by Building, New York City Museums, ",1,1,1,1,1,1,1,1,"jquery,bootstrap,",0.01927710843373494,98.0722891566265,9,90,88.89%,"0,1,1,1,1,1,1,1,1,",1,20,48.15%,"1.0,0.0,0.0,0.0,0.0,",6,33.33333333333333,96.3%,"2.0,0.0,2.0,1.0,1.0,0.0,",7,30.434782608695656,96.3%,8,1.7777777777777777,88.89%,"1.0,1.0,2.0,;1.0,1.0,2.0,;",24,250.71963215179557,96.3%
yaochoal,unal0,IH-Project-2017-yaochoal_webapp_phase3,Wed Nov 15 19:18:47 2017,0,0,,1,1,1,1,0,0,1,1,"jquery,d3,bootstrap,",0.04487179487179487,95.51282051282051,7,70,70.37%,"0,1,1,1,1,0,0,1,1,",1,20,48.15%,"1.0,0.0,0.0,0.0,0.0,",2,11.11111111111111,51.85%,"1.0,0.0,1.0,0.0,0.0,0.0,",3,13.043478260869565,51.85%,0,0.0,0.0%,,10,191.59977703455962,70.37%
Gavnic,unal0,IH-Project-2017-Gavnic_webapp_phase3,Wed Nov 15 19:18:47 2017,0,0,,0,1,1,0,0,0,1,1,"jquery,d3,bootstrap,",0.016666666666666666,98.33333333333333,5,50,51.85%,"0,0,1,1,0,0,0,1,1,",1,20,48.15%,"1.0,0.0,0.0,0.0,0.0,",2,11.11111111111111,51.85%,"1.0,0.0,1.0,0.0,0.0,0.0,",3,13.043478260869565,51.85%,0,0.0,0.0%,,8,174.42028985507244,55.56%
Joacampora,unal0,IH-Project-2017-Joacampora_webapp_phase3,Wed Nov 15 19:18:47 2017,0,3,"New York City Locations Providing Seasonal Flu Vaccinations, New York City Art Galleries, New York City Museums, ",0,1,1,0,1,1,1,1,"jquery,d3,bootstrap,",0.022321428571428572,97.76785714285714,7,70,77.78%,"0,0,1,1,0,1,1,1,1,",1,20,48.15%,"1.0,0.0,0.0,0.0,0.0,",4,22.22222222222222,88.89%,"1.0,0.0,2.0,1.0,0.0,0.0,",5,21.73913043478261,88.89%,12,2.666666666666667,92.59%,"1.0,1.0,2.0,;1.0,1.0,2.0,;1.0,1.0,2.0,;",24,213.91278467908901,81.48%
Ozai98,unal0,IH-Project-2017-Ozai98_webapp_phase3,Wed Nov 15 19:18:47 2017,0,0,,0,1,1,0,0,0,1,1,"jquery,bootstrap,",0.0594059405940594,94.05940594059405,5,50,44.44%,"0,0,1,1,0,0,0,1,1,",1,20,48.15%,"1.0,0.0,0.0,0.0,0.0,",2,11.11111111111111,51.85%,"1.0,0.0,1.0,0.0,0.0,0.0,",3,13.043478260869565,51.85%,0,0.0,0.0%,,8,170.14636246233317,48.15%
nviverosb,unal0,IH-Project-2017-nviverosb_webapp_phase3,Wed Nov 15 19:18:47 2017,0,0,,1,1,1,0,0,0,1,1,"jquery,bootstrap,",0.020491803278688523,97.95081967213115,6,60,66.67%,"0,1,1,1,0,0,0,1,1,",1,20,48.15%,"1.0,0.0,0.0,0.0,0.0,",2,11.11111111111111,51.85%,"1.0,0.0,1.0,0.0,0.0,0.0,",3,13.043478260869565,51.85%,0,0.0,0.0%,,9,184.0377761938703,66.67%
Sariilan,unal0,IH-Project-2017-Sariilan_webapp_phase3,Wed Nov 15 19:18:47 2017,0,0,,0,0,1,0,0,0,1,0,,0.03333333333333333,96.66666666666667,3,30,3.7%,"0,0,0,1,0,0,0,1,0,",0,0,0.0%,"0.0,0.0,0.0,0.0,0.0,",0,0.0,0.0%,"0.0,0.0,0.0,0.0,0.0,0.0,",0,0.0,0.0%,0,0.0,0.0%,,3,126.66666666666667,3.7%
Alekzu,unal0,IH-Project-2017-Alekzu_webapp_phase3,Wed Nov 15 19:18:47 2017,0,0,,1,0,1,0,0,0,1,0,,0.02127659574468085,97.87234042553192,4,40,40.74%,"0,1,0,1,0,0,0,1,0,",0,0,0.0%,"0.0,0.0,0.0,0.0,0.0,",1,5.555555555555555,44.44%,"1.0,0.0,0.0,0.0,0.0,0.0,",1,4.3478260869565215,44.44%,0,0.0,0.0%,,5,146.56799259944495,40.74%
vvargasd,unal0,IH-Project-2017-vvargasd_webapp_phase3,Wed Nov 15 19:18:47 2017,0,0,,0,0,1,0,0,0,1,0,,0.03333333333333333,96.66666666666667,3,30,3.7%,"0,0,0,1,0,0,0,1,0,",0,0,0.0%,"0.0,0.0,0.0,0.0,0.0,",0,0.0,0.0%,"0.0,0.0,0.0,0.0,0.0,0.0,",0,0.0,0.0%,0,0.0,0.0%,,3,126.66666666666667,3.7%
biherrerap,unal0,IH-Project-2017-biherrerap_webapp_phase3,Wed Nov 15 19:18:47 2017,0,0,,0,0,1,0,0,0,1,0,,0.03333333333333333,96.66666666666667,3,30,3.7%,"0,0,0,1,0,0,0,1,0,",0,0,0.0%,"0.0,0.0,0.0,0.0,0.0,",0,0.0,0.0%,"0.0,0.0,0.0,0.0,0.0,0.0,",0,0.0,0.0%,0,0.0,0.0%,,3,126.66666666666667,3.7%
bfprietoc,unal0,IH-Project-2017-bfprietoc_webapp_phase3,Wed Nov 15 19:18:47 2017,0,0,,0,0,1,0,0,0,1,0,,0.03333333333333333,96.66666666666667,3,30,3.7%,"0,0,0,1,0,0,0,1,0,",0,0,0.0%,"0.0,0.0,0.0,0.0,0.0,",0,0.0,0.0%,"0.0,0.0,0.0,0.0,0.0,0.0,",0,0.0,0.0%,0,0.0,0.0%,,3,126.66666666666667,3.7%
LauraMolina,unal0,IH-Project-2017-LauraMolina_webapp_phase3,Wed Nov 15 19:18:47 2017,0,1,"Fire Department Directory for New York State, ",0,1,1,0,0,0,1,1,"font-awesome,jquery,bootstrap,",0.01556420233463035,98.44357976653697,5,50,55.56%,"0,0,1,1,0,0,0,1,1,",1,20,48.15%,"1.0,0.0,0.0,0.0,0.0,",2,11.11111111111111,51.85%,"1.0,0.0,1.0,0.0,0.0,0.0,",3,13.043478260869565,51.85%,1,0.2222222222222222,74.07%,"1.0,0.0,0.0,;",9,174.75275851049832,59.26%
Acreed21,unal0,IH-Project-2017-Acreed21_webapp_phase3,Wed Nov 15 19:18:47 2017,0,0,,1,1,1,1,0,0,1,1,"jquery,bootstrap,",0.02564102564102564,97.43589743589743,7,70,74.07%,"0,1,1,1,1,0,0,1,1,",1,20,48.15%,"1.0,0.0,0.0,0.0,0.0,",2,11.11111111111111,51.85%,"1.0,0.0,1.0,0.0,0.0,0.0,",3,13.043478260869565,51.85%,0,0.0,0.0%,,10,193.52285395763656,74.07%
Camiioo,unal0,IH-Project-2017-Camiioo_webapp_phase3,Wed Nov 15 19:18:47 2017,0,0,,0,0,1,0,0,0,1,0,,0.03333333333333333,96.66666666666667,3,30,3.7%,"0,0,0,1,0,0,0,1,0,",0,0,0.0%,"0.0,0.0,0.0,0.0,0.0,",0,0.0,0.0%,"0.0,0.0,0.0,0.0,0.0,0.0,",0,0.0,0.0%,0,0.0,0.0%,,3,126.66666666666667,3.7%
frnkbs,unal0,IH-Project-2017-frnkbs_webapp_phase3,Wed Nov 15 19:18:47 2017,0,0,,0,0,1,0,1,1,1,1,"d3,bootstrap,",0.0375,96.25,6,60,62.96%,"0,0,0,1,0,1,1,1,1,",0,0,0.0%,"0.0,0.0,0.0,0.0,0.0,",0,0.0,0.0%,"0.0,0.0,0.0,0.0,0.0,0.0,",0,0.0,0.0%,0,0.0,0.0%,,6,156.25,44.44%
Jfcastroh,unal0,IH-Project-2017-Jfcastroh_webapp_phase3,Wed Nov 15 19:18:47 2017,0,0,,0,0,1,0,0,0,1,0,,0.03333333333333333,96.66666666666667,3,30,3.7%,"0,0,0,1,0,0,0,1,0,",0,0,0.0%,"0.0,0.0,0.0,0.0,0.0,",0,0.0,0.0%,"0.0,0.0,0.0,0.0,0.0,0.0,",0,0.0,0.0%,0,0.0,0.0%,,3,126.66666666666667,3.7%
evilcucaracha,unal1,IH-Project-2017-evilcucaracha_webapp_phase3,Wed Nov 15 19:18:47 2017,0,2,"New York City Art Galleries, New York City Museums, ",1,1,1,0,1,1,1,1,"jquery,bootstrap,animate,",0.03762376237623762,96.23762376237623,8,80,74.07%,"0,1,1,1,0,1,1,1,1,",1,20,40.74%,"1.0,0.0,0.0,0.0,0.0,",5,27.77777777777778,88.89%,"2.0,0.0,2.0,1.0,0.0,0.0,",6,26.08695652173913,88.89%,8,1.7777777777777777,77.78%,"1.0,1.0,2.0,;1.0,1.0,2.0,;",22,230.18931458363227,88.89%
JulianM96,unal1,IH-Project-2017-JulianM96_webapp_phase3,Wed Nov 15 19:18:47 2017,1,1,"Required Weather API, ",1,1,1,1,0,0,1,1,"jquery,bootstrap,",0.05394190871369295,94.6058091286307,8,80,66.67%,"1,1,1,1,1,0,0,1,1,",1,20,40.74%,"1.0,0.0,0.0,0.0,0.0,",3,16.666666666666664,77.78%,"1.0,0.0,1.0,1.0,0.0,0.0,",4,17.391304347826086,70.37%,3,0.6666666666666667,62.96%,"3.0,0.0,0.0,;",15,210.05508449094955,66.67%
Saariasba,unal1,IH-Project-2017-Saariasba_webapp_phase3,Wed Nov 15 19:18:47 2017,0,0,,0,0,1,0,0,0,1,0,,0.03333333333333333,96.66666666666667,3,30,3.7%,"0,0,0,1,0,0,0,1,0,",0,0,0.0%,"0.0,0.0,0.0,0.0,0.0,",0,0.0,0.0%,"0.0,0.0,0.0,0.0,0.0,0.0,",0,0.0,0.0%,0,0.0,0.0%,,3,126.66666666666667,3.7%
tres-iqus,unal1,IH-Project-2017-tres-iqus_webapp_phase3,Wed Nov 15 19:18:47 2017,0,0,,0,0,0,0,0,0,0,0,,0.0,100.0,1,10,0.0%,"0,0,0,0,0,0,0,0,0,",0,0,0.0%,"0.0,0.0,0.0,0.0,0.0,",0,0.0,0.0%,"0.0,0.0,0.0,0.0,0.0,0.0,",0,0.0,0.0%,0,0.0,0.0%,,1,110.0,0.0%
cglaitong,unal1,IH-Project-2017-cglaitong_webapp_phase3,Wed Nov 15 19:18:47 2017,1,6,"Required Weather API, New York City Locations Providing Seasonal Flu Vaccinations, New York State Career Centers, New York City Museums, Directory Of DCP Offices, New York City Art Galleries, ",1,1,1,0,1,1,1,1,"jquery,d3,bootstrap,",0.00392156862745098,99.6078431372549,9,90,92.59%,"1,1,1,1,0,1,1,1,1,",1,20,40.74%,"1.0,0.0,0.0,0.0,0.0,",2,11.11111111111111,51.85%,"1.0,0.0,1.0,0.0,0.0,0.0,",3,13.043478260869565,51.85%,27,6.0,96.3%,"1.0,1.0,2.0,;1.0,1.0,2.0,;1.0,1.0,2.0,;3.0,1.0,2.0,;0.0,1.0,2.0,;3.0,2.0,1.0,;",39,221.69479965899404,81.48%
DaniCastel,unal1,IH-Project-2017-DaniCastel_webapp_phase3,Wed Nov 15 19:18:47 2017,0,0,,1,1,1,0,0,0,1,1,"jquery,d3,bootstrap,",0.0033222591362126247,99.66777408637874,6,60,55.56%,"0,1,1,1,0,0,0,1,1,",1,20,40.74%,"1.0,0.0,0.0,0.0,0.0,",1,5.555555555555555,44.44%,"1.0,0.0,0.0,0.0,0.0,0.0,",2,8.695652173913043,44.44%,0,0.0,0.0%,,8,177.05907843420485,51.85%
BrandonAvilanR,unal1,IH-Project-2017-BrandonAvilanR_webapp_phase3,Wed Nov 15 19:18:47 2017,1,6,"Required Weather API, New York City Locations Providing Seasonal Flu Vaccinations, New York City Museums, Boardwalk, New York City Art Galleries, Housing New York Units by Building, ",1,1,1,1,1,1,1,1,"font-awesome,jquery,d3,bootstrap,animate,",0.00784313725490196,99.2156862745098,10,100,96.3%,"1,1,1,1,1,1,1,1,1,",1,20,40.74%,"1.0,0.0,0.0,0.0,0.0,",4,22.22222222222222,85.19%,"1.0,0.0,2.0,1.0,0.0,0.0,",5,21.73913043478261,81.48%,12,2.666666666666667,85.19%,"1.0,0.0,0.0,;1.0,0.0,0.0,;1.0,0.0,0.0,;1.0,0.0,0.0,;1.0,0.0,0.0,;3.0,2.0,2.0,;",27,245.36061381074168,92.59%
alejosaur,unal1,IH-Project-2017-alejosaur_webapp_phase3,Wed Nov 15 19:18:47 2017,1,6,"Required Weather API, New York City Locations Providing Seasonal Flu Vaccinations, Bicycle Routes Across New York State: Map, New York City Museums, New York City Art Galleries, Housing New York Units by Building, ",1,1,1,1,0,0,1,1,"jquery,d3,bootstrap,animate,",0.02425876010781671,97.57412398921834,8,80,77.78%,"1,1,1,1,1,0,0,1,1,",2,40,85.19%,"1.0,1.0,0.0,0.0,0.0,",2,11.11111111111111,51.85%,"1.0,0.0,1.0,0.0,0.0,0.0,",4,17.391304347826086,70.37%,22,4.888888888888889,92.59%,"1.0,1.0,1.0,;1.0,1.0,1.0,;3.0,1.0,1.0,;3.0,1.0,1.0,;1.0,1.0,1.0,;1.0,1.0,1.0,;",34,217.2456215737594,74.07%
jaasuarezvi,unal1,IH-Project-2017-jaasuarezvi_webapp_phase3,Wed Nov 15 19:18:47 2017,0,0,,0,0,1,0,0,0,1,0,,0.03333333333333333,96.66666666666667,3,30,3.7%,"0,0,0,1,0,0,0,1,0,",0,0,0.0%,"0.0,0.0,0.0,0.0,0.0,",0,0.0,0.0%,"0.0,0.0,0.0,0.0,0.0,0.0,",0,0.0,0.0%,0,0.0,0.0%,,3,126.66666666666667,3.7%
jdsolanos,unal1,IH-Project-2017-jdsolanos_webapp_phase3,Wed Nov 15 19:18:47 2017,0,0,,1,1,1,0,0,0,1,1,"jquery,bootstrap,",0.08450704225352113,91.54929577464789,6,60,48.15%,"0,1,1,1,0,0,0,1,1,",1,20,40.74%,"1.0,0.0,0.0,0.0,0.0,",2,11.11111111111111,51.85%,"1.0,0.0,1.0,0.0,0.0,0.0,",3,13.043478260869565,51.85%,0,0.0,0.0%,,9,177.636252296387,55.56%
DavidsMartinez,unal1,IH-Project-2017-DavidsMartinez_webapp_phase3,Wed Nov 15 19:18:47 2017,0,0,,0,0,1,0,0,0,1,0,,0.03333333333333333,96.66666666666667,3,30,3.7%,"0,0,0,1,0,0,0,1,0,",0,0,0.0%,"0.0,0.0,0.0,0.0,0.0,",0,0.0,0.0%,"0.0,0.0,0.0,0.0,0.0,0.0,",0,0.0,0.0%,0,0.0,0.0%,,3,126.66666666666667,3.7%
Biopeligro,unal1,IH-Project-2017-Biopeligro_webapp_phase3,Wed Nov 15 19:18:47 2017,0,0,,0,0,1,0,0,0,1,0,,0.03333333333333333,96.66666666666667,3,30,3.7%,"0,0,0,1,0,0,0,1,0,",0,0,0.0%,"0.0,0.0,0.0,0.0,0.0,",0,0.0,0.0%,"0.0,0.0,0.0,0.0,0.0,0.0,",0,0.0,0.0%,0,0.0,0.0%,,3,126.66666666666667,3.7%
garayf,unal1,IH-Project-2017-garayf_webapp_phase3,Wed Nov 15 19:18:47 2017,0,2,"New York City Art Galleries, New York City Museums, ",1,1,1,0,0,0,1,1,"jquery,bootstrap,",0.02200825309491059,97.79917469050893,6,60,51.85%,"0,1,1,1,0,0,0,1,1,",1,20,40.74%,"1.0,0.0,0.0,0.0,0.0,",6,33.33333333333333,92.59%,"2.0,1.0,2.0,1.0,0.0,0.0,",7,30.434782608695656,92.59%,6,1.3333333333333335,74.07%,"1.0,1.0,1.0,;1.0,1.0,1.0,;",19,220.0020732412336,77.78%
jaleonro,unal1,IH-Project-2017-jaleonro_webapp_phase3,Wed Nov 15 19:18:47 2017,0,0,,1,1,1,1,0,0,1,1,"jquery,bootstrap,",0.028846153846153848,97.11538461538461,7,70,62.96%,"0,1,1,1,1,0,0,1,1,",1,20,40.74%,"1.0,0.0,0.0,0.0,0.0,",1,5.555555555555555,44.44%,"1.0,0.0,0.0,0.0,0.0,0.0,",2,8.695652173913043,44.44%,0,0.0,0.0%,,9,184.5066889632107,59.26%
facuellarg,unal1,IH-Project-2017-facuellarg_webapp_phase3,Wed Nov 15 19:18:47 2017,0,0,,1,1,1,1,0,0,1,1,"jquery,bootstrap,",0.03,97.0,7,70,59.26%,"0,1,1,1,1,0,0,1,1,",1,20,40.74%,"1.0,0.0,0.0,0.0,0.0,",0,0.0,0.0%,"0.0,0.0,0.0,0.0,0.0,0.0,",1,4.3478260869565215,40.74%,0,0.0,0.0%,,8,175.69565217391303,48.15%
Caadiazsi,unal1,IH-Project-2017-Caadiazsi_webapp_phase3,Wed Nov 15 19:18:47 2017,0,0,,0,0,1,0,0,0,1,0,,0.03333333333333333,96.66666666666667,3,30,3.7%,"0,0,0,1,0,0,0,1,0,",0,0,0.0%,"0.0,0.0,0.0,0.0,0.0,",0,0.0,0.0%,"0.0,0.0,0.0,0.0,0.0,0.0,",0,0.0,0.0%,0,0.0,0.0%,,3,126.66666666666667,3.7%
sebcamacho1703,unal1,IH-Project-2017-sebcamacho1703_webapp_phase3,Wed Nov 15 19:18:47 2017,1,2,"Required Weather API, New York City Museums, ",1,1,1,1,0,0,1,1,"jquery,bootstrap,",0.015625,98.4375,8,80,81.48%,"1,1,1,1,1,0,0,1,1,",1,20,40.74%,"1.0,0.0,0.0,0.0,0.0,",2,11.11111111111111,51.85%,"1.0,0.0,1.0,0.0,0.0,0.0,",3,13.043478260869565,51.85%,4,0.8888888888888888,66.67%,"1.0,0.0,0.0,;3.0,0.0,0.0,;",15,205.413345410628,62.96%
xFortich,unal1,IH-Project-2017-xFortich_webapp_phase3,Wed Nov 15 19:18:47 2017,0,3,"New York City Art Galleries, Zillow Home Value Searching API, New York City Museums, ",1,1,1,0,1,1,1,1,"jquery,bootstrap,animate,",0.008717310087173101,99.12826899128268,8,80,85.19%,"0,1,1,1,0,1,1,1,1,",2,40,85.19%,"1.0,0.0,0.0,0.0,1.0,",3,16.666666666666664,77.78%,"1.0,0.0,1.0,1.0,0.0,0.0,",5,21.73913043478261,81.48%,9,2.0,81.48%,"1.0,1.0,1.0,;3.0,0.0,0.0,;1.0,1.0,1.0,;",22,224.6065298608479,85.19%
Gusgal03,unal1,IH-Project-2017-Gusgal03_webapp_phase3,Wed Nov 15 19:18:47 2017,0,0,,0,0,1,0,0,0,1,0,,0.03333333333333333,96.66666666666667,3,30,3.7%,"0,0,0,1,0,0,0,1,0,",0,0,0.0%,"0.0,0.0,0.0,0.0,0.0,",0,0.0,0.0%,"0.0,0.0,0.0,0.0,0.0,0.0,",0,0.0,0.0%,0,0.0,0.0%,,3,126.66666666666667,3.7%
Juankmilo97,unal1,IH-Project-2017-Juankmilo97_webapp_phase3,Wed Nov 15 19:18:47 2017,0,0,,0,1,1,0,0,0,1,1,"jquery,bootstrap,",0.024271844660194174,97.57281553398059,5,50,44.44%,"0,0,1,1,0,0,0,1,1,",1,20,40.74%,"1.0,0.0,0.0,0.0,0.0,",2,11.11111111111111,51.85%,"1.0,0.0,1.0,0.0,0.0,0.0,",3,13.043478260869565,51.85%,0,0.0,0.0%,,8,173.6597720557197,44.44%
alebautis,unal1,IH-Project-2017-alebautis_webapp_phase3,Wed Nov 15 19:18:47 2017,0,0,,0,0,1,0,0,0,1,0,,0.03333333333333333,96.66666666666667,3,30,3.7%,"0,0,0,1,0,0,0,1,0,",0,0,0.0%,"0.0,0.0,0.0,0.0,0.0,",0,0.0,0.0%,"0.0,0.0,0.0,0.0,0.0,0.0,",0,0.0,0.0%,0,0.0,0.0%,,3,126.66666666666667,3.7%
sarguellesr,unal1,IH-Project-2017-sarguellesr_webapp_phase3,Wed Nov 15 19:18:47 2017,0,0,,0,0,1,0,0,0,1,0,,0.03333333333333333,96.66666666666667,3,30,3.7%,"0,0,0,1,0,0,0,1,0,",0,0,0.0%,"0.0,0.0,0.0,0.0,0.0,",0,0.0,0.0%,"0.0,0.0,0.0,0.0,0.0,0.0,",0,0.0,0.0%,0,0.0,0.0%,,3,126.66666666666667,3.7%
davideperdomo,unal1,IH-Project-2017-davideperdomo_webapp_phase3,Wed Nov 15 19:18:47 2017,1,4,"Required Weather API, Neighborhood Tabulation Areas, Air Quality, Bank-Owned ATM Locations in New York State, ",0,1,1,0,1,1,1,1,"jquery,d3,bootstrap,",0.00205761316872428,99.79423868312757,8,80,88.89%,"1,0,1,1,0,1,1,1,1,",4,80,96.3%,"1.0,1.0,1.0,0.0,1.0,",6,33.33333333333333,92.59%,"1.0,1.0,1.0,1.0,1.0,1.0,",10,43.47826086956522,96.3%,14,3.111111111111111,88.89%,"2.0,1.0,1.0,;0.0,0.0,0.0,;2.0,1.0,2.0,;3.0,1.0,1.0,;",32,269.8618715333691,96.3%
JamerMejiaGarcia,unal1,IH-Project-2017-JamerMejiaGarcia_webapp_phase3,Wed Nov 15 19:18:47 2017,0,0,,0,0,1,0,0,0,1,0,,0.03333333333333333,96.66666666666667,3,30,3.7%,"0,0,0,1,0,0,0,1,0,",0,0,0.0%,"0.0,0.0,0.0,0.0,0.0,",0,0.0,0.0%,"0.0,0.0,0.0,0.0,0.0,0.0,",0,0.0,0.0%,0,0.0,0.0%,,3,126.66666666666667,3.7%
nikolasto,unal1,IH-Project-2017-nikolasto_webapp_phase3,Wed Nov 15 19:18:47 2017,0,0,,1,0,1,0,0,0,1,1,"jquery,d3,bootstrap,",0.048,95.19999999999999,5,50,40.74%,"0,1,0,1,0,0,0,1,1,",1,20,40.74%,"1.0,0.0,0.0,0.0,0.0,",2,11.11111111111111,51.85%,"1.0,0.0,1.0,0.0,0.0,0.0,",3,13.043478260869565,51.85%,0,0.0,0.0%,,8,171.2869565217391,40.74%
gahormigag,unal1,IH-Project-2017-gahormigag_webapp_phase3,Wed Nov 15 19:18:47 2017,0,0,,0,0,1,0,0,0,1,0,,0.03333333333333333,96.66666666666667,3,30,3.7%,"0,0,0,1,0,0,0,1,0,",0,0,0.0%,"0.0,0.0,0.0,0.0,0.0,",0,0.0,0.0%,"0.0,0.0,0.0,0.0,0.0,0.0,",0,0.0,0.0%,0,0.0,0.0%,,3,126.66666666666667,3.7%
ayperezc,unal1,IH-Project-2017-ayperezc_webapp_phase3,Wed Nov 15 19:18:47 2017,0,1,"New York City Museums, ",1,1,1,0,1,1,1,1,"jquery,bootstrap,",0.039603960396039604,96.03960396039604,8,80,70.37%,"0,1,1,1,0,1,1,1,1,",2,40,85.19%,"1.0,0.0,0.0,0.0,1.0,",2,11.11111111111111,51.85%,"1.0,0.0,1.0,0.0,0.0,0.0,",4,17.391304347826086,70.37%,4,0.8888888888888888,66.67%,"1.0,1.0,2.0,;",16,211.71110154493712,70.37%
anferoar96,unal2,IH-Project-2017-anferoar96_webapp_phase3,Wed Nov 15 19:18:47 2017,0,1,"New York City Museums, ",1,1,1,1,1,1,1,1,"jquery,bootstrap,",0.041025641025641026,95.8974358974359,9,90,81.48%,"0,1,1,1,1,1,1,1,1,",2,40,92.59%,"1.0,0.0,0.0,0.0,1.0,",2,11.11111111111111,66.67%,"1.0,0.0,1.0,0.0,0.0,0.0,",4,17.391304347826086,81.48%,3,0.6666666666666667,70.37%,"1.0,1.0,1.0,;",16,221.34671125975476,85.19%
StevenEsmar,unal2,IH-Project-2017-StevenEsmar_webapp_phase3,Wed Nov 15 19:18:47 2017,0,0,,1,1,1,0,0,0,1,0,,0.08823529411764706,91.17647058823529,5,50,51.85%,"0,1,1,1,0,0,0,1,0,",1,20,48.15%,"1.0,0.0,0.0,0.0,0.0,",2,11.11111111111111,66.67%,"1.0,0.0,1.0,0.0,0.0,0.0,",3,13.043478260869565,66.67%,0,0.0,0.0%,,8,167.26342710997443,62.96%
dcastanedar,unal2,IH-Project-2017-dcastanedar_webapp_phase3,Wed Nov 15 19:18:47 2017,0,0,,0,0,1,0,0,0,1,0,,0.03333333333333333,96.66666666666667,3,30,0.0%,"0,0,0,1,0,0,0,1,0,",0,0,0.0%,"0.0,0.0,0.0,0.0,0.0,",0,0.0,0.0%,"0.0,0.0,0.0,0.0,0.0,0.0,",0,0.0,0.0%,0,0.0,0.0%,,3,126.66666666666667,0.0%
trickyjuggler,unal2,IH-Project-2017-trickyjuggler_webapp_phase3,Wed Nov 15 19:18:47 2017,0,3,"New York City Art Galleries, School Safety Report, New York City Museums, ",1,1,1,1,1,1,1,1,"jquery,bootstrap,angular,",0.004672897196261682,99.53271028037383,9,90,88.89%,"0,1,1,1,1,1,1,1,1,",1,20,48.15%,"1.0,0.0,0.0,0.0,0.0,",3,16.666666666666664,85.19%,"1.0,0.0,1.0,0.0,1.0,0.0,",4,17.391304347826086,81.48%,7,1.5555555555555556,85.19%,"1.0,1.0,1.0,;1.0,0.0,0.0,;1.0,1.0,1.0,;",20,225.87087453158153,88.89%
DaveValencia,unal2,IH-Project-2017-DaveValencia_webapp_phase3,Wed Nov 15 19:18:47 2017,0,0,,0,0,1,0,0,0,1,0,,0.03333333333333333,96.66666666666667,3,30,0.0%,"0,0,0,1,0,0,0,1,0,",0,0,0.0%,"0.0,0.0,0.0,0.0,0.0,",0,0.0,0.0%,"0.0,0.0,0.0,0.0,0.0,0.0,",0,0.0,0.0%,0,0.0,0.0%,,3,126.66666666666667,0.0%
csalfonsol,unal2,IH-Project-2017-csalfonsol_webapp_phase3,Wed Nov 15 19:18:47 2017,0,0,,1,1,1,1,0,0,1,1,"jquery,bootstrap,animate,",0.013157894736842105,98.68421052631578,7,70,74.07%,"0,1,1,1,1,0,0,1,1,",1,20,48.15%,"1.0,0.0,0.0,0.0,0.0,",2,11.11111111111111,66.67%,"1.0,0.0,1.0,0.0,0.0,0.0,",3,13.043478260869565,66.67%,0,0.0,0.0%,,10,194.7711670480549,74.07%
tres-xxx,unal2,IH-Project-2017-tres-xxx_webapp_phase3,Wed Nov 15 19:18:47 2017,0,0,,0,0,1,0,0,0,1,0,,0.03333333333333333,96.66666666666667,3,30,0.0%,"0,0,0,1,0,0,0,1,0,",0,0,0.0%,"0.0,0.0,0.0,0.0,0.0,",0,0.0,0.0%,"0.0,0.0,0.0,0.0,0.0,0.0,",0,0.0,0.0%,0,0.0,0.0%,,3,126.66666666666667,0.0%
buendiagon,unal2,IH-Project-2017-buendiagon_webapp_phase3,Wed Nov 15 19:18:47 2017,0,0,,0,0,1,0,0,0,1,0,,0.03333333333333333,96.66666666666667,3,30,0.0%,"0,0,0,1,0,0,0,1,0,",0,0,0.0%,"0.0,0.0,0.0,0.0,0.0,",0,0.0,0.0%,"0.0,0.0,0.0,0.0,0.0,0.0,",0,0.0,0.0%,0,0.0,0.0%,,3,126.66666666666667,0.0%
DSFarfanF,unal2,IH-Project-2017-DSFarfanF_webapp_phase3,Wed Nov 15 19:18:47 2017,0,0,,0,0,1,0,0,0,1,0,,0.03333333333333333,96.66666666666667,3,30,0.0%,"0,0,0,1,0,0,0,1,0,",0,0,0.0%,"0.0,0.0,0.0,0.0,0.0,",0,0.0,0.0%,"0.0,0.0,0.0,0.0,0.0,0.0,",0,0.0,0.0%,0,0.0,0.0%,,3,126.66666666666667,0.0%
jssanchezo,unal2,IH-Project-2017-jssanchezo_webapp_phase3,Wed Nov 15 19:18:47 2017,0,0,,0,0,1,0,0,0,1,0,,0.03333333333333333,96.66666666666667,3,30,0.0%,"0,0,0,1,0,0,0,1,0,",0,0,0.0%,"0.0,0.0,0.0,0.0,0.0,",0,0.0,0.0%,"0.0,0.0,0.0,0.0,0.0,0.0,",0,0.0,0.0%,0,0.0,0.0%,,3,126.66666666666667,0.0%
bsdiaza,unal2,IH-Project-2017-bsdiaza_webapp_phase3,Wed Nov 15 19:18:47 2017,0,0,,0,1,1,0,0,0,1,1,"jquery,d3,bootstrap,",0.023076923076923078,97.6923076923077,5,50,59.26%,"0,0,1,1,0,0,0,1,1,",1,20,48.15%,"1.0,0.0,0.0,0.0,0.0,",1,5.555555555555555,62.96%,"0.0,0.0,1.0,0.0,0.0,0.0,",2,8.695652173913043,62.96%,0,0.0,0.0%,,7,165.08361204013377,55.56%
casc3798,unal2,IH-Project-2017-casc3798_webapp_phase3,Wed Nov 15 19:18:47 2017,0,1,"Zillow Home Value Searching API, ",1,1,1,0,1,1,1,1,"jquery,bootstrap,",0.017241379310344827,98.27586206896551,8,80,77.78%,"0,1,1,1,0,1,1,1,1,",1,20,48.15%,"1.0,0.0,0.0,0.0,0.0,",2,11.11111111111111,66.67%,"1.0,0.0,1.0,0.0,0.0,0.0,",3,13.043478260869565,66.67%,3,0.6666666666666667,70.37%,"3.0,0.0,0.0,;",14,205.0294852573713,77.78%
jsalcinar,unal2,IH-Project-2017-jsalcinar_webapp_phase3,Wed Nov 15 19:18:47 2017,0,3,"Fire Department Directory for New York State, School Safety Report, New York State Career Centers, ",1,1,1,1,1,1,1,1,"jquery,d3,bootstrap,",0.022277227722772276,97.77227722772277,9,90,85.19%,"0,1,1,1,1,1,1,1,1,",1,20,48.15%,"1.0,0.0,0.0,0.0,0.0,",2,11.11111111111111,66.67%,"1.0,0.0,1.0,0.0,0.0,0.0,",3,13.043478260869565,66.67%,7,1.5555555555555556,85.19%,"1.0,0.0,0.0,;3.0,0.0,0.0,;1.0,1.0,1.0,;",19,215.41478930501745,81.48%
Anvido,unal2,IH-Project-2017-Anvido_webapp_phase3,Wed Nov 15 19:18:47 2017,1,4,"Required Weather API, New York City Art Galleries, Fire Department Directory for New York State, New York City Museums, ",1,1,1,1,1,1,1,1,"jquery,materialize,",0.0019455252918287938,99.80544747081711,10,100,96.3%,"1,1,1,1,1,1,1,1,1,",1,20,48.15%,"1.0,0.0,0.0,0.0,0.0,",3,16.666666666666664,85.19%,"1.0,0.0,1.0,0.0,1.0,0.0,",4,17.391304347826086,81.48%,10,2.2222222222222223,92.59%,"1.0,0.0,0.0,;1.0,1.0,1.0,;3.0,0.0,0.0,;1.0,1.0,1.0,;",24,236.81027838869153,92.59%
Jufcardenasmo,unal2,IH-Project-2017-Jufcardenasmo_webapp_phase3,Wed Nov 15 19:18:47 2017,0,0,,1,1,1,0,0,0,1,1,"bootstrap,",0.1232876712328767,87.67123287671232,6,60,55.56%,"0,1,1,1,0,0,0,1,1,",1,20,48.15%,"1.0,0.0,0.0,0.0,0.0,",0,0.0,0.0%,"0.0,0.0,0.0,0.0,0.0,0.0,",1,4.3478260869565215,48.15%,0,0.0,0.0%,,7,156.36688505062537,51.85%
federgolo,unal2,IH-Project-2017-federgolo_webapp_phase3,Wed Nov 15 19:18:47 2017,0,2,"Bicycle Routes Across New York State: Map, New York City Museums, ",0,1,1,0,0,0,1,1,"jquery,d3,bootstrap,",0.004405286343612335,99.55947136563876,5,50,62.96%,"0,0,1,1,0,0,0,1,1,",1,20,48.15%,"1.0,0.0,0.0,0.0,0.0,",3,16.666666666666664,85.19%,"1.0,0.0,1.0,0.0,1.0,0.0,",4,17.391304347826086,81.48%,6,1.3333333333333335,81.48%,"1.0,1.0,1.0,;3.0,0.0,0.0,;",15,185.67541339462426,70.37%
serbatero,unal2,IH-Project-2017-serbatero_webapp_phase3,Wed Nov 15 19:18:47 2017,0,0,,1,1,1,0,0,0,1,1,"jquery,bootstrap,animate,",0.0223463687150838,97.76536312849163,6,60,66.67%,"0,1,1,1,0,0,0,1,1,",1,20,48.15%,"1.0,0.0,0.0,0.0,0.0,",0,0.0,0.0%,"0.0,0.0,0.0,0.0,0.0,0.0,",1,4.3478260869565215,48.15%,0,0.0,0.0%,,7,166.46101530240466,59.26%
GabrielUnal,unal2,IH-Project-2017-GabrielUnal_webapp_phase3,Wed Nov 15 19:18:47 2017,0,0,,0,0,1,0,0,0,1,0,,0.03333333333333333,96.66666666666667,3,30,0.0%,"0,0,0,1,0,0,0,1,0,",0,0,0.0%,"0.0,0.0,0.0,0.0,0.0,",0,0.0,0.0%,"0.0,0.0,0.0,0.0,0.0,0.0,",0,0.0,0.0%,0,0.0,0.0%,,3,126.66666666666667,0.0%
diefrodriguezcha,unal2,IH-Project-2017-diefrodriguezcha_webapp_phase3,Wed Nov 15 19:18:47 2017,0,0,,0,0,1,0,0,0,1,0,,0.03333333333333333,96.66666666666667,3,30,0.0%,"0,0,0,1,0,0,0,1,0,",0,0,0.0%,"0.0,0.0,0.0,0.0,0.0,",0,0.0,0.0%,"0.0,0.0,0.0,0.0,0.0,0.0,",0,0.0,0.0%,0,0.0,0.0%,,3,126.66666666666667,0.0%
adcorredorm,unal2,IH-Project-2017-adcorredorm_webapp_phase3,Wed Nov 15 19:18:47 2017,0,0,,0,0,1,0,0,0,1,0,,0.03333333333333333,96.66666666666667,3,30,0.0%,"0,0,0,1,0,0,0,1,0,",0,0,0.0%,"0.0,0.0,0.0,0.0,0.0,",0,0.0,0.0%,"0.0,0.0,0.0,0.0,0.0,0.0,",0,0.0,0.0%,0,0.0,0.0%,,3,126.66666666666667,0.0%
jdgaitanf,unal2,IH-Project-2017-jdgaitanf_webapp_phase3,Wed Nov 15 19:18:47 2017,1,2,"Required Weather API, New York City Museums, ",1,1,1,0,0,0,1,1,"jquery,bootstrap,",0.05555555555555555,94.44444444444444,7,70,70.37%,"1,1,1,1,0,0,0,1,1,",1,20,48.15%,"1.0,0.0,0.0,0.0,0.0,",0,0.0,0.0%,"0.0,0.0,0.0,0.0,0.0,0.0,",1,4.3478260869565215,48.15%,4,0.8888888888888888,77.78%,"1.0,0.0,0.0,;3.0,0.0,0.0,;",12,174.02898550724638,66.67%
pahigueraf,unal2,IH-Project-2017-pahigueraf_webapp_phase3,Wed Nov 15 19:18:47 2017,0,5,"new york address points, Fire Department Directory for New York State, New York City Art Galleries, New York State Career Centers, New York City Museums, ",1,1,1,1,1,1,1,1,"font-awesome,jquery,d3,bootstrap,",0.001943634596695821,99.80563654033043,9,90,92.59%,"0,1,1,1,1,1,1,1,1,",4,80,96.3%,"1.0,1.0,0.0,1.0,1.0,",6,33.33333333333333,96.3%,"1.0,1.0,1.0,1.0,1.0,1.0,",10,43.47826086956522,96.3%,24,5.333333333333334,96.3%,"1.0,1.0,2.0,;1.0,1.0,2.0,;3.0,1.0,2.0,;3.0,1.0,2.0,;1.0,1.0,2.0,;",43,282.0954916127942,96.3%
RafaelCruz15,unal2,IH-Project-2017-RafaelCruz15_webapp_phase3,Wed Nov 15 19:18:47 2017,0,0,,0,0,1,0,0,0,1,0,,0.03333333333333333,96.66666666666667,3,30,0.0%,"0,0,0,1,0,0,0,1,0,",0,0,0.0%,"0.0,0.0,0.0,0.0,0.0,",0,0.0,0.0%,"0.0,0.0,0.0,0.0,0.0,0.0,",0,0.0,0.0%,0,0.0,0.0%,,3,126.66666666666667,0.0%
gimg1859,unal2,IH-Project-2017-gimg1859_webapp_phase3,Wed Nov 15 19:18:47 2017,0,0,,0,0,1,0,0,0,1,0,,0.03333333333333333,96.66666666666667,3,30,0.0%,"0,0,0,1,0,0,0,1,0,",0,0,0.0%,"0.0,0.0,0.0,0.0,0.0,",0,0.0,0.0%,"0.0,0.0,0.0,0.0,0.0,0.0,",0,0.0,0.0%,0,0.0,0.0%,,3,126.66666666666667,0.0%
jannMorenoJ,unal2,IH-Project-2017-jannMorenoJ_webapp_phase3,Wed Nov 15 19:18:47 2017,0,0,,0,0,1,0,0,0,1,0,,0.03333333333333333,96.66666666666667,3,30,0.0%,"0,0,0,1,0,0,0,1,0,",0,0,0.0%,"0.0,0.0,0.0,0.0,0.0,",0,0.0,0.0%,"0.0,0.0,0.0,0.0,0.0,0.0,",0,0.0,0.0%,0,0.0,0.0%,,3,126.66666666666667,0.0%
dahrojasca,unal2,IH-Project-2017-dahrojasca_webapp_phase3,Wed Nov 15 19:18:47 2017,0,0,,0,0,1,0,0,0,1,0,,0.024096385542168676,97.59036144578313,3,30,48.15%,"0,0,0,1,0,0,0,1,0,",1,20,48.15%,"1.0,0.0,0.0,0.0,0.0,",0,0.0,0.0%,"0.0,0.0,0.0,0.0,0.0,0.0,",1,4.3478260869565215,48.15%,0,0.0,0.0%,,4,136.28601361969618,48.15%
FredyRosero,unal2,IH-Project-2017-FredyRosero_webapp_phase3,Wed Nov 15 19:18:47 2017,0,0,,0,0,1,0,0,0,1,0,,0.03333333333333333,96.66666666666667,3,30,0.0%,"0,0,0,1,0,0,0,1,0,",0,0,0.0%,"0.0,0.0,0.0,0.0,0.0,",0,0.0,0.0%,"0.0,0.0,0.0,0.0,0.0,0.0,",0,0.0,0.0%,0,0.0,0.0%,,3,126.66666666666667,0.0%
