username1,username2,link1,link2,comparison_type,ssim,features2d
www.ironhacks.com,www.ironhacks.com,http://www.ironhacks.com/preview/BrandonAvilanR/webapp_phase4/index.html,http://www.ironhacks.com/preview/DaniCastel/webapp_phase4/index.html,maps,41.0,86.7
www.ironhacks.com,www.ironhacks.com,http://www.ironhacks.com/preview/BrandonAvilanR/webapp_phase4/index.html,http://www.ironhacks.com/preview/JorgeTorresC/webapp_phase4/index.html,maps,30.6,64.9
www.ironhacks.com,www.ironhacks.com,http://www.ironhacks.com/preview/BrandonAvilanR/webapp_phase4/index.html,http://www.ironhacks.com/preview/Orloffyeah/webapp_phase4/index.html,maps,27.2,87.7
www.ironhacks.com,www.ironhacks.com,http://www.ironhacks.com/preview/BrandonAvilanR/webapp_phase4/index.html,http://www.ironhacks.com/preview/SergioLopez40/webapp_phase4/index.html,maps,34.3,80.8
www.ironhacks.com,www.ironhacks.com,http://www.ironhacks.com/preview/BrandonAvilanR/webapp_phase4/index.html,http://www.ironhacks.com/preview/alejosaur/webapp_phase4/index.html,maps,28.3,88.3
www.ironhacks.com,www.ironhacks.com,http://www.ironhacks.com/preview/BrandonAvilanR/webapp_phase4/index.html,http://www.ironhacks.com/preview/anythinglord/webapp_phase4/index.html,maps,23.5,78.3
www.ironhacks.com,www.ironhacks.com,http://www.ironhacks.com/preview/BrandonAvilanR/webapp_phase4/index.html,http://www.ironhacks.com/preview/cglaitong/webapp_phase4/index.html,maps,18.1,57.5
www.ironhacks.com,www.ironhacks.com,http://www.ironhacks.com/preview/BrandonAvilanR/webapp_phase4/index.html,http://www.ironhacks.com/preview/criscapunal/webapp_phase4/index.html,maps,4.1,35.8
www.ironhacks.com,www.ironhacks.com,http://www.ironhacks.com/preview/BrandonAvilanR/webapp_phase4/index.html,http://www.ironhacks.com/preview/csalfonsol/webapp_phase4/index.html,maps,19.8,92.5
www.ironhacks.com,www.ironhacks.com,http://www.ironhacks.com/preview/BrandonAvilanR/webapp_phase4/index.html,http://www.ironhacks.com/preview/daapinzonch/webapp_phase4/index.html,maps,37.9,91.5
www.ironhacks.com,www.ironhacks.com,http://www.ironhacks.com/preview/BrandonAvilanR/webapp_phase4/index.html,http://www.ironhacks.com/preview/dcastanedar/webapp_phase4/index.html,maps,23.0,79.9
www.ironhacks.com,www.ironhacks.com,http://www.ironhacks.com/preview/BrandonAvilanR/webapp_phase4/index.html,http://www.ironhacks.com/preview/jdsolanos/webapp_phase4/index.html,maps,16.5,44.4
www.ironhacks.com,www.ironhacks.com,http://www.ironhacks.com/preview/DaniCastel/webapp_phase4/index.html,http://www.ironhacks.com/preview/JorgeTorresC/webapp_phase4/index.html,maps,46.1,97.0
www.ironhacks.com,www.ironhacks.com,http://www.ironhacks.com/preview/DaniCastel/webapp_phase4/index.html,http://www.ironhacks.com/preview/Orloffyeah/webapp_phase4/index.html,maps,52.1,81.2
www.ironhacks.com,www.ironhacks.com,http://www.ironhacks.com/preview/DaniCastel/webapp_phase4/index.html,http://www.ironhacks.com/preview/SergioLopez40/webapp_phase4/index.html,maps,42.6,87.6
www.ironhacks.com,www.ironhacks.com,http://www.ironhacks.com/preview/DaniCastel/webapp_phase4/index.html,http://www.ironhacks.com/preview/alejosaur/webapp_phase4/index.html,maps,39.2,77.0
www.ironhacks.com,www.ironhacks.com,http://www.ironhacks.com/preview/DaniCastel/webapp_phase4/index.html,http://www.ironhacks.com/preview/anythinglord/webapp_phase4/index.html,maps,41.0,88.6
www.ironhacks.com,www.ironhacks.com,http://www.ironhacks.com/preview/DaniCastel/webapp_phase4/index.html,http://www.ironhacks.com/preview/cglaitong/webapp_phase4/index.html,maps,31.0,52.4
www.ironhacks.com,www.ironhacks.com,http://www.ironhacks.com/preview/DaniCastel/webapp_phase4/index.html,http://www.ironhacks.com/preview/criscapunal/webapp_phase4/index.html,maps,22.4,26.3
www.ironhacks.com,www.ironhacks.com,http://www.ironhacks.com/preview/DaniCastel/webapp_phase4/index.html,http://www.ironhacks.com/preview/csalfonsol/webapp_phase4/index.html,maps,39.0,81.3
www.ironhacks.com,www.ironhacks.com,http://www.ironhacks.com/preview/DaniCastel/webapp_phase4/index.html,http://www.ironhacks.com/preview/daapinzonch/webapp_phase4/index.html,maps,57.0,81.0
www.ironhacks.com,www.ironhacks.com,http://www.ironhacks.com/preview/DaniCastel/webapp_phase4/index.html,http://www.ironhacks.com/preview/dcastanedar/webapp_phase4/index.html,maps,35.4,90.5
www.ironhacks.com,www.ironhacks.com,http://www.ironhacks.com/preview/DaniCastel/webapp_phase4/index.html,http://www.ironhacks.com/preview/jdsolanos/webapp_phase4/index.html,maps,26.2,51.1
www.ironhacks.com,www.ironhacks.com,http://www.ironhacks.com/preview/JorgeTorresC/webapp_phase4/index.html,http://www.ironhacks.com/preview/Orloffyeah/webapp_phase4/index.html,maps,29.8,66.9
www.ironhacks.com,www.ironhacks.com,http://www.ironhacks.com/preview/JorgeTorresC/webapp_phase4/index.html,http://www.ironhacks.com/preview/SergioLopez40/webapp_phase4/index.html,maps,22.2,62.4
www.ironhacks.com,www.ironhacks.com,http://www.ironhacks.com/preview/JorgeTorresC/webapp_phase4/index.html,http://www.ironhacks.com/preview/alejosaur/webapp_phase4/index.html,maps,21.9,68.6
www.ironhacks.com,www.ironhacks.com,http://www.ironhacks.com/preview/JorgeTorresC/webapp_phase4/index.html,http://www.ironhacks.com/preview/anythinglord/webapp_phase4/index.html,maps,29.2,60.4
www.ironhacks.com,www.ironhacks.com,http://www.ironhacks.com/preview/JorgeTorresC/webapp_phase4/index.html,http://www.ironhacks.com/preview/cglaitong/webapp_phase4/index.html,maps,21.2,38.6
www.ironhacks.com,www.ironhacks.com,http://www.ironhacks.com/preview/JorgeTorresC/webapp_phase4/index.html,http://www.ironhacks.com/preview/criscapunal/webapp_phase4/index.html,maps,20.1,22.3
www.ironhacks.com,www.ironhacks.com,http://www.ironhacks.com/preview/JorgeTorresC/webapp_phase4/index.html,http://www.ironhacks.com/preview/csalfonsol/webapp_phase4/index.html,maps,27.5,69.8
www.ironhacks.com,www.ironhacks.com,http://www.ironhacks.com/preview/JorgeTorresC/webapp_phase4/index.html,http://www.ironhacks.com/preview/daapinzonch/webapp_phase4/index.html,maps,33.6,62.9
www.ironhacks.com,www.ironhacks.com,http://www.ironhacks.com/preview/JorgeTorresC/webapp_phase4/index.html,http://www.ironhacks.com/preview/dcastanedar/webapp_phase4/index.html,maps,22.3,61.2
www.ironhacks.com,www.ironhacks.com,http://www.ironhacks.com/preview/JorgeTorresC/webapp_phase4/index.html,http://www.ironhacks.com/preview/jdsolanos/webapp_phase4/index.html,maps,14.9,100.0
www.ironhacks.com,www.ironhacks.com,http://www.ironhacks.com/preview/Orloffyeah/webapp_phase4/index.html,http://www.ironhacks.com/preview/SergioLopez40/webapp_phase4/index.html,maps,37.1,74.8
www.ironhacks.com,www.ironhacks.com,http://www.ironhacks.com/preview/Orloffyeah/webapp_phase4/index.html,http://www.ironhacks.com/preview/alejosaur/webapp_phase4/index.html,maps,34.4,78.8
www.ironhacks.com,www.ironhacks.com,http://www.ironhacks.com/preview/Orloffyeah/webapp_phase4/index.html,http://www.ironhacks.com/preview/anythinglord/webapp_phase4/index.html,maps,35.0,76.1
www.ironhacks.com,www.ironhacks.com,http://www.ironhacks.com/preview/Orloffyeah/webapp_phase4/index.html,http://www.ironhacks.com/preview/cglaitong/webapp_phase4/index.html,maps,26.1,69.6
www.ironhacks.com,www.ironhacks.com,http://www.ironhacks.com/preview/Orloffyeah/webapp_phase4/index.html,http://www.ironhacks.com/preview/criscapunal/webapp_phase4/index.html,maps,17.8,41.5
www.ironhacks.com,www.ironhacks.com,http://www.ironhacks.com/preview/Orloffyeah/webapp_phase4/index.html,http://www.ironhacks.com/preview/csalfonsol/webapp_phase4/index.html,maps,35.4,83.4
www.ironhacks.com,www.ironhacks.com,http://www.ironhacks.com/preview/Orloffyeah/webapp_phase4/index.html,http://www.ironhacks.com/preview/daapinzonch/webapp_phase4/index.html,maps,44.9,100.0
www.ironhacks.com,www.ironhacks.com,http://www.ironhacks.com/preview/Orloffyeah/webapp_phase4/index.html,http://www.ironhacks.com/preview/dcastanedar/webapp_phase4/index.html,maps,33.0,73.7
www.ironhacks.com,www.ironhacks.com,http://www.ironhacks.com/preview/Orloffyeah/webapp_phase4/index.html,http://www.ironhacks.com/preview/jdsolanos/webapp_phase4/index.html,maps,29.1,58.8
www.ironhacks.com,www.ironhacks.com,http://www.ironhacks.com/preview/SergioLopez40/webapp_phase4/index.html,http://www.ironhacks.com/preview/alejosaur/webapp_phase4/index.html,maps,22.8,80.4
www.ironhacks.com,www.ironhacks.com,http://www.ironhacks.com/preview/SergioLopez40/webapp_phase4/index.html,http://www.ironhacks.com/preview/anythinglord/webapp_phase4/index.html,maps,33.6,100.0
www.ironhacks.com,www.ironhacks.com,http://www.ironhacks.com/preview/SergioLopez40/webapp_phase4/index.html,http://www.ironhacks.com/preview/cglaitong/webapp_phase4/index.html,maps,23.1,66.0
www.ironhacks.com,www.ironhacks.com,http://www.ironhacks.com/preview/SergioLopez40/webapp_phase4/index.html,http://www.ironhacks.com/preview/criscapunal/webapp_phase4/index.html,maps,15.3,45.8
www.ironhacks.com,www.ironhacks.com,http://www.ironhacks.com/preview/SergioLopez40/webapp_phase4/index.html,http://www.ironhacks.com/preview/csalfonsol/webapp_phase4/index.html,maps,31.4,82.4
www.ironhacks.com,www.ironhacks.com,http://www.ironhacks.com/preview/SergioLopez40/webapp_phase4/index.html,http://www.ironhacks.com/preview/daapinzonch/webapp_phase4/index.html,maps,41.0,75.3
www.ironhacks.com,www.ironhacks.com,http://www.ironhacks.com/preview/SergioLopez40/webapp_phase4/index.html,http://www.ironhacks.com/preview/dcastanedar/webapp_phase4/index.html,maps,25.3,100.0
www.ironhacks.com,www.ironhacks.com,http://www.ironhacks.com/preview/SergioLopez40/webapp_phase4/index.html,http://www.ironhacks.com/preview/jdsolanos/webapp_phase4/index.html,maps,18.5,56.2
www.ironhacks.com,www.ironhacks.com,http://www.ironhacks.com/preview/alejosaur/webapp_phase4/index.html,http://www.ironhacks.com/preview/anythinglord/webapp_phase4/index.html,maps,27.9,81.6
www.ironhacks.com,www.ironhacks.com,http://www.ironhacks.com/preview/alejosaur/webapp_phase4/index.html,http://www.ironhacks.com/preview/cglaitong/webapp_phase4/index.html,maps,20.3,61.2
www.ironhacks.com,www.ironhacks.com,http://www.ironhacks.com/preview/alejosaur/webapp_phase4/index.html,http://www.ironhacks.com/preview/criscapunal/webapp_phase4/index.html,maps,19.3,23.8
www.ironhacks.com,www.ironhacks.com,http://www.ironhacks.com/preview/alejosaur/webapp_phase4/index.html,http://www.ironhacks.com/preview/csalfonsol/webapp_phase4/index.html,maps,26.3,85.8
www.ironhacks.com,www.ironhacks.com,http://www.ironhacks.com/preview/alejosaur/webapp_phase4/index.html,http://www.ironhacks.com/preview/daapinzonch/webapp_phase4/index.html,maps,36.0,74.2
www.ironhacks.com,www.ironhacks.com,http://www.ironhacks.com/preview/alejosaur/webapp_phase4/index.html,http://www.ironhacks.com/preview/dcastanedar/webapp_phase4/index.html,maps,27.7,79.6
www.ironhacks.com,www.ironhacks.com,http://www.ironhacks.com/preview/alejosaur/webapp_phase4/index.html,http://www.ironhacks.com/preview/jdsolanos/webapp_phase4/index.html,maps,17.4,49.2
www.ironhacks.com,www.ironhacks.com,http://www.ironhacks.com/preview/anythinglord/webapp_phase4/index.html,http://www.ironhacks.com/preview/cglaitong/webapp_phase4/index.html,maps,20.4,63.2
www.ironhacks.com,www.ironhacks.com,http://www.ironhacks.com/preview/anythinglord/webapp_phase4/index.html,http://www.ironhacks.com/preview/criscapunal/webapp_phase4/index.html,maps,10.7,34.6
www.ironhacks.com,www.ironhacks.com,http://www.ironhacks.com/preview/anythinglord/webapp_phase4/index.html,http://www.ironhacks.com/preview/csalfonsol/webapp_phase4/index.html,maps,25.4,81.9
www.ironhacks.com,www.ironhacks.com,http://www.ironhacks.com/preview/anythinglord/webapp_phase4/index.html,http://www.ironhacks.com/preview/daapinzonch/webapp_phase4/index.html,maps,33.4,80.0
www.ironhacks.com,www.ironhacks.com,http://www.ironhacks.com/preview/anythinglord/webapp_phase4/index.html,http://www.ironhacks.com/preview/dcastanedar/webapp_phase4/index.html,maps,22.9,100.0
www.ironhacks.com,www.ironhacks.com,http://www.ironhacks.com/preview/anythinglord/webapp_phase4/index.html,http://www.ironhacks.com/preview/jdsolanos/webapp_phase4/index.html,maps,27.1,54.1
www.ironhacks.com,www.ironhacks.com,http://www.ironhacks.com/preview/cglaitong/webapp_phase4/index.html,http://www.ironhacks.com/preview/criscapunal/webapp_phase4/index.html,maps,20.7,31.2
www.ironhacks.com,www.ironhacks.com,http://www.ironhacks.com/preview/cglaitong/webapp_phase4/index.html,http://www.ironhacks.com/preview/csalfonsol/webapp_phase4/index.html,maps,22.9,100.0
www.ironhacks.com,www.ironhacks.com,http://www.ironhacks.com/preview/cglaitong/webapp_phase4/index.html,http://www.ironhacks.com/preview/daapinzonch/webapp_phase4/index.html,maps,25.9,62.7
www.ironhacks.com,www.ironhacks.com,http://www.ironhacks.com/preview/cglaitong/webapp_phase4/index.html,http://www.ironhacks.com/preview/dcastanedar/webapp_phase4/index.html,maps,17.4,79.0
www.ironhacks.com,www.ironhacks.com,http://www.ironhacks.com/preview/cglaitong/webapp_phase4/index.html,http://www.ironhacks.com/preview/jdsolanos/webapp_phase4/index.html,maps,18.7,38.0
www.ironhacks.com,www.ironhacks.com,http://www.ironhacks.com/preview/criscapunal/webapp_phase4/index.html,http://www.ironhacks.com/preview/csalfonsol/webapp_phase4/index.html,maps,13.4,46.5
www.ironhacks.com,www.ironhacks.com,http://www.ironhacks.com/preview/criscapunal/webapp_phase4/index.html,http://www.ironhacks.com/preview/daapinzonch/webapp_phase4/index.html,maps,14.6,48.8
www.ironhacks.com,www.ironhacks.com,http://www.ironhacks.com/preview/criscapunal/webapp_phase4/index.html,http://www.ironhacks.com/preview/dcastanedar/webapp_phase4/index.html,maps,16.0,42.7
www.ironhacks.com,www.ironhacks.com,http://www.ironhacks.com/preview/criscapunal/webapp_phase4/index.html,http://www.ironhacks.com/preview/jdsolanos/webapp_phase4/index.html,maps,7.3,37.3
www.ironhacks.com,www.ironhacks.com,http://www.ironhacks.com/preview/csalfonsol/webapp_phase4/index.html,http://www.ironhacks.com/preview/daapinzonch/webapp_phase4/index.html,maps,35.1,87.0
www.ironhacks.com,www.ironhacks.com,http://www.ironhacks.com/preview/csalfonsol/webapp_phase4/index.html,http://www.ironhacks.com/preview/dcastanedar/webapp_phase4/index.html,maps,21.8,76.7
www.ironhacks.com,www.ironhacks.com,http://www.ironhacks.com/preview/csalfonsol/webapp_phase4/index.html,http://www.ironhacks.com/preview/jdsolanos/webapp_phase4/index.html,maps,27.5,41.6
www.ironhacks.com,www.ironhacks.com,http://www.ironhacks.com/preview/daapinzonch/webapp_phase4/index.html,http://www.ironhacks.com/preview/dcastanedar/webapp_phase4/index.html,maps,36.2,73.1
www.ironhacks.com,www.ironhacks.com,http://www.ironhacks.com/preview/daapinzonch/webapp_phase4/index.html,http://www.ironhacks.com/preview/jdsolanos/webapp_phase4/index.html,maps,25.4,51.3
www.ironhacks.com,www.ironhacks.com,http://www.ironhacks.com/preview/dcastanedar/webapp_phase4/index.html,http://www.ironhacks.com/preview/jdsolanos/webapp_phase4/index.html,maps,17.7,43.2
www.ironhacks.com,www.ironhacks.com,http://www.ironhacks.com/preview/BrandonAvilanR/webapp_phase4/index.html#1,http://www.ironhacks.com/preview/alejosaur/webapp_phase4/index.html#1,charts,75.8,100.0
www.ironhacks.com,www.ironhacks.com,http://www.ironhacks.com/preview/BrandonAvilanR/webapp_phase4/index.html#1,http://www.ironhacks.com/preview/cglaitong/webapp_phase4/index.html#1,charts,96.2,100.0
www.ironhacks.com,www.ironhacks.com,http://www.ironhacks.com/preview/BrandonAvilanR/webapp_phase4/index.html#1,http://www.ironhacks.com/preview/cglaitong/webapp_phase4/index.html#2,charts,96.2,100.0
www.ironhacks.com,www.ironhacks.com,http://www.ironhacks.com/preview/alejosaur/webapp_phase4/index.html#1,http://www.ironhacks.com/preview/cglaitong/webapp_phase4/index.html#1,charts,87.1,100.0
www.ironhacks.com,www.ironhacks.com,http://www.ironhacks.com/preview/alejosaur/webapp_phase4/index.html#1,http://www.ironhacks.com/preview/cglaitong/webapp_phase4/index.html#2,charts,87.1,100.0
www.ironhacks.com,www.ironhacks.com,http://www.ironhacks.com/preview/cglaitong/webapp_phase4/index.html#1,http://www.ironhacks.com/preview/cglaitong/webapp_phase4/index.html#2,charts,100.0,100.0
www.ironhacks.com,www.ironhacks.com,http://www.ironhacks.com/preview/BrandonAvilanR/webapp_phase4/index.html,http://www.ironhacks.com/preview/DSFarfanF/webapp_phase4/index.html,complete,65.8,100.0
www.ironhacks.com,www.ironhacks.com,http://www.ironhacks.com/preview/BrandonAvilanR/webapp_phase4/index.html,http://www.ironhacks.com/preview/DaniCastel/webapp_phase4/index.html,complete,75.2,90.9
www.ironhacks.com,www.ironhacks.com,http://www.ironhacks.com/preview/BrandonAvilanR/webapp_phase4/index.html,http://www.ironhacks.com/preview/DaveValencia/webapp_phase4/index.html,complete,65.8,100.0
www.ironhacks.com,www.ironhacks.com,http://www.ironhacks.com/preview/BrandonAvilanR/webapp_phase4/index.html,http://www.ironhacks.com/preview/JorgeTorresC/webapp_phase4/index.html,complete,66.2,97.2
www.ironhacks.com,www.ironhacks.com,http://www.ironhacks.com/preview/BrandonAvilanR/webapp_phase4/index.html,http://www.ironhacks.com/preview/Orloffyeah/webapp_phase4/index.html,complete,73.5,96.8
www.ironhacks.com,www.ironhacks.com,http://www.ironhacks.com/preview/BrandonAvilanR/webapp_phase4/index.html,http://www.ironhacks.com/preview/Saariasba/webapp_phase4/index.html,complete,65.8,100.0
www.ironhacks.com,www.ironhacks.com,http://www.ironhacks.com/preview/BrandonAvilanR/webapp_phase4/index.html,http://www.ironhacks.com/preview/SergioLopez40/webapp_phase4/index.html,complete,46.3,86.7
www.ironhacks.com,www.ironhacks.com,http://www.ironhacks.com/preview/BrandonAvilanR/webapp_phase4/index.html,http://www.ironhacks.com/preview/alejosaur/webapp_phase4/index.html,complete,78.4,71.3
www.ironhacks.com,www.ironhacks.com,http://www.ironhacks.com/preview/BrandonAvilanR/webapp_phase4/index.html,http://www.ironhacks.com/preview/anythinglord/webapp_phase4/index.html,complete,23.8,66.9
www.ironhacks.com,www.ironhacks.com,http://www.ironhacks.com/preview/BrandonAvilanR/webapp_phase4/index.html,http://www.ironhacks.com/preview/buendiagon/webapp_phase4/index.html,complete,65.8,100.0
www.ironhacks.com,www.ironhacks.com,http://www.ironhacks.com/preview/BrandonAvilanR/webapp_phase4/index.html,http://www.ironhacks.com/preview/cglaitong/webapp_phase4/index.html,complete,59.4,90.7
www.ironhacks.com,www.ironhacks.com,http://www.ironhacks.com/preview/BrandonAvilanR/webapp_phase4/index.html,http://www.ironhacks.com/preview/criscapunal/webapp_phase4/index.html,complete,82.9,77.9
www.ironhacks.com,www.ironhacks.com,http://www.ironhacks.com/preview/BrandonAvilanR/webapp_phase4/index.html,http://www.ironhacks.com/preview/csalfonsol/webapp_phase4/index.html,complete,64.2,83.1
www.ironhacks.com,www.ironhacks.com,http://www.ironhacks.com/preview/BrandonAvilanR/webapp_phase4/index.html,http://www.ironhacks.com/preview/daapinzonch/webapp_phase4/index.html,complete,69.1,91.2
www.ironhacks.com,www.ironhacks.com,http://www.ironhacks.com/preview/BrandonAvilanR/webapp_phase4/index.html,http://www.ironhacks.com/preview/dcastanedar/webapp_phase4/index.html,complete,67.4,85.3
www.ironhacks.com,www.ironhacks.com,http://www.ironhacks.com/preview/BrandonAvilanR/webapp_phase4/index.html,http://www.ironhacks.com/preview/dieguischa/webapp_phase4/index.html,complete,65.8,100.0
www.ironhacks.com,www.ironhacks.com,http://www.ironhacks.com/preview/BrandonAvilanR/webapp_phase4/index.html,http://www.ironhacks.com/preview/jaasuarezvi/webapp_phase4/index.html,complete,65.8,100.0
www.ironhacks.com,www.ironhacks.com,http://www.ironhacks.com/preview/BrandonAvilanR/webapp_phase4/index.html,http://www.ironhacks.com/preview/jdsolanos/webapp_phase4/index.html,complete,50.9,68.8
www.ironhacks.com,www.ironhacks.com,http://www.ironhacks.com/preview/BrandonAvilanR/webapp_phase4/index.html,http://www.ironhacks.com/preview/tres-xxx/webapp_phase4/index.html,complete,65.8,100.0
www.ironhacks.com,www.ironhacks.com,http://www.ironhacks.com/preview/BrandonAvilanR/webapp_phase4/index.html,http://www.ironhacks.com/preview/trickyjuggler/webapp_phase4/index.html,complete,78.0,88.9
www.ironhacks.com,www.ironhacks.com,http://www.ironhacks.com/preview/DSFarfanF/webapp_phase4/index.html,http://www.ironhacks.com/preview/DaniCastel/webapp_phase4/index.html,complete,49.1,100.0
www.ironhacks.com,www.ironhacks.com,http://www.ironhacks.com/preview/DSFarfanF/webapp_phase4/index.html,http://www.ironhacks.com/preview/DaveValencia/webapp_phase4/index.html,complete,100.0,100.0
www.ironhacks.com,www.ironhacks.com,http://www.ironhacks.com/preview/DSFarfanF/webapp_phase4/index.html,http://www.ironhacks.com/preview/JorgeTorresC/webapp_phase4/index.html,complete,47.5,100.0
www.ironhacks.com,www.ironhacks.com,http://www.ironhacks.com/preview/DSFarfanF/webapp_phase4/index.html,http://www.ironhacks.com/preview/Orloffyeah/webapp_phase4/index.html,complete,65.8,100.0
www.ironhacks.com,www.ironhacks.com,http://www.ironhacks.com/preview/DSFarfanF/webapp_phase4/index.html,http://www.ironhacks.com/preview/Saariasba/webapp_phase4/index.html,complete,100.0,100.0
www.ironhacks.com,www.ironhacks.com,http://www.ironhacks.com/preview/DSFarfanF/webapp_phase4/index.html,http://www.ironhacks.com/preview/SergioLopez40/webapp_phase4/index.html,complete,65.8,100.0
www.ironhacks.com,www.ironhacks.com,http://www.ironhacks.com/preview/DSFarfanF/webapp_phase4/index.html,http://www.ironhacks.com/preview/alejosaur/webapp_phase4/index.html,complete,45.6,100.0
www.ironhacks.com,www.ironhacks.com,http://www.ironhacks.com/preview/DSFarfanF/webapp_phase4/index.html,http://www.ironhacks.com/preview/anythinglord/webapp_phase4/index.html,complete,3.0,100.0
www.ironhacks.com,www.ironhacks.com,http://www.ironhacks.com/preview/DSFarfanF/webapp_phase4/index.html,http://www.ironhacks.com/preview/buendiagon/webapp_phase4/index.html,complete,100.0,100.0
www.ironhacks.com,www.ironhacks.com,http://www.ironhacks.com/preview/DSFarfanF/webapp_phase4/index.html,http://www.ironhacks.com/preview/cglaitong/webapp_phase4/index.html,complete,65.8,100.0
www.ironhacks.com,www.ironhacks.com,http://www.ironhacks.com/preview/DSFarfanF/webapp_phase4/index.html,http://www.ironhacks.com/preview/criscapunal/webapp_phase4/index.html,complete,44.0,100.0
www.ironhacks.com,www.ironhacks.com,http://www.ironhacks.com/preview/DSFarfanF/webapp_phase4/index.html,http://www.ironhacks.com/preview/csalfonsol/webapp_phase4/index.html,complete,49.0,100.0
www.ironhacks.com,www.ironhacks.com,http://www.ironhacks.com/preview/DSFarfanF/webapp_phase4/index.html,http://www.ironhacks.com/preview/daapinzonch/webapp_phase4/index.html,complete,59.9,100.0
www.ironhacks.com,www.ironhacks.com,http://www.ironhacks.com/preview/DSFarfanF/webapp_phase4/index.html,http://www.ironhacks.com/preview/dcastanedar/webapp_phase4/index.html,complete,65.8,100.0
www.ironhacks.com,www.ironhacks.com,http://www.ironhacks.com/preview/DSFarfanF/webapp_phase4/index.html,http://www.ironhacks.com/preview/dieguischa/webapp_phase4/index.html,complete,100.0,100.0
www.ironhacks.com,www.ironhacks.com,http://www.ironhacks.com/preview/DSFarfanF/webapp_phase4/index.html,http://www.ironhacks.com/preview/jaasuarezvi/webapp_phase4/index.html,complete,100.0,100.0
www.ironhacks.com,www.ironhacks.com,http://www.ironhacks.com/preview/DSFarfanF/webapp_phase4/index.html,http://www.ironhacks.com/preview/jdsolanos/webapp_phase4/index.html,complete,33.7,100.0
www.ironhacks.com,www.ironhacks.com,http://www.ironhacks.com/preview/DSFarfanF/webapp_phase4/index.html,http://www.ironhacks.com/preview/tres-xxx/webapp_phase4/index.html,complete,100.0,100.0
www.ironhacks.com,www.ironhacks.com,http://www.ironhacks.com/preview/DSFarfanF/webapp_phase4/index.html,http://www.ironhacks.com/preview/trickyjuggler/webapp_phase4/index.html,complete,63.3,100.0
www.ironhacks.com,www.ironhacks.com,http://www.ironhacks.com/preview/DaniCastel/webapp_phase4/index.html,http://www.ironhacks.com/preview/DaveValencia/webapp_phase4/index.html,complete,49.1,100.0
www.ironhacks.com,www.ironhacks.com,http://www.ironhacks.com/preview/DaniCastel/webapp_phase4/index.html,http://www.ironhacks.com/preview/JorgeTorresC/webapp_phase4/index.html,complete,53.6,92.8
www.ironhacks.com,www.ironhacks.com,http://www.ironhacks.com/preview/DaniCastel/webapp_phase4/index.html,http://www.ironhacks.com/preview/Orloffyeah/webapp_phase4/index.html,complete,86.8,95.2
www.ironhacks.com,www.ironhacks.com,http://www.ironhacks.com/preview/DaniCastel/webapp_phase4/index.html,http://www.ironhacks.com/preview/Saariasba/webapp_phase4/index.html,complete,49.1,100.0
www.ironhacks.com,www.ironhacks.com,http://www.ironhacks.com/preview/DaniCastel/webapp_phase4/index.html,http://www.ironhacks.com/preview/SergioLopez40/webapp_phase4/index.html,complete,43.5,86.0
www.ironhacks.com,www.ironhacks.com,http://www.ironhacks.com/preview/DaniCastel/webapp_phase4/index.html,http://www.ironhacks.com/preview/alejosaur/webapp_phase4/index.html,complete,82.9,71.8
www.ironhacks.com,www.ironhacks.com,http://www.ironhacks.com/preview/DaniCastel/webapp_phase4/index.html,http://www.ironhacks.com/preview/anythinglord/webapp_phase4/index.html,complete,39.3,68.7
www.ironhacks.com,www.ironhacks.com,http://www.ironhacks.com/preview/DaniCastel/webapp_phase4/index.html,http://www.ironhacks.com/preview/buendiagon/webapp_phase4/index.html,complete,49.1,100.0
www.ironhacks.com,www.ironhacks.com,http://www.ironhacks.com/preview/DaniCastel/webapp_phase4/index.html,http://www.ironhacks.com/preview/cglaitong/webapp_phase4/index.html,complete,53.2,85.6
www.ironhacks.com,www.ironhacks.com,http://www.ironhacks.com/preview/DaniCastel/webapp_phase4/index.html,http://www.ironhacks.com/preview/criscapunal/webapp_phase4/index.html,complete,47.9,72.6
www.ironhacks.com,www.ironhacks.com,http://www.ironhacks.com/preview/DaniCastel/webapp_phase4/index.html,http://www.ironhacks.com/preview/csalfonsol/webapp_phase4/index.html,complete,41.4,86.1
www.ironhacks.com,www.ironhacks.com,http://www.ironhacks.com/preview/DaniCastel/webapp_phase4/index.html,http://www.ironhacks.com/preview/daapinzonch/webapp_phase4/index.html,complete,61.4,85.8
www.ironhacks.com,www.ironhacks.com,http://www.ironhacks.com/preview/DaniCastel/webapp_phase4/index.html,http://www.ironhacks.com/preview/dcastanedar/webapp_phase4/index.html,complete,53.3,88.4
www.ironhacks.com,www.ironhacks.com,http://www.ironhacks.com/preview/DaniCastel/webapp_phase4/index.html,http://www.ironhacks.com/preview/dieguischa/webapp_phase4/index.html,complete,49.1,100.0
www.ironhacks.com,www.ironhacks.com,http://www.ironhacks.com/preview/DaniCastel/webapp_phase4/index.html,http://www.ironhacks.com/preview/jaasuarezvi/webapp_phase4/index.html,complete,49.1,100.0
www.ironhacks.com,www.ironhacks.com,http://www.ironhacks.com/preview/DaniCastel/webapp_phase4/index.html,http://www.ironhacks.com/preview/jdsolanos/webapp_phase4/index.html,complete,42.3,68.0
www.ironhacks.com,www.ironhacks.com,http://www.ironhacks.com/preview/DaniCastel/webapp_phase4/index.html,http://www.ironhacks.com/preview/tres-xxx/webapp_phase4/index.html,complete,49.1,100.0
www.ironhacks.com,www.ironhacks.com,http://www.ironhacks.com/preview/DaniCastel/webapp_phase4/index.html,http://www.ironhacks.com/preview/trickyjuggler/webapp_phase4/index.html,complete,81.4,91.7
www.ironhacks.com,www.ironhacks.com,http://www.ironhacks.com/preview/DaveValencia/webapp_phase4/index.html,http://www.ironhacks.com/preview/JorgeTorresC/webapp_phase4/index.html,complete,47.5,100.0
www.ironhacks.com,www.ironhacks.com,http://www.ironhacks.com/preview/DaveValencia/webapp_phase4/index.html,http://www.ironhacks.com/preview/Orloffyeah/webapp_phase4/index.html,complete,65.8,100.0
www.ironhacks.com,www.ironhacks.com,http://www.ironhacks.com/preview/DaveValencia/webapp_phase4/index.html,http://www.ironhacks.com/preview/Saariasba/webapp_phase4/index.html,complete,100.0,100.0
www.ironhacks.com,www.ironhacks.com,http://www.ironhacks.com/preview/DaveValencia/webapp_phase4/index.html,http://www.ironhacks.com/preview/SergioLopez40/webapp_phase4/index.html,complete,65.8,100.0
www.ironhacks.com,www.ironhacks.com,http://www.ironhacks.com/preview/DaveValencia/webapp_phase4/index.html,http://www.ironhacks.com/preview/alejosaur/webapp_phase4/index.html,complete,45.6,100.0
www.ironhacks.com,www.ironhacks.com,http://www.ironhacks.com/preview/DaveValencia/webapp_phase4/index.html,http://www.ironhacks.com/preview/anythinglord/webapp_phase4/index.html,complete,3.0,100.0
www.ironhacks.com,www.ironhacks.com,http://www.ironhacks.com/preview/DaveValencia/webapp_phase4/index.html,http://www.ironhacks.com/preview/buendiagon/webapp_phase4/index.html,complete,100.0,100.0
www.ironhacks.com,www.ironhacks.com,http://www.ironhacks.com/preview/DaveValencia/webapp_phase4/index.html,http://www.ironhacks.com/preview/cglaitong/webapp_phase4/index.html,complete,65.8,100.0
www.ironhacks.com,www.ironhacks.com,http://www.ironhacks.com/preview/DaveValencia/webapp_phase4/index.html,http://www.ironhacks.com/preview/criscapunal/webapp_phase4/index.html,complete,44.0,100.0
www.ironhacks.com,www.ironhacks.com,http://www.ironhacks.com/preview/DaveValencia/webapp_phase4/index.html,http://www.ironhacks.com/preview/csalfonsol/webapp_phase4/index.html,complete,49.0,100.0
www.ironhacks.com,www.ironhacks.com,http://www.ironhacks.com/preview/DaveValencia/webapp_phase4/index.html,http://www.ironhacks.com/preview/daapinzonch/webapp_phase4/index.html,complete,59.9,100.0
www.ironhacks.com,www.ironhacks.com,http://www.ironhacks.com/preview/DaveValencia/webapp_phase4/index.html,http://www.ironhacks.com/preview/dcastanedar/webapp_phase4/index.html,complete,65.8,100.0
www.ironhacks.com,www.ironhacks.com,http://www.ironhacks.com/preview/DaveValencia/webapp_phase4/index.html,http://www.ironhacks.com/preview/dieguischa/webapp_phase4/index.html,complete,100.0,100.0
www.ironhacks.com,www.ironhacks.com,http://www.ironhacks.com/preview/DaveValencia/webapp_phase4/index.html,http://www.ironhacks.com/preview/jaasuarezvi/webapp_phase4/index.html,complete,100.0,100.0
www.ironhacks.com,www.ironhacks.com,http://www.ironhacks.com/preview/DaveValencia/webapp_phase4/index.html,http://www.ironhacks.com/preview/jdsolanos/webapp_phase4/index.html,complete,33.7,100.0
www.ironhacks.com,www.ironhacks.com,http://www.ironhacks.com/preview/DaveValencia/webapp_phase4/index.html,http://www.ironhacks.com/preview/tres-xxx/webapp_phase4/index.html,complete,100.0,100.0
www.ironhacks.com,www.ironhacks.com,http://www.ironhacks.com/preview/DaveValencia/webapp_phase4/index.html,http://www.ironhacks.com/preview/trickyjuggler/webapp_phase4/index.html,complete,63.3,100.0
www.ironhacks.com,www.ironhacks.com,http://www.ironhacks.com/preview/JorgeTorresC/webapp_phase4/index.html,http://www.ironhacks.com/preview/Orloffyeah/webapp_phase4/index.html,complete,75.5,100.0
www.ironhacks.com,www.ironhacks.com,http://www.ironhacks.com/preview/JorgeTorresC/webapp_phase4/index.html,http://www.ironhacks.com/preview/Saariasba/webapp_phase4/index.html,complete,47.5,100.0
www.ironhacks.com,www.ironhacks.com,http://www.ironhacks.com/preview/JorgeTorresC/webapp_phase4/index.html,http://www.ironhacks.com/preview/SergioLopez40/webapp_phase4/index.html,complete,30.9,84.0
www.ironhacks.com,www.ironhacks.com,http://www.ironhacks.com/preview/JorgeTorresC/webapp_phase4/index.html,http://www.ironhacks.com/preview/alejosaur/webapp_phase4/index.html,complete,83.3,73.3
www.ironhacks.com,www.ironhacks.com,http://www.ironhacks.com/preview/JorgeTorresC/webapp_phase4/index.html,http://www.ironhacks.com/preview/anythinglord/webapp_phase4/index.html,complete,21.2,66.8
www.ironhacks.com,www.ironhacks.com,http://www.ironhacks.com/preview/JorgeTorresC/webapp_phase4/index.html,http://www.ironhacks.com/preview/buendiagon/webapp_phase4/index.html,complete,47.5,100.0
www.ironhacks.com,www.ironhacks.com,http://www.ironhacks.com/preview/JorgeTorresC/webapp_phase4/index.html,http://www.ironhacks.com/preview/cglaitong/webapp_phase4/index.html,complete,65.9,91.7
www.ironhacks.com,www.ironhacks.com,http://www.ironhacks.com/preview/JorgeTorresC/webapp_phase4/index.html,http://www.ironhacks.com/preview/criscapunal/webapp_phase4/index.html,complete,49.8,66.9
www.ironhacks.com,www.ironhacks.com,http://www.ironhacks.com/preview/JorgeTorresC/webapp_phase4/index.html,http://www.ironhacks.com/preview/csalfonsol/webapp_phase4/index.html,complete,72.3,81.0
www.ironhacks.com,www.ironhacks.com,http://www.ironhacks.com/preview/JorgeTorresC/webapp_phase4/index.html,http://www.ironhacks.com/preview/daapinzonch/webapp_phase4/index.html,complete,42.4,93.9
www.ironhacks.com,www.ironhacks.com,http://www.ironhacks.com/preview/JorgeTorresC/webapp_phase4/index.html,http://www.ironhacks.com/preview/dcastanedar/webapp_phase4/index.html,complete,31.6,83.9
www.ironhacks.com,www.ironhacks.com,http://www.ironhacks.com/preview/JorgeTorresC/webapp_phase4/index.html,http://www.ironhacks.com/preview/dieguischa/webapp_phase4/index.html,complete,47.5,100.0
www.ironhacks.com,www.ironhacks.com,http://www.ironhacks.com/preview/JorgeTorresC/webapp_phase4/index.html,http://www.ironhacks.com/preview/jaasuarezvi/webapp_phase4/index.html,complete,47.5,100.0
www.ironhacks.com,www.ironhacks.com,http://www.ironhacks.com/preview/JorgeTorresC/webapp_phase4/index.html,http://www.ironhacks.com/preview/jdsolanos/webapp_phase4/index.html,complete,33.1,100.0
www.ironhacks.com,www.ironhacks.com,http://www.ironhacks.com/preview/JorgeTorresC/webapp_phase4/index.html,http://www.ironhacks.com/preview/tres-xxx/webapp_phase4/index.html,complete,47.5,100.0
www.ironhacks.com,www.ironhacks.com,http://www.ironhacks.com/preview/JorgeTorresC/webapp_phase4/index.html,http://www.ironhacks.com/preview/trickyjuggler/webapp_phase4/index.html,complete,83.0,93.7
www.ironhacks.com,www.ironhacks.com,http://www.ironhacks.com/preview/Orloffyeah/webapp_phase4/index.html,http://www.ironhacks.com/preview/Saariasba/webapp_phase4/index.html,complete,65.8,100.0
www.ironhacks.com,www.ironhacks.com,http://www.ironhacks.com/preview/Orloffyeah/webapp_phase4/index.html,http://www.ironhacks.com/preview/SergioLopez40/webapp_phase4/index.html,complete,81.6,85.2
www.ironhacks.com,www.ironhacks.com,http://www.ironhacks.com/preview/Orloffyeah/webapp_phase4/index.html,http://www.ironhacks.com/preview/alejosaur/webapp_phase4/index.html,complete,91.4,75.1
www.ironhacks.com,www.ironhacks.com,http://www.ironhacks.com/preview/Orloffyeah/webapp_phase4/index.html,http://www.ironhacks.com/preview/anythinglord/webapp_phase4/index.html,complete,33.5,67.0
www.ironhacks.com,www.ironhacks.com,http://www.ironhacks.com/preview/Orloffyeah/webapp_phase4/index.html,http://www.ironhacks.com/preview/buendiagon/webapp_phase4/index.html,complete,65.8,100.0
www.ironhacks.com,www.ironhacks.com,http://www.ironhacks.com/preview/Orloffyeah/webapp_phase4/index.html,http://www.ironhacks.com/preview/cglaitong/webapp_phase4/index.html,complete,66.8,95.7
www.ironhacks.com,www.ironhacks.com,http://www.ironhacks.com/preview/Orloffyeah/webapp_phase4/index.html,http://www.ironhacks.com/preview/criscapunal/webapp_phase4/index.html,complete,68.1,85.0
www.ironhacks.com,www.ironhacks.com,http://www.ironhacks.com/preview/Orloffyeah/webapp_phase4/index.html,http://www.ironhacks.com/preview/csalfonsol/webapp_phase4/index.html,complete,73.1,89.7
www.ironhacks.com,www.ironhacks.com,http://www.ironhacks.com/preview/Orloffyeah/webapp_phase4/index.html,http://www.ironhacks.com/preview/daapinzonch/webapp_phase4/index.html,complete,86.2,100.0
www.ironhacks.com,www.ironhacks.com,http://www.ironhacks.com/preview/Orloffyeah/webapp_phase4/index.html,http://www.ironhacks.com/preview/dcastanedar/webapp_phase4/index.html,complete,86.2,96.0
www.ironhacks.com,www.ironhacks.com,http://www.ironhacks.com/preview/Orloffyeah/webapp_phase4/index.html,http://www.ironhacks.com/preview/dieguischa/webapp_phase4/index.html,complete,65.8,100.0
www.ironhacks.com,www.ironhacks.com,http://www.ironhacks.com/preview/Orloffyeah/webapp_phase4/index.html,http://www.ironhacks.com/preview/jaasuarezvi/webapp_phase4/index.html,complete,65.8,100.0
www.ironhacks.com,www.ironhacks.com,http://www.ironhacks.com/preview/Orloffyeah/webapp_phase4/index.html,http://www.ironhacks.com/preview/jdsolanos/webapp_phase4/index.html,complete,83.9,68.9
www.ironhacks.com,www.ironhacks.com,http://www.ironhacks.com/preview/Orloffyeah/webapp_phase4/index.html,http://www.ironhacks.com/preview/tres-xxx/webapp_phase4/index.html,complete,65.8,100.0
www.ironhacks.com,www.ironhacks.com,http://www.ironhacks.com/preview/Orloffyeah/webapp_phase4/index.html,http://www.ironhacks.com/preview/trickyjuggler/webapp_phase4/index.html,complete,90.3,95.1
www.ironhacks.com,www.ironhacks.com,http://www.ironhacks.com/preview/Saariasba/webapp_phase4/index.html,http://www.ironhacks.com/preview/SergioLopez40/webapp_phase4/index.html,complete,65.8,100.0
www.ironhacks.com,www.ironhacks.com,http://www.ironhacks.com/preview/Saariasba/webapp_phase4/index.html,http://www.ironhacks.com/preview/alejosaur/webapp_phase4/index.html,complete,45.6,100.0
www.ironhacks.com,www.ironhacks.com,http://www.ironhacks.com/preview/Saariasba/webapp_phase4/index.html,http://www.ironhacks.com/preview/anythinglord/webapp_phase4/index.html,complete,3.0,100.0
www.ironhacks.com,www.ironhacks.com,http://www.ironhacks.com/preview/Saariasba/webapp_phase4/index.html,http://www.ironhacks.com/preview/buendiagon/webapp_phase4/index.html,complete,100.0,100.0
www.ironhacks.com,www.ironhacks.com,http://www.ironhacks.com/preview/Saariasba/webapp_phase4/index.html,http://www.ironhacks.com/preview/cglaitong/webapp_phase4/index.html,complete,65.8,100.0
www.ironhacks.com,www.ironhacks.com,http://www.ironhacks.com/preview/Saariasba/webapp_phase4/index.html,http://www.ironhacks.com/preview/criscapunal/webapp_phase4/index.html,complete,44.0,100.0
www.ironhacks.com,www.ironhacks.com,http://www.ironhacks.com/preview/Saariasba/webapp_phase4/index.html,http://www.ironhacks.com/preview/csalfonsol/webapp_phase4/index.html,complete,49.0,100.0
www.ironhacks.com,www.ironhacks.com,http://www.ironhacks.com/preview/Saariasba/webapp_phase4/index.html,http://www.ironhacks.com/preview/daapinzonch/webapp_phase4/index.html,complete,59.9,100.0
www.ironhacks.com,www.ironhacks.com,http://www.ironhacks.com/preview/Saariasba/webapp_phase4/index.html,http://www.ironhacks.com/preview/dcastanedar/webapp_phase4/index.html,complete,65.8,100.0
www.ironhacks.com,www.ironhacks.com,http://www.ironhacks.com/preview/Saariasba/webapp_phase4/index.html,http://www.ironhacks.com/preview/dieguischa/webapp_phase4/index.html,complete,100.0,100.0
www.ironhacks.com,www.ironhacks.com,http://www.ironhacks.com/preview/Saariasba/webapp_phase4/index.html,http://www.ironhacks.com/preview/jaasuarezvi/webapp_phase4/index.html,complete,100.0,100.0
www.ironhacks.com,www.ironhacks.com,http://www.ironhacks.com/preview/Saariasba/webapp_phase4/index.html,http://www.ironhacks.com/preview/jdsolanos/webapp_phase4/index.html,complete,33.7,100.0
www.ironhacks.com,www.ironhacks.com,http://www.ironhacks.com/preview/Saariasba/webapp_phase4/index.html,http://www.ironhacks.com/preview/tres-xxx/webapp_phase4/index.html,complete,100.0,100.0
www.ironhacks.com,www.ironhacks.com,http://www.ironhacks.com/preview/Saariasba/webapp_phase4/index.html,http://www.ironhacks.com/preview/trickyjuggler/webapp_phase4/index.html,complete,63.3,100.0
www.ironhacks.com,www.ironhacks.com,http://www.ironhacks.com/preview/SergioLopez40/webapp_phase4/index.html,http://www.ironhacks.com/preview/alejosaur/webapp_phase4/index.html,complete,52.6,67.1
www.ironhacks.com,www.ironhacks.com,http://www.ironhacks.com/preview/SergioLopez40/webapp_phase4/index.html,http://www.ironhacks.com/preview/anythinglord/webapp_phase4/index.html,complete,27.5,100.0
www.ironhacks.com,www.ironhacks.com,http://www.ironhacks.com/preview/SergioLopez40/webapp_phase4/index.html,http://www.ironhacks.com/preview/buendiagon/webapp_phase4/index.html,complete,65.8,100.0
www.ironhacks.com,www.ironhacks.com,http://www.ironhacks.com/preview/SergioLopez40/webapp_phase4/index.html,http://www.ironhacks.com/preview/cglaitong/webapp_phase4/index.html,complete,35.8,80.4
www.ironhacks.com,www.ironhacks.com,http://www.ironhacks.com/preview/SergioLopez40/webapp_phase4/index.html,http://www.ironhacks.com/preview/criscapunal/webapp_phase4/index.html,complete,71.4,62.1
www.ironhacks.com,www.ironhacks.com,http://www.ironhacks.com/preview/SergioLopez40/webapp_phase4/index.html,http://www.ironhacks.com/preview/csalfonsol/webapp_phase4/index.html,complete,31.0,75.7
www.ironhacks.com,www.ironhacks.com,http://www.ironhacks.com/preview/SergioLopez40/webapp_phase4/index.html,http://www.ironhacks.com/preview/daapinzonch/webapp_phase4/index.html,complete,47.8,77.3
www.ironhacks.com,www.ironhacks.com,http://www.ironhacks.com/preview/SergioLopez40/webapp_phase4/index.html,http://www.ironhacks.com/preview/dcastanedar/webapp_phase4/index.html,complete,35.7,100.0
www.ironhacks.com,www.ironhacks.com,http://www.ironhacks.com/preview/SergioLopez40/webapp_phase4/index.html,http://www.ironhacks.com/preview/dieguischa/webapp_phase4/index.html,complete,65.8,100.0
www.ironhacks.com,www.ironhacks.com,http://www.ironhacks.com/preview/SergioLopez40/webapp_phase4/index.html,http://www.ironhacks.com/preview/jaasuarezvi/webapp_phase4/index.html,complete,65.8,100.0
www.ironhacks.com,www.ironhacks.com,http://www.ironhacks.com/preview/SergioLopez40/webapp_phase4/index.html,http://www.ironhacks.com/preview/jdsolanos/webapp_phase4/index.html,complete,29.4,61.4
www.ironhacks.com,www.ironhacks.com,http://www.ironhacks.com/preview/SergioLopez40/webapp_phase4/index.html,http://www.ironhacks.com/preview/tres-xxx/webapp_phase4/index.html,complete,65.8,100.0
www.ironhacks.com,www.ironhacks.com,http://www.ironhacks.com/preview/SergioLopez40/webapp_phase4/index.html,http://www.ironhacks.com/preview/trickyjuggler/webapp_phase4/index.html,complete,51.3,78.4
www.ironhacks.com,www.ironhacks.com,http://www.ironhacks.com/preview/alejosaur/webapp_phase4/index.html,http://www.ironhacks.com/preview/anythinglord/webapp_phase4/index.html,complete,29.9,56.7
www.ironhacks.com,www.ironhacks.com,http://www.ironhacks.com/preview/alejosaur/webapp_phase4/index.html,http://www.ironhacks.com/preview/buendiagon/webapp_phase4/index.html,complete,45.6,100.0
www.ironhacks.com,www.ironhacks.com,http://www.ironhacks.com/preview/alejosaur/webapp_phase4/index.html,http://www.ironhacks.com/preview/cglaitong/webapp_phase4/index.html,complete,75.1,68.9
www.ironhacks.com,www.ironhacks.com,http://www.ironhacks.com/preview/alejosaur/webapp_phase4/index.html,http://www.ironhacks.com/preview/criscapunal/webapp_phase4/index.html,complete,71.1,60.7
www.ironhacks.com,www.ironhacks.com,http://www.ironhacks.com/preview/alejosaur/webapp_phase4/index.html,http://www.ironhacks.com/preview/csalfonsol/webapp_phase4/index.html,complete,81.2,64.0
www.ironhacks.com,www.ironhacks.com,http://www.ironhacks.com/preview/alejosaur/webapp_phase4/index.html,http://www.ironhacks.com/preview/daapinzonch/webapp_phase4/index.html,complete,74.0,70.4
www.ironhacks.com,www.ironhacks.com,http://www.ironhacks.com/preview/alejosaur/webapp_phase4/index.html,http://www.ironhacks.com/preview/dcastanedar/webapp_phase4/index.html,complete,66.1,66.4
www.ironhacks.com,www.ironhacks.com,http://www.ironhacks.com/preview/alejosaur/webapp_phase4/index.html,http://www.ironhacks.com/preview/dieguischa/webapp_phase4/index.html,complete,45.6,100.0
www.ironhacks.com,www.ironhacks.com,http://www.ironhacks.com/preview/alejosaur/webapp_phase4/index.html,http://www.ironhacks.com/preview/jaasuarezvi/webapp_phase4/index.html,complete,45.6,100.0
www.ironhacks.com,www.ironhacks.com,http://www.ironhacks.com/preview/alejosaur/webapp_phase4/index.html,http://www.ironhacks.com/preview/jdsolanos/webapp_phase4/index.html,complete,52.0,64.7
www.ironhacks.com,www.ironhacks.com,http://www.ironhacks.com/preview/alejosaur/webapp_phase4/index.html,http://www.ironhacks.com/preview/tres-xxx/webapp_phase4/index.html,complete,45.6,100.0
www.ironhacks.com,www.ironhacks.com,http://www.ironhacks.com/preview/alejosaur/webapp_phase4/index.html,http://www.ironhacks.com/preview/trickyjuggler/webapp_phase4/index.html,complete,97.5,70.6
www.ironhacks.com,www.ironhacks.com,http://www.ironhacks.com/preview/anythinglord/webapp_phase4/index.html,http://www.ironhacks.com/preview/buendiagon/webapp_phase4/index.html,complete,3.0,100.0
www.ironhacks.com,www.ironhacks.com,http://www.ironhacks.com/preview/anythinglord/webapp_phase4/index.html,http://www.ironhacks.com/preview/cglaitong/webapp_phase4/index.html,complete,19.8,64.3
www.ironhacks.com,www.ironhacks.com,http://www.ironhacks.com/preview/anythinglord/webapp_phase4/index.html,http://www.ironhacks.com/preview/criscapunal/webapp_phase4/index.html,complete,9.7,48.9
www.ironhacks.com,www.ironhacks.com,http://www.ironhacks.com/preview/anythinglord/webapp_phase4/index.html,http://www.ironhacks.com/preview/csalfonsol/webapp_phase4/index.html,complete,20.7,61.6
www.ironhacks.com,www.ironhacks.com,http://www.ironhacks.com/preview/anythinglord/webapp_phase4/index.html,http://www.ironhacks.com/preview/daapinzonch/webapp_phase4/index.html,complete,40.4,65.3
www.ironhacks.com,www.ironhacks.com,http://www.ironhacks.com/preview/anythinglord/webapp_phase4/index.html,http://www.ironhacks.com/preview/dcastanedar/webapp_phase4/index.html,complete,43.7,100.0
www.ironhacks.com,www.ironhacks.com,http://www.ironhacks.com/preview/anythinglord/webapp_phase4/index.html,http://www.ironhacks.com/preview/dieguischa/webapp_phase4/index.html,complete,3.0,100.0
www.ironhacks.com,www.ironhacks.com,http://www.ironhacks.com/preview/anythinglord/webapp_phase4/index.html,http://www.ironhacks.com/preview/jaasuarezvi/webapp_phase4/index.html,complete,3.0,100.0
www.ironhacks.com,www.ironhacks.com,http://www.ironhacks.com/preview/anythinglord/webapp_phase4/index.html,http://www.ironhacks.com/preview/jdsolanos/webapp_phase4/index.html,complete,28.8,56.0
www.ironhacks.com,www.ironhacks.com,http://www.ironhacks.com/preview/anythinglord/webapp_phase4/index.html,http://www.ironhacks.com/preview/tres-xxx/webapp_phase4/index.html,complete,3.0,100.0
www.ironhacks.com,www.ironhacks.com,http://www.ironhacks.com/preview/anythinglord/webapp_phase4/index.html,http://www.ironhacks.com/preview/trickyjuggler/webapp_phase4/index.html,complete,29.5,68.6
www.ironhacks.com,www.ironhacks.com,http://www.ironhacks.com/preview/buendiagon/webapp_phase4/index.html,http://www.ironhacks.com/preview/cglaitong/webapp_phase4/index.html,complete,65.8,100.0
www.ironhacks.com,www.ironhacks.com,http://www.ironhacks.com/preview/buendiagon/webapp_phase4/index.html,http://www.ironhacks.com/preview/criscapunal/webapp_phase4/index.html,complete,44.0,100.0
www.ironhacks.com,www.ironhacks.com,http://www.ironhacks.com/preview/buendiagon/webapp_phase4/index.html,http://www.ironhacks.com/preview/csalfonsol/webapp_phase4/index.html,complete,49.0,100.0
www.ironhacks.com,www.ironhacks.com,http://www.ironhacks.com/preview/buendiagon/webapp_phase4/index.html,http://www.ironhacks.com/preview/daapinzonch/webapp_phase4/index.html,complete,59.9,100.0
www.ironhacks.com,www.ironhacks.com,http://www.ironhacks.com/preview/buendiagon/webapp_phase4/index.html,http://www.ironhacks.com/preview/dcastanedar/webapp_phase4/index.html,complete,65.8,100.0
www.ironhacks.com,www.ironhacks.com,http://www.ironhacks.com/preview/buendiagon/webapp_phase4/index.html,http://www.ironhacks.com/preview/dieguischa/webapp_phase4/index.html,complete,100.0,100.0
www.ironhacks.com,www.ironhacks.com,http://www.ironhacks.com/preview/buendiagon/webapp_phase4/index.html,http://www.ironhacks.com/preview/jaasuarezvi/webapp_phase4/index.html,complete,100.0,100.0
www.ironhacks.com,www.ironhacks.com,http://www.ironhacks.com/preview/buendiagon/webapp_phase4/index.html,http://www.ironhacks.com/preview/jdsolanos/webapp_phase4/index.html,complete,33.7,100.0
www.ironhacks.com,www.ironhacks.com,http://www.ironhacks.com/preview/buendiagon/webapp_phase4/index.html,http://www.ironhacks.com/preview/tres-xxx/webapp_phase4/index.html,complete,100.0,100.0
www.ironhacks.com,www.ironhacks.com,http://www.ironhacks.com/preview/buendiagon/webapp_phase4/index.html,http://www.ironhacks.com/preview/trickyjuggler/webapp_phase4/index.html,complete,63.3,100.0
www.ironhacks.com,www.ironhacks.com,http://www.ironhacks.com/preview/cglaitong/webapp_phase4/index.html,http://www.ironhacks.com/preview/criscapunal/webapp_phase4/index.html,complete,75.6,72.5
www.ironhacks.com,www.ironhacks.com,http://www.ironhacks.com/preview/cglaitong/webapp_phase4/index.html,http://www.ironhacks.com/preview/csalfonsol/webapp_phase4/index.html,complete,65.6,89.0
www.ironhacks.com,www.ironhacks.com,http://www.ironhacks.com/preview/cglaitong/webapp_phase4/index.html,http://www.ironhacks.com/preview/daapinzonch/webapp_phase4/index.html,complete,45.4,86.2
www.ironhacks.com,www.ironhacks.com,http://www.ironhacks.com/preview/cglaitong/webapp_phase4/index.html,http://www.ironhacks.com/preview/dcastanedar/webapp_phase4/index.html,complete,46.9,87.8
www.ironhacks.com,www.ironhacks.com,http://www.ironhacks.com/preview/cglaitong/webapp_phase4/index.html,http://www.ironhacks.com/preview/dieguischa/webapp_phase4/index.html,complete,65.8,100.0
www.ironhacks.com,www.ironhacks.com,http://www.ironhacks.com/preview/cglaitong/webapp_phase4/index.html,http://www.ironhacks.com/preview/jaasuarezvi/webapp_phase4/index.html,complete,65.8,100.0
www.ironhacks.com,www.ironhacks.com,http://www.ironhacks.com/preview/cglaitong/webapp_phase4/index.html,http://www.ironhacks.com/preview/jdsolanos/webapp_phase4/index.html,complete,37.6,76.3
www.ironhacks.com,www.ironhacks.com,http://www.ironhacks.com/preview/cglaitong/webapp_phase4/index.html,http://www.ironhacks.com/preview/tres-xxx/webapp_phase4/index.html,complete,65.8,100.0
www.ironhacks.com,www.ironhacks.com,http://www.ironhacks.com/preview/cglaitong/webapp_phase4/index.html,http://www.ironhacks.com/preview/trickyjuggler/webapp_phase4/index.html,complete,75.4,84.3
www.ironhacks.com,www.ironhacks.com,http://www.ironhacks.com/preview/criscapunal/webapp_phase4/index.html,http://www.ironhacks.com/preview/csalfonsol/webapp_phase4/index.html,complete,53.1,69.5
www.ironhacks.com,www.ironhacks.com,http://www.ironhacks.com/preview/criscapunal/webapp_phase4/index.html,http://www.ironhacks.com/preview/daapinzonch/webapp_phase4/index.html,complete,63.6,67.5
www.ironhacks.com,www.ironhacks.com,http://www.ironhacks.com/preview/criscapunal/webapp_phase4/index.html,http://www.ironhacks.com/preview/dcastanedar/webapp_phase4/index.html,complete,70.6,87.0
www.ironhacks.com,www.ironhacks.com,http://www.ironhacks.com/preview/criscapunal/webapp_phase4/index.html,http://www.ironhacks.com/preview/dieguischa/webapp_phase4/index.html,complete,44.0,100.0
www.ironhacks.com,www.ironhacks.com,http://www.ironhacks.com/preview/criscapunal/webapp_phase4/index.html,http://www.ironhacks.com/preview/jaasuarezvi/webapp_phase4/index.html,complete,44.0,100.0
www.ironhacks.com,www.ironhacks.com,http://www.ironhacks.com/preview/criscapunal/webapp_phase4/index.html,http://www.ironhacks.com/preview/jdsolanos/webapp_phase4/index.html,complete,61.0,52.1
www.ironhacks.com,www.ironhacks.com,http://www.ironhacks.com/preview/criscapunal/webapp_phase4/index.html,http://www.ironhacks.com/preview/tres-xxx/webapp_phase4/index.html,complete,44.0,100.0
www.ironhacks.com,www.ironhacks.com,http://www.ironhacks.com/preview/criscapunal/webapp_phase4/index.html,http://www.ironhacks.com/preview/trickyjuggler/webapp_phase4/index.html,complete,73.6,70.8
www.ironhacks.com,www.ironhacks.com,http://www.ironhacks.com/preview/csalfonsol/webapp_phase4/index.html,http://www.ironhacks.com/preview/daapinzonch/webapp_phase4/index.html,complete,38.5,78.6
www.ironhacks.com,www.ironhacks.com,http://www.ironhacks.com/preview/csalfonsol/webapp_phase4/index.html,http://www.ironhacks.com/preview/dcastanedar/webapp_phase4/index.html,complete,34.5,72.9
www.ironhacks.com,www.ironhacks.com,http://www.ironhacks.com/preview/csalfonsol/webapp_phase4/index.html,http://www.ironhacks.com/preview/dieguischa/webapp_phase4/index.html,complete,49.0,100.0
www.ironhacks.com,www.ironhacks.com,http://www.ironhacks.com/preview/csalfonsol/webapp_phase4/index.html,http://www.ironhacks.com/preview/jaasuarezvi/webapp_phase4/index.html,complete,49.0,100.0
www.ironhacks.com,www.ironhacks.com,http://www.ironhacks.com/preview/csalfonsol/webapp_phase4/index.html,http://www.ironhacks.com/preview/jdsolanos/webapp_phase4/index.html,complete,26.0,56.8
www.ironhacks.com,www.ironhacks.com,http://www.ironhacks.com/preview/csalfonsol/webapp_phase4/index.html,http://www.ironhacks.com/preview/tres-xxx/webapp_phase4/index.html,complete,49.0,100.0
www.ironhacks.com,www.ironhacks.com,http://www.ironhacks.com/preview/csalfonsol/webapp_phase4/index.html,http://www.ironhacks.com/preview/trickyjuggler/webapp_phase4/index.html,complete,48.4,92.0
www.ironhacks.com,www.ironhacks.com,http://www.ironhacks.com/preview/daapinzonch/webapp_phase4/index.html,http://www.ironhacks.com/preview/dcastanedar/webapp_phase4/index.html,complete,51.2,84.7
www.ironhacks.com,www.ironhacks.com,http://www.ironhacks.com/preview/daapinzonch/webapp_phase4/index.html,http://www.ironhacks.com/preview/dieguischa/webapp_phase4/index.html,complete,59.9,100.0
www.ironhacks.com,www.ironhacks.com,http://www.ironhacks.com/preview/daapinzonch/webapp_phase4/index.html,http://www.ironhacks.com/preview/jaasuarezvi/webapp_phase4/index.html,complete,59.9,100.0
www.ironhacks.com,www.ironhacks.com,http://www.ironhacks.com/preview/daapinzonch/webapp_phase4/index.html,http://www.ironhacks.com/preview/jdsolanos/webapp_phase4/index.html,complete,42.8,67.5
www.ironhacks.com,www.ironhacks.com,http://www.ironhacks.com/preview/daapinzonch/webapp_phase4/index.html,http://www.ironhacks.com/preview/tres-xxx/webapp_phase4/index.html,complete,59.9,100.0
www.ironhacks.com,www.ironhacks.com,http://www.ironhacks.com/preview/daapinzonch/webapp_phase4/index.html,http://www.ironhacks.com/preview/trickyjuggler/webapp_phase4/index.html,complete,71.8,83.2
www.ironhacks.com,www.ironhacks.com,http://www.ironhacks.com/preview/dcastanedar/webapp_phase4/index.html,http://www.ironhacks.com/preview/dieguischa/webapp_phase4/index.html,complete,65.8,100.0
www.ironhacks.com,www.ironhacks.com,http://www.ironhacks.com/preview/dcastanedar/webapp_phase4/index.html,http://www.ironhacks.com/preview/jaasuarezvi/webapp_phase4/index.html,complete,65.8,100.0
www.ironhacks.com,www.ironhacks.com,http://www.ironhacks.com/preview/dcastanedar/webapp_phase4/index.html,http://www.ironhacks.com/preview/jdsolanos/webapp_phase4/index.html,complete,37.8,72.5
www.ironhacks.com,www.ironhacks.com,http://www.ironhacks.com/preview/dcastanedar/webapp_phase4/index.html,http://www.ironhacks.com/preview/tres-xxx/webapp_phase4/index.html,complete,65.8,100.0
www.ironhacks.com,www.ironhacks.com,http://www.ironhacks.com/preview/dcastanedar/webapp_phase4/index.html,http://www.ironhacks.com/preview/trickyjuggler/webapp_phase4/index.html,complete,65.9,79.4
www.ironhacks.com,www.ironhacks.com,http://www.ironhacks.com/preview/dieguischa/webapp_phase4/index.html,http://www.ironhacks.com/preview/jaasuarezvi/webapp_phase4/index.html,complete,100.0,100.0
www.ironhacks.com,www.ironhacks.com,http://www.ironhacks.com/preview/dieguischa/webapp_phase4/index.html,http://www.ironhacks.com/preview/jdsolanos/webapp_phase4/index.html,complete,33.7,100.0
www.ironhacks.com,www.ironhacks.com,http://www.ironhacks.com/preview/dieguischa/webapp_phase4/index.html,http://www.ironhacks.com/preview/tres-xxx/webapp_phase4/index.html,complete,100.0,100.0
www.ironhacks.com,www.ironhacks.com,http://www.ironhacks.com/preview/dieguischa/webapp_phase4/index.html,http://www.ironhacks.com/preview/trickyjuggler/webapp_phase4/index.html,complete,63.3,100.0
www.ironhacks.com,www.ironhacks.com,http://www.ironhacks.com/preview/jaasuarezvi/webapp_phase4/index.html,http://www.ironhacks.com/preview/jdsolanos/webapp_phase4/index.html,complete,33.7,100.0
www.ironhacks.com,www.ironhacks.com,http://www.ironhacks.com/preview/jaasuarezvi/webapp_phase4/index.html,http://www.ironhacks.com/preview/tres-xxx/webapp_phase4/index.html,complete,100.0,100.0
www.ironhacks.com,www.ironhacks.com,http://www.ironhacks.com/preview/jaasuarezvi/webapp_phase4/index.html,http://www.ironhacks.com/preview/trickyjuggler/webapp_phase4/index.html,complete,63.3,100.0
www.ironhacks.com,www.ironhacks.com,http://www.ironhacks.com/preview/jdsolanos/webapp_phase4/index.html,http://www.ironhacks.com/preview/tres-xxx/webapp_phase4/index.html,complete,33.7,100.0
www.ironhacks.com,www.ironhacks.com,http://www.ironhacks.com/preview/jdsolanos/webapp_phase4/index.html,http://www.ironhacks.com/preview/trickyjuggler/webapp_phase4/index.html,complete,50.8,76.1
www.ironhacks.com,www.ironhacks.com,http://www.ironhacks.com/preview/tres-xxx/webapp_phase4/index.html,http://www.ironhacks.com/preview/trickyjuggler/webapp_phase4/index.html,complete,63.3,100.0
www.ironhacks.com,www.ironhacks.com,http://www.ironhacks.com/preview/BrandonAvilanR/webapp_phase4/index.html,http://www.ironhacks.com/preview/DSFarfanF/webapp_phase4/index.html,simple,65.8,100.0
www.ironhacks.com,www.ironhacks.com,http://www.ironhacks.com/preview/BrandonAvilanR/webapp_phase4/index.html,http://www.ironhacks.com/preview/DaniCastel/webapp_phase4/index.html,simple,80.6,94.0
www.ironhacks.com,www.ironhacks.com,http://www.ironhacks.com/preview/BrandonAvilanR/webapp_phase4/index.html,http://www.ironhacks.com/preview/DaveValencia/webapp_phase4/index.html,simple,65.8,100.0
www.ironhacks.com,www.ironhacks.com,http://www.ironhacks.com/preview/BrandonAvilanR/webapp_phase4/index.html,http://www.ironhacks.com/preview/JorgeTorresC/webapp_phase4/index.html,simple,78.2,100.0
www.ironhacks.com,www.ironhacks.com,http://www.ironhacks.com/preview/BrandonAvilanR/webapp_phase4/index.html,http://www.ironhacks.com/preview/Orloffyeah/webapp_phase4/index.html,simple,74.8,96.6
www.ironhacks.com,www.ironhacks.com,http://www.ironhacks.com/preview/BrandonAvilanR/webapp_phase4/index.html,http://www.ironhacks.com/preview/Saariasba/webapp_phase4/index.html,simple,65.8,100.0
www.ironhacks.com,www.ironhacks.com,http://www.ironhacks.com/preview/BrandonAvilanR/webapp_phase4/index.html,http://www.ironhacks.com/preview/SergioLopez40/webapp_phase4/index.html,simple,85.5,95.0
www.ironhacks.com,www.ironhacks.com,http://www.ironhacks.com/preview/BrandonAvilanR/webapp_phase4/index.html,http://www.ironhacks.com/preview/alejosaur/webapp_phase4/index.html,simple,81.9,71.5
www.ironhacks.com,www.ironhacks.com,http://www.ironhacks.com/preview/BrandonAvilanR/webapp_phase4/index.html,http://www.ironhacks.com/preview/anythinglord/webapp_phase4/index.html,simple,21.5,67.5
www.ironhacks.com,www.ironhacks.com,http://www.ironhacks.com/preview/BrandonAvilanR/webapp_phase4/index.html,http://www.ironhacks.com/preview/buendiagon/webapp_phase4/index.html,simple,65.8,100.0
www.ironhacks.com,www.ironhacks.com,http://www.ironhacks.com/preview/BrandonAvilanR/webapp_phase4/index.html,http://www.ironhacks.com/preview/cglaitong/webapp_phase4/index.html,simple,70.2,95.7
www.ironhacks.com,www.ironhacks.com,http://www.ironhacks.com/preview/BrandonAvilanR/webapp_phase4/index.html,http://www.ironhacks.com/preview/criscapunal/webapp_phase4/index.html,simple,1.5,100.0
www.ironhacks.com,www.ironhacks.com,http://www.ironhacks.com/preview/BrandonAvilanR/webapp_phase4/index.html,http://www.ironhacks.com/preview/csalfonsol/webapp_phase4/index.html,simple,68.9,86.0
www.ironhacks.com,www.ironhacks.com,http://www.ironhacks.com/preview/BrandonAvilanR/webapp_phase4/index.html,http://www.ironhacks.com/preview/daapinzonch/webapp_phase4/index.html,simple,90.0,85.3
www.ironhacks.com,www.ironhacks.com,http://www.ironhacks.com/preview/BrandonAvilanR/webapp_phase4/index.html,http://www.ironhacks.com/preview/dcastanedar/webapp_phase4/index.html,simple,11.3,100.0
www.ironhacks.com,www.ironhacks.com,http://www.ironhacks.com/preview/BrandonAvilanR/webapp_phase4/index.html,http://www.ironhacks.com/preview/dieguischa/webapp_phase4/index.html,simple,65.8,100.0
www.ironhacks.com,www.ironhacks.com,http://www.ironhacks.com/preview/BrandonAvilanR/webapp_phase4/index.html,http://www.ironhacks.com/preview/jaasuarezvi/webapp_phase4/index.html,simple,65.8,100.0
www.ironhacks.com,www.ironhacks.com,http://www.ironhacks.com/preview/BrandonAvilanR/webapp_phase4/index.html,http://www.ironhacks.com/preview/jdsolanos/webapp_phase4/index.html,simple,92.1,83.4
www.ironhacks.com,www.ironhacks.com,http://www.ironhacks.com/preview/BrandonAvilanR/webapp_phase4/index.html,http://www.ironhacks.com/preview/tres-xxx/webapp_phase4/index.html,simple,65.8,100.0
www.ironhacks.com,www.ironhacks.com,http://www.ironhacks.com/preview/BrandonAvilanR/webapp_phase4/index.html,http://www.ironhacks.com/preview/trickyjuggler/webapp_phase4/index.html,simple,81.7,92.6
www.ironhacks.com,www.ironhacks.com,http://www.ironhacks.com/preview/DSFarfanF/webapp_phase4/index.html,http://www.ironhacks.com/preview/DaniCastel/webapp_phase4/index.html,simple,49.1,100.0
www.ironhacks.com,www.ironhacks.com,http://www.ironhacks.com/preview/DSFarfanF/webapp_phase4/index.html,http://www.ironhacks.com/preview/DaveValencia/webapp_phase4/index.html,simple,100.0,100.0
www.ironhacks.com,www.ironhacks.com,http://www.ironhacks.com/preview/DSFarfanF/webapp_phase4/index.html,http://www.ironhacks.com/preview/JorgeTorresC/webapp_phase4/index.html,simple,62.9,100.0
www.ironhacks.com,www.ironhacks.com,http://www.ironhacks.com/preview/DSFarfanF/webapp_phase4/index.html,http://www.ironhacks.com/preview/Orloffyeah/webapp_phase4/index.html,simple,65.8,100.0
www.ironhacks.com,www.ironhacks.com,http://www.ironhacks.com/preview/DSFarfanF/webapp_phase4/index.html,http://www.ironhacks.com/preview/Saariasba/webapp_phase4/index.html,simple,100.0,100.0
www.ironhacks.com,www.ironhacks.com,http://www.ironhacks.com/preview/DSFarfanF/webapp_phase4/index.html,http://www.ironhacks.com/preview/SergioLopez40/webapp_phase4/index.html,simple,65.8,100.0
www.ironhacks.com,www.ironhacks.com,http://www.ironhacks.com/preview/DSFarfanF/webapp_phase4/index.html,http://www.ironhacks.com/preview/alejosaur/webapp_phase4/index.html,simple,45.6,100.0
www.ironhacks.com,www.ironhacks.com,http://www.ironhacks.com/preview/DSFarfanF/webapp_phase4/index.html,http://www.ironhacks.com/preview/anythinglord/webapp_phase4/index.html,simple,3.0,100.0
www.ironhacks.com,www.ironhacks.com,http://www.ironhacks.com/preview/DSFarfanF/webapp_phase4/index.html,http://www.ironhacks.com/preview/buendiagon/webapp_phase4/index.html,simple,100.0,100.0
www.ironhacks.com,www.ironhacks.com,http://www.ironhacks.com/preview/DSFarfanF/webapp_phase4/index.html,http://www.ironhacks.com/preview/cglaitong/webapp_phase4/index.html,simple,65.8,100.0
www.ironhacks.com,www.ironhacks.com,http://www.ironhacks.com/preview/DSFarfanF/webapp_phase4/index.html,http://www.ironhacks.com/preview/criscapunal/webapp_phase4/index.html,simple,3.1,100.0
www.ironhacks.com,www.ironhacks.com,http://www.ironhacks.com/preview/DSFarfanF/webapp_phase4/index.html,http://www.ironhacks.com/preview/csalfonsol/webapp_phase4/index.html,simple,49.0,100.0
www.ironhacks.com,www.ironhacks.com,http://www.ironhacks.com/preview/DSFarfanF/webapp_phase4/index.html,http://www.ironhacks.com/preview/daapinzonch/webapp_phase4/index.html,simple,90.8,100.0
www.ironhacks.com,www.ironhacks.com,http://www.ironhacks.com/preview/DSFarfanF/webapp_phase4/index.html,http://www.ironhacks.com/preview/dcastanedar/webapp_phase4/index.html,simple,64.2,100.0
www.ironhacks.com,www.ironhacks.com,http://www.ironhacks.com/preview/DSFarfanF/webapp_phase4/index.html,http://www.ironhacks.com/preview/dieguischa/webapp_phase4/index.html,simple,100.0,100.0
www.ironhacks.com,www.ironhacks.com,http://www.ironhacks.com/preview/DSFarfanF/webapp_phase4/index.html,http://www.ironhacks.com/preview/jaasuarezvi/webapp_phase4/index.html,simple,100.0,100.0
www.ironhacks.com,www.ironhacks.com,http://www.ironhacks.com/preview/DSFarfanF/webapp_phase4/index.html,http://www.ironhacks.com/preview/jdsolanos/webapp_phase4/index.html,simple,33.7,100.0
www.ironhacks.com,www.ironhacks.com,http://www.ironhacks.com/preview/DSFarfanF/webapp_phase4/index.html,http://www.ironhacks.com/preview/tres-xxx/webapp_phase4/index.html,simple,100.0,100.0
www.ironhacks.com,www.ironhacks.com,http://www.ironhacks.com/preview/DSFarfanF/webapp_phase4/index.html,http://www.ironhacks.com/preview/trickyjuggler/webapp_phase4/index.html,simple,64.2,100.0
www.ironhacks.com,www.ironhacks.com,http://www.ironhacks.com/preview/DaniCastel/webapp_phase4/index.html,http://www.ironhacks.com/preview/DaveValencia/webapp_phase4/index.html,simple,49.1,100.0
www.ironhacks.com,www.ironhacks.com,http://www.ironhacks.com/preview/DaniCastel/webapp_phase4/index.html,http://www.ironhacks.com/preview/JorgeTorresC/webapp_phase4/index.html,simple,86.0,100.0
www.ironhacks.com,www.ironhacks.com,http://www.ironhacks.com/preview/DaniCastel/webapp_phase4/index.html,http://www.ironhacks.com/preview/Orloffyeah/webapp_phase4/index.html,simple,94.6,96.7
www.ironhacks.com,www.ironhacks.com,http://www.ironhacks.com/preview/DaniCastel/webapp_phase4/index.html,http://www.ironhacks.com/preview/Saariasba/webapp_phase4/index.html,simple,49.1,100.0
www.ironhacks.com,www.ironhacks.com,http://www.ironhacks.com/preview/DaniCastel/webapp_phase4/index.html,http://www.ironhacks.com/preview/SergioLopez40/webapp_phase4/index.html,simple,82.0,80.1
www.ironhacks.com,www.ironhacks.com,http://www.ironhacks.com/preview/DaniCastel/webapp_phase4/index.html,http://www.ironhacks.com/preview/alejosaur/webapp_phase4/index.html,simple,90.9,71.7
www.ironhacks.com,www.ironhacks.com,http://www.ironhacks.com/preview/DaniCastel/webapp_phase4/index.html,http://www.ironhacks.com/preview/anythinglord/webapp_phase4/index.html,simple,44.8,51.0
www.ironhacks.com,www.ironhacks.com,http://www.ironhacks.com/preview/DaniCastel/webapp_phase4/index.html,http://www.ironhacks.com/preview/buendiagon/webapp_phase4/index.html,simple,49.1,100.0
www.ironhacks.com,www.ironhacks.com,http://www.ironhacks.com/preview/DaniCastel/webapp_phase4/index.html,http://www.ironhacks.com/preview/cglaitong/webapp_phase4/index.html,simple,78.7,89.8
www.ironhacks.com,www.ironhacks.com,http://www.ironhacks.com/preview/DaniCastel/webapp_phase4/index.html,http://www.ironhacks.com/preview/criscapunal/webapp_phase4/index.html,simple,1.3,100.0
www.ironhacks.com,www.ironhacks.com,http://www.ironhacks.com/preview/DaniCastel/webapp_phase4/index.html,http://www.ironhacks.com/preview/csalfonsol/webapp_phase4/index.html,simple,53.9,73.8
www.ironhacks.com,www.ironhacks.com,http://www.ironhacks.com/preview/DaniCastel/webapp_phase4/index.html,http://www.ironhacks.com/preview/daapinzonch/webapp_phase4/index.html,simple,90.5,83.5
www.ironhacks.com,www.ironhacks.com,http://www.ironhacks.com/preview/DaniCastel/webapp_phase4/index.html,http://www.ironhacks.com/preview/dcastanedar/webapp_phase4/index.html,simple,10.6,100.0
www.ironhacks.com,www.ironhacks.com,http://www.ironhacks.com/preview/DaniCastel/webapp_phase4/index.html,http://www.ironhacks.com/preview/dieguischa/webapp_phase4/index.html,simple,49.1,100.0
www.ironhacks.com,www.ironhacks.com,http://www.ironhacks.com/preview/DaniCastel/webapp_phase4/index.html,http://www.ironhacks.com/preview/jaasuarezvi/webapp_phase4/index.html,simple,49.1,100.0
www.ironhacks.com,www.ironhacks.com,http://www.ironhacks.com/preview/DaniCastel/webapp_phase4/index.html,http://www.ironhacks.com/preview/jdsolanos/webapp_phase4/index.html,simple,83.1,87.5
www.ironhacks.com,www.ironhacks.com,http://www.ironhacks.com/preview/DaniCastel/webapp_phase4/index.html,http://www.ironhacks.com/preview/tres-xxx/webapp_phase4/index.html,simple,49.1,100.0
www.ironhacks.com,www.ironhacks.com,http://www.ironhacks.com/preview/DaniCastel/webapp_phase4/index.html,http://www.ironhacks.com/preview/trickyjuggler/webapp_phase4/index.html,simple,89.4,95.0
www.ironhacks.com,www.ironhacks.com,http://www.ironhacks.com/preview/DaveValencia/webapp_phase4/index.html,http://www.ironhacks.com/preview/JorgeTorresC/webapp_phase4/index.html,simple,62.9,100.0
www.ironhacks.com,www.ironhacks.com,http://www.ironhacks.com/preview/DaveValencia/webapp_phase4/index.html,http://www.ironhacks.com/preview/Orloffyeah/webapp_phase4/index.html,simple,65.8,100.0
www.ironhacks.com,www.ironhacks.com,http://www.ironhacks.com/preview/DaveValencia/webapp_phase4/index.html,http://www.ironhacks.com/preview/Saariasba/webapp_phase4/index.html,simple,100.0,100.0
www.ironhacks.com,www.ironhacks.com,http://www.ironhacks.com/preview/DaveValencia/webapp_phase4/index.html,http://www.ironhacks.com/preview/SergioLopez40/webapp_phase4/index.html,simple,65.8,100.0
www.ironhacks.com,www.ironhacks.com,http://www.ironhacks.com/preview/DaveValencia/webapp_phase4/index.html,http://www.ironhacks.com/preview/alejosaur/webapp_phase4/index.html,simple,45.6,100.0
www.ironhacks.com,www.ironhacks.com,http://www.ironhacks.com/preview/DaveValencia/webapp_phase4/index.html,http://www.ironhacks.com/preview/anythinglord/webapp_phase4/index.html,simple,3.0,100.0
www.ironhacks.com,www.ironhacks.com,http://www.ironhacks.com/preview/DaveValencia/webapp_phase4/index.html,http://www.ironhacks.com/preview/buendiagon/webapp_phase4/index.html,simple,100.0,100.0
www.ironhacks.com,www.ironhacks.com,http://www.ironhacks.com/preview/DaveValencia/webapp_phase4/index.html,http://www.ironhacks.com/preview/cglaitong/webapp_phase4/index.html,simple,65.8,100.0
www.ironhacks.com,www.ironhacks.com,http://www.ironhacks.com/preview/DaveValencia/webapp_phase4/index.html,http://www.ironhacks.com/preview/criscapunal/webapp_phase4/index.html,simple,3.1,100.0
www.ironhacks.com,www.ironhacks.com,http://www.ironhacks.com/preview/DaveValencia/webapp_phase4/index.html,http://www.ironhacks.com/preview/csalfonsol/webapp_phase4/index.html,simple,49.0,100.0
www.ironhacks.com,www.ironhacks.com,http://www.ironhacks.com/preview/DaveValencia/webapp_phase4/index.html,http://www.ironhacks.com/preview/daapinzonch/webapp_phase4/index.html,simple,90.8,100.0
www.ironhacks.com,www.ironhacks.com,http://www.ironhacks.com/preview/DaveValencia/webapp_phase4/index.html,http://www.ironhacks.com/preview/dcastanedar/webapp_phase4/index.html,simple,64.2,100.0
www.ironhacks.com,www.ironhacks.com,http://www.ironhacks.com/preview/DaveValencia/webapp_phase4/index.html,http://www.ironhacks.com/preview/dieguischa/webapp_phase4/index.html,simple,100.0,100.0
www.ironhacks.com,www.ironhacks.com,http://www.ironhacks.com/preview/DaveValencia/webapp_phase4/index.html,http://www.ironhacks.com/preview/jaasuarezvi/webapp_phase4/index.html,simple,100.0,100.0
www.ironhacks.com,www.ironhacks.com,http://www.ironhacks.com/preview/DaveValencia/webapp_phase4/index.html,http://www.ironhacks.com/preview/jdsolanos/webapp_phase4/index.html,simple,33.7,100.0
www.ironhacks.com,www.ironhacks.com,http://www.ironhacks.com/preview/DaveValencia/webapp_phase4/index.html,http://www.ironhacks.com/preview/tres-xxx/webapp_phase4/index.html,simple,100.0,100.0
www.ironhacks.com,www.ironhacks.com,http://www.ironhacks.com/preview/DaveValencia/webapp_phase4/index.html,http://www.ironhacks.com/preview/trickyjuggler/webapp_phase4/index.html,simple,64.2,100.0
www.ironhacks.com,www.ironhacks.com,http://www.ironhacks.com/preview/JorgeTorresC/webapp_phase4/index.html,http://www.ironhacks.com/preview/Orloffyeah/webapp_phase4/index.html,simple,91.2,96.7
www.ironhacks.com,www.ironhacks.com,http://www.ironhacks.com/preview/JorgeTorresC/webapp_phase4/index.html,http://www.ironhacks.com/preview/Saariasba/webapp_phase4/index.html,simple,62.9,100.0
www.ironhacks.com,www.ironhacks.com,http://www.ironhacks.com/preview/JorgeTorresC/webapp_phase4/index.html,http://www.ironhacks.com/preview/SergioLopez40/webapp_phase4/index.html,simple,86.9,86.2
www.ironhacks.com,www.ironhacks.com,http://www.ironhacks.com/preview/JorgeTorresC/webapp_phase4/index.html,http://www.ironhacks.com/preview/alejosaur/webapp_phase4/index.html,simple,92.7,75.8
www.ironhacks.com,www.ironhacks.com,http://www.ironhacks.com/preview/JorgeTorresC/webapp_phase4/index.html,http://www.ironhacks.com/preview/anythinglord/webapp_phase4/index.html,simple,24.3,54.9
www.ironhacks.com,www.ironhacks.com,http://www.ironhacks.com/preview/JorgeTorresC/webapp_phase4/index.html,http://www.ironhacks.com/preview/buendiagon/webapp_phase4/index.html,simple,62.9,100.0
www.ironhacks.com,www.ironhacks.com,http://www.ironhacks.com/preview/JorgeTorresC/webapp_phase4/index.html,http://www.ironhacks.com/preview/cglaitong/webapp_phase4/index.html,simple,79.8,100.0
www.ironhacks.com,www.ironhacks.com,http://www.ironhacks.com/preview/JorgeTorresC/webapp_phase4/index.html,http://www.ironhacks.com/preview/criscapunal/webapp_phase4/index.html,simple,1.7,100.0
www.ironhacks.com,www.ironhacks.com,http://www.ironhacks.com/preview/JorgeTorresC/webapp_phase4/index.html,http://www.ironhacks.com/preview/csalfonsol/webapp_phase4/index.html,simple,79.8,73.0
www.ironhacks.com,www.ironhacks.com,http://www.ironhacks.com/preview/JorgeTorresC/webapp_phase4/index.html,http://www.ironhacks.com/preview/daapinzonch/webapp_phase4/index.html,simple,84.6,86.6
www.ironhacks.com,www.ironhacks.com,http://www.ironhacks.com/preview/JorgeTorresC/webapp_phase4/index.html,http://www.ironhacks.com/preview/dcastanedar/webapp_phase4/index.html,simple,11.1,100.0
www.ironhacks.com,www.ironhacks.com,http://www.ironhacks.com/preview/JorgeTorresC/webapp_phase4/index.html,http://www.ironhacks.com/preview/dieguischa/webapp_phase4/index.html,simple,62.9,100.0
www.ironhacks.com,www.ironhacks.com,http://www.ironhacks.com/preview/JorgeTorresC/webapp_phase4/index.html,http://www.ironhacks.com/preview/jaasuarezvi/webapp_phase4/index.html,simple,62.9,100.0
www.ironhacks.com,www.ironhacks.com,http://www.ironhacks.com/preview/JorgeTorresC/webapp_phase4/index.html,http://www.ironhacks.com/preview/jdsolanos/webapp_phase4/index.html,simple,95.8,86.5
www.ironhacks.com,www.ironhacks.com,http://www.ironhacks.com/preview/JorgeTorresC/webapp_phase4/index.html,http://www.ironhacks.com/preview/tres-xxx/webapp_phase4/index.html,simple,62.9,100.0
www.ironhacks.com,www.ironhacks.com,http://www.ironhacks.com/preview/JorgeTorresC/webapp_phase4/index.html,http://www.ironhacks.com/preview/trickyjuggler/webapp_phase4/index.html,simple,92.6,98.5
www.ironhacks.com,www.ironhacks.com,http://www.ironhacks.com/preview/Orloffyeah/webapp_phase4/index.html,http://www.ironhacks.com/preview/Saariasba/webapp_phase4/index.html,simple,65.8,100.0
www.ironhacks.com,www.ironhacks.com,http://www.ironhacks.com/preview/Orloffyeah/webapp_phase4/index.html,http://www.ironhacks.com/preview/SergioLopez40/webapp_phase4/index.html,simple,94.8,86.8
www.ironhacks.com,www.ironhacks.com,http://www.ironhacks.com/preview/Orloffyeah/webapp_phase4/index.html,http://www.ironhacks.com/preview/alejosaur/webapp_phase4/index.html,simple,96.7,77.8
www.ironhacks.com,www.ironhacks.com,http://www.ironhacks.com/preview/Orloffyeah/webapp_phase4/index.html,http://www.ironhacks.com/preview/anythinglord/webapp_phase4/index.html,simple,26.8,57.6
www.ironhacks.com,www.ironhacks.com,http://www.ironhacks.com/preview/Orloffyeah/webapp_phase4/index.html,http://www.ironhacks.com/preview/buendiagon/webapp_phase4/index.html,simple,65.8,100.0
www.ironhacks.com,www.ironhacks.com,http://www.ironhacks.com/preview/Orloffyeah/webapp_phase4/index.html,http://www.ironhacks.com/preview/cglaitong/webapp_phase4/index.html,simple,83.8,95.3
www.ironhacks.com,www.ironhacks.com,http://www.ironhacks.com/preview/Orloffyeah/webapp_phase4/index.html,http://www.ironhacks.com/preview/criscapunal/webapp_phase4/index.html,simple,1.5,100.0
www.ironhacks.com,www.ironhacks.com,http://www.ironhacks.com/preview/Orloffyeah/webapp_phase4/index.html,http://www.ironhacks.com/preview/csalfonsol/webapp_phase4/index.html,simple,83.5,76.2
www.ironhacks.com,www.ironhacks.com,http://www.ironhacks.com/preview/Orloffyeah/webapp_phase4/index.html,http://www.ironhacks.com/preview/daapinzonch/webapp_phase4/index.html,simple,90.5,87.0
www.ironhacks.com,www.ironhacks.com,http://www.ironhacks.com/preview/Orloffyeah/webapp_phase4/index.html,http://www.ironhacks.com/preview/dcastanedar/webapp_phase4/index.html,simple,7.9,100.0
www.ironhacks.com,www.ironhacks.com,http://www.ironhacks.com/preview/Orloffyeah/webapp_phase4/index.html,http://www.ironhacks.com/preview/dieguischa/webapp_phase4/index.html,simple,65.8,100.0
www.ironhacks.com,www.ironhacks.com,http://www.ironhacks.com/preview/Orloffyeah/webapp_phase4/index.html,http://www.ironhacks.com/preview/jaasuarezvi/webapp_phase4/index.html,simple,65.8,100.0
www.ironhacks.com,www.ironhacks.com,http://www.ironhacks.com/preview/Orloffyeah/webapp_phase4/index.html,http://www.ironhacks.com/preview/jdsolanos/webapp_phase4/index.html,simple,96.6,91.6
www.ironhacks.com,www.ironhacks.com,http://www.ironhacks.com/preview/Orloffyeah/webapp_phase4/index.html,http://www.ironhacks.com/preview/tres-xxx/webapp_phase4/index.html,simple,65.8,100.0
www.ironhacks.com,www.ironhacks.com,http://www.ironhacks.com/preview/Orloffyeah/webapp_phase4/index.html,http://www.ironhacks.com/preview/trickyjuggler/webapp_phase4/index.html,simple,95.4,95.3
www.ironhacks.com,www.ironhacks.com,http://www.ironhacks.com/preview/Saariasba/webapp_phase4/index.html,http://www.ironhacks.com/preview/SergioLopez40/webapp_phase4/index.html,simple,65.8,100.0
www.ironhacks.com,www.ironhacks.com,http://www.ironhacks.com/preview/Saariasba/webapp_phase4/index.html,http://www.ironhacks.com/preview/alejosaur/webapp_phase4/index.html,simple,45.6,100.0
www.ironhacks.com,www.ironhacks.com,http://www.ironhacks.com/preview/Saariasba/webapp_phase4/index.html,http://www.ironhacks.com/preview/anythinglord/webapp_phase4/index.html,simple,3.0,100.0
www.ironhacks.com,www.ironhacks.com,http://www.ironhacks.com/preview/Saariasba/webapp_phase4/index.html,http://www.ironhacks.com/preview/buendiagon/webapp_phase4/index.html,simple,100.0,100.0
www.ironhacks.com,www.ironhacks.com,http://www.ironhacks.com/preview/Saariasba/webapp_phase4/index.html,http://www.ironhacks.com/preview/cglaitong/webapp_phase4/index.html,simple,65.8,100.0
www.ironhacks.com,www.ironhacks.com,http://www.ironhacks.com/preview/Saariasba/webapp_phase4/index.html,http://www.ironhacks.com/preview/criscapunal/webapp_phase4/index.html,simple,3.1,100.0
www.ironhacks.com,www.ironhacks.com,http://www.ironhacks.com/preview/Saariasba/webapp_phase4/index.html,http://www.ironhacks.com/preview/csalfonsol/webapp_phase4/index.html,simple,49.0,100.0
www.ironhacks.com,www.ironhacks.com,http://www.ironhacks.com/preview/Saariasba/webapp_phase4/index.html,http://www.ironhacks.com/preview/daapinzonch/webapp_phase4/index.html,simple,90.8,100.0
www.ironhacks.com,www.ironhacks.com,http://www.ironhacks.com/preview/Saariasba/webapp_phase4/index.html,http://www.ironhacks.com/preview/dcastanedar/webapp_phase4/index.html,simple,64.2,100.0
www.ironhacks.com,www.ironhacks.com,http://www.ironhacks.com/preview/Saariasba/webapp_phase4/index.html,http://www.ironhacks.com/preview/dieguischa/webapp_phase4/index.html,simple,100.0,100.0
www.ironhacks.com,www.ironhacks.com,http://www.ironhacks.com/preview/Saariasba/webapp_phase4/index.html,http://www.ironhacks.com/preview/jaasuarezvi/webapp_phase4/index.html,simple,100.0,100.0
www.ironhacks.com,www.ironhacks.com,http://www.ironhacks.com/preview/Saariasba/webapp_phase4/index.html,http://www.ironhacks.com/preview/jdsolanos/webapp_phase4/index.html,simple,33.7,100.0
www.ironhacks.com,www.ironhacks.com,http://www.ironhacks.com/preview/Saariasba/webapp_phase4/index.html,http://www.ironhacks.com/preview/tres-xxx/webapp_phase4/index.html,simple,100.0,100.0
www.ironhacks.com,www.ironhacks.com,http://www.ironhacks.com/preview/Saariasba/webapp_phase4/index.html,http://www.ironhacks.com/preview/trickyjuggler/webapp_phase4/index.html,simple,64.2,100.0
www.ironhacks.com,www.ironhacks.com,http://www.ironhacks.com/preview/SergioLopez40/webapp_phase4/index.html,http://www.ironhacks.com/preview/alejosaur/webapp_phase4/index.html,simple,88.4,73.5
www.ironhacks.com,www.ironhacks.com,http://www.ironhacks.com/preview/SergioLopez40/webapp_phase4/index.html,http://www.ironhacks.com/preview/anythinglord/webapp_phase4/index.html,simple,54.6,49.0
www.ironhacks.com,www.ironhacks.com,http://www.ironhacks.com/preview/SergioLopez40/webapp_phase4/index.html,http://www.ironhacks.com/preview/buendiagon/webapp_phase4/index.html,simple,65.8,100.0
www.ironhacks.com,www.ironhacks.com,http://www.ironhacks.com/preview/SergioLopez40/webapp_phase4/index.html,http://www.ironhacks.com/preview/cglaitong/webapp_phase4/index.html,simple,73.4,84.0
www.ironhacks.com,www.ironhacks.com,http://www.ironhacks.com/preview/SergioLopez40/webapp_phase4/index.html,http://www.ironhacks.com/preview/criscapunal/webapp_phase4/index.html,simple,1.5,100.0
www.ironhacks.com,www.ironhacks.com,http://www.ironhacks.com/preview/SergioLopez40/webapp_phase4/index.html,http://www.ironhacks.com/preview/csalfonsol/webapp_phase4/index.html,simple,56.4,68.5
www.ironhacks.com,www.ironhacks.com,http://www.ironhacks.com/preview/SergioLopez40/webapp_phase4/index.html,http://www.ironhacks.com/preview/daapinzonch/webapp_phase4/index.html,simple,65.0,74.5
www.ironhacks.com,www.ironhacks.com,http://www.ironhacks.com/preview/SergioLopez40/webapp_phase4/index.html,http://www.ironhacks.com/preview/dcastanedar/webapp_phase4/index.html,simple,11.3,100.0
www.ironhacks.com,www.ironhacks.com,http://www.ironhacks.com/preview/SergioLopez40/webapp_phase4/index.html,http://www.ironhacks.com/preview/dieguischa/webapp_phase4/index.html,simple,65.8,100.0
www.ironhacks.com,www.ironhacks.com,http://www.ironhacks.com/preview/SergioLopez40/webapp_phase4/index.html,http://www.ironhacks.com/preview/jaasuarezvi/webapp_phase4/index.html,simple,65.8,100.0
www.ironhacks.com,www.ironhacks.com,http://www.ironhacks.com/preview/SergioLopez40/webapp_phase4/index.html,http://www.ironhacks.com/preview/jdsolanos/webapp_phase4/index.html,simple,87.2,88.5
www.ironhacks.com,www.ironhacks.com,http://www.ironhacks.com/preview/SergioLopez40/webapp_phase4/index.html,http://www.ironhacks.com/preview/tres-xxx/webapp_phase4/index.html,simple,65.8,100.0
www.ironhacks.com,www.ironhacks.com,http://www.ironhacks.com/preview/SergioLopez40/webapp_phase4/index.html,http://www.ironhacks.com/preview/trickyjuggler/webapp_phase4/index.html,simple,86.7,94.0
www.ironhacks.com,www.ironhacks.com,http://www.ironhacks.com/preview/alejosaur/webapp_phase4/index.html,http://www.ironhacks.com/preview/anythinglord/webapp_phase4/index.html,simple,25.6,49.3
www.ironhacks.com,www.ironhacks.com,http://www.ironhacks.com/preview/alejosaur/webapp_phase4/index.html,http://www.ironhacks.com/preview/buendiagon/webapp_phase4/index.html,simple,45.6,100.0
www.ironhacks.com,www.ironhacks.com,http://www.ironhacks.com/preview/alejosaur/webapp_phase4/index.html,http://www.ironhacks.com/preview/cglaitong/webapp_phase4/index.html,simple,83.7,70.2
www.ironhacks.com,www.ironhacks.com,http://www.ironhacks.com/preview/alejosaur/webapp_phase4/index.html,http://www.ironhacks.com/preview/criscapunal/webapp_phase4/index.html,simple,1.8,100.0
www.ironhacks.com,www.ironhacks.com,http://www.ironhacks.com/preview/alejosaur/webapp_phase4/index.html,http://www.ironhacks.com/preview/csalfonsol/webapp_phase4/index.html,simple,84.2,69.2
www.ironhacks.com,www.ironhacks.com,http://www.ironhacks.com/preview/alejosaur/webapp_phase4/index.html,http://www.ironhacks.com/preview/daapinzonch/webapp_phase4/index.html,simple,88.4,61.2
www.ironhacks.com,www.ironhacks.com,http://www.ironhacks.com/preview/alejosaur/webapp_phase4/index.html,http://www.ironhacks.com/preview/dcastanedar/webapp_phase4/index.html,simple,10.7,100.0
www.ironhacks.com,www.ironhacks.com,http://www.ironhacks.com/preview/alejosaur/webapp_phase4/index.html,http://www.ironhacks.com/preview/dieguischa/webapp_phase4/index.html,simple,45.6,100.0
www.ironhacks.com,www.ironhacks.com,http://www.ironhacks.com/preview/alejosaur/webapp_phase4/index.html,http://www.ironhacks.com/preview/jaasuarezvi/webapp_phase4/index.html,simple,45.6,100.0
www.ironhacks.com,www.ironhacks.com,http://www.ironhacks.com/preview/alejosaur/webapp_phase4/index.html,http://www.ironhacks.com/preview/jdsolanos/webapp_phase4/index.html,simple,93.3,69.8
www.ironhacks.com,www.ironhacks.com,http://www.ironhacks.com/preview/alejosaur/webapp_phase4/index.html,http://www.ironhacks.com/preview/tres-xxx/webapp_phase4/index.html,simple,45.6,100.0
www.ironhacks.com,www.ironhacks.com,http://www.ironhacks.com/preview/alejosaur/webapp_phase4/index.html,http://www.ironhacks.com/preview/trickyjuggler/webapp_phase4/index.html,simple,97.6,69.6
www.ironhacks.com,www.ironhacks.com,http://www.ironhacks.com/preview/anythinglord/webapp_phase4/index.html,http://www.ironhacks.com/preview/buendiagon/webapp_phase4/index.html,simple,3.0,100.0
www.ironhacks.com,www.ironhacks.com,http://www.ironhacks.com/preview/anythinglord/webapp_phase4/index.html,http://www.ironhacks.com/preview/cglaitong/webapp_phase4/index.html,simple,20.9,47.8
www.ironhacks.com,www.ironhacks.com,http://www.ironhacks.com/preview/anythinglord/webapp_phase4/index.html,http://www.ironhacks.com/preview/criscapunal/webapp_phase4/index.html,simple,3.7,100.0
www.ironhacks.com,www.ironhacks.com,http://www.ironhacks.com/preview/anythinglord/webapp_phase4/index.html,http://www.ironhacks.com/preview/csalfonsol/webapp_phase4/index.html,simple,18.5,42.7
www.ironhacks.com,www.ironhacks.com,http://www.ironhacks.com/preview/anythinglord/webapp_phase4/index.html,http://www.ironhacks.com/preview/daapinzonch/webapp_phase4/index.html,simple,7.0,47.1
www.ironhacks.com,www.ironhacks.com,http://www.ironhacks.com/preview/anythinglord/webapp_phase4/index.html,http://www.ironhacks.com/preview/dcastanedar/webapp_phase4/index.html,simple,1.4,100.0
www.ironhacks.com,www.ironhacks.com,http://www.ironhacks.com/preview/anythinglord/webapp_phase4/index.html,http://www.ironhacks.com/preview/dieguischa/webapp_phase4/index.html,simple,3.0,100.0
www.ironhacks.com,www.ironhacks.com,http://www.ironhacks.com/preview/anythinglord/webapp_phase4/index.html,http://www.ironhacks.com/preview/jaasuarezvi/webapp_phase4/index.html,simple,3.0,100.0
www.ironhacks.com,www.ironhacks.com,http://www.ironhacks.com/preview/anythinglord/webapp_phase4/index.html,http://www.ironhacks.com/preview/jdsolanos/webapp_phase4/index.html,simple,62.3,49.4
www.ironhacks.com,www.ironhacks.com,http://www.ironhacks.com/preview/anythinglord/webapp_phase4/index.html,http://www.ironhacks.com/preview/tres-xxx/webapp_phase4/index.html,simple,3.0,100.0
www.ironhacks.com,www.ironhacks.com,http://www.ironhacks.com/preview/anythinglord/webapp_phase4/index.html,http://www.ironhacks.com/preview/trickyjuggler/webapp_phase4/index.html,simple,25.3,64.1
www.ironhacks.com,www.ironhacks.com,http://www.ironhacks.com/preview/buendiagon/webapp_phase4/index.html,http://www.ironhacks.com/preview/cglaitong/webapp_phase4/index.html,simple,65.8,100.0
www.ironhacks.com,www.ironhacks.com,http://www.ironhacks.com/preview/buendiagon/webapp_phase4/index.html,http://www.ironhacks.com/preview/criscapunal/webapp_phase4/index.html,simple,3.1,100.0
www.ironhacks.com,www.ironhacks.com,http://www.ironhacks.com/preview/buendiagon/webapp_phase4/index.html,http://www.ironhacks.com/preview/csalfonsol/webapp_phase4/index.html,simple,49.0,100.0
www.ironhacks.com,www.ironhacks.com,http://www.ironhacks.com/preview/buendiagon/webapp_phase4/index.html,http://www.ironhacks.com/preview/daapinzonch/webapp_phase4/index.html,simple,90.8,100.0
www.ironhacks.com,www.ironhacks.com,http://www.ironhacks.com/preview/buendiagon/webapp_phase4/index.html,http://www.ironhacks.com/preview/dcastanedar/webapp_phase4/index.html,simple,64.2,100.0
www.ironhacks.com,www.ironhacks.com,http://www.ironhacks.com/preview/buendiagon/webapp_phase4/index.html,http://www.ironhacks.com/preview/dieguischa/webapp_phase4/index.html,simple,100.0,100.0
www.ironhacks.com,www.ironhacks.com,http://www.ironhacks.com/preview/buendiagon/webapp_phase4/index.html,http://www.ironhacks.com/preview/jaasuarezvi/webapp_phase4/index.html,simple,100.0,100.0
www.ironhacks.com,www.ironhacks.com,http://www.ironhacks.com/preview/buendiagon/webapp_phase4/index.html,http://www.ironhacks.com/preview/jdsolanos/webapp_phase4/index.html,simple,33.7,100.0
www.ironhacks.com,www.ironhacks.com,http://www.ironhacks.com/preview/buendiagon/webapp_phase4/index.html,http://www.ironhacks.com/preview/tres-xxx/webapp_phase4/index.html,simple,100.0,100.0
www.ironhacks.com,www.ironhacks.com,http://www.ironhacks.com/preview/buendiagon/webapp_phase4/index.html,http://www.ironhacks.com/preview/trickyjuggler/webapp_phase4/index.html,simple,64.2,100.0
www.ironhacks.com,www.ironhacks.com,http://www.ironhacks.com/preview/cglaitong/webapp_phase4/index.html,http://www.ironhacks.com/preview/criscapunal/webapp_phase4/index.html,simple,1.5,100.0
www.ironhacks.com,www.ironhacks.com,http://www.ironhacks.com/preview/cglaitong/webapp_phase4/index.html,http://www.ironhacks.com/preview/csalfonsol/webapp_phase4/index.html,simple,72.2,73.2
www.ironhacks.com,www.ironhacks.com,http://www.ironhacks.com/preview/cglaitong/webapp_phase4/index.html,http://www.ironhacks.com/preview/daapinzonch/webapp_phase4/index.html,simple,85.2,76.7
www.ironhacks.com,www.ironhacks.com,http://www.ironhacks.com/preview/cglaitong/webapp_phase4/index.html,http://www.ironhacks.com/preview/dcastanedar/webapp_phase4/index.html,simple,11.3,100.0
www.ironhacks.com,www.ironhacks.com,http://www.ironhacks.com/preview/cglaitong/webapp_phase4/index.html,http://www.ironhacks.com/preview/dieguischa/webapp_phase4/index.html,simple,65.8,100.0
www.ironhacks.com,www.ironhacks.com,http://www.ironhacks.com/preview/cglaitong/webapp_phase4/index.html,http://www.ironhacks.com/preview/jaasuarezvi/webapp_phase4/index.html,simple,65.8,100.0
www.ironhacks.com,www.ironhacks.com,http://www.ironhacks.com/preview/cglaitong/webapp_phase4/index.html,http://www.ironhacks.com/preview/jdsolanos/webapp_phase4/index.html,simple,77.7,78.7
www.ironhacks.com,www.ironhacks.com,http://www.ironhacks.com/preview/cglaitong/webapp_phase4/index.html,http://www.ironhacks.com/preview/tres-xxx/webapp_phase4/index.html,simple,65.8,100.0
www.ironhacks.com,www.ironhacks.com,http://www.ironhacks.com/preview/cglaitong/webapp_phase4/index.html,http://www.ironhacks.com/preview/trickyjuggler/webapp_phase4/index.html,simple,83.7,89.0
www.ironhacks.com,www.ironhacks.com,http://www.ironhacks.com/preview/criscapunal/webapp_phase4/index.html,http://www.ironhacks.com/preview/csalfonsol/webapp_phase4/index.html,simple,2.1,100.0
www.ironhacks.com,www.ironhacks.com,http://www.ironhacks.com/preview/criscapunal/webapp_phase4/index.html,http://www.ironhacks.com/preview/daapinzonch/webapp_phase4/index.html,simple,91.6,100.0
www.ironhacks.com,www.ironhacks.com,http://www.ironhacks.com/preview/criscapunal/webapp_phase4/index.html,http://www.ironhacks.com/preview/dcastanedar/webapp_phase4/index.html,simple,4.5,100.0
www.ironhacks.com,www.ironhacks.com,http://www.ironhacks.com/preview/criscapunal/webapp_phase4/index.html,http://www.ironhacks.com/preview/dieguischa/webapp_phase4/index.html,simple,3.1,100.0
www.ironhacks.com,www.ironhacks.com,http://www.ironhacks.com/preview/criscapunal/webapp_phase4/index.html,http://www.ironhacks.com/preview/jaasuarezvi/webapp_phase4/index.html,simple,3.1,100.0
www.ironhacks.com,www.ironhacks.com,http://www.ironhacks.com/preview/criscapunal/webapp_phase4/index.html,http://www.ironhacks.com/preview/jdsolanos/webapp_phase4/index.html,simple,-0.0,100.0
www.ironhacks.com,www.ironhacks.com,http://www.ironhacks.com/preview/criscapunal/webapp_phase4/index.html,http://www.ironhacks.com/preview/tres-xxx/webapp_phase4/index.html,simple,3.1,100.0
www.ironhacks.com,www.ironhacks.com,http://www.ironhacks.com/preview/criscapunal/webapp_phase4/index.html,http://www.ironhacks.com/preview/trickyjuggler/webapp_phase4/index.html,simple,1.5,100.0
www.ironhacks.com,www.ironhacks.com,http://www.ironhacks.com/preview/csalfonsol/webapp_phase4/index.html,http://www.ironhacks.com/preview/daapinzonch/webapp_phase4/index.html,simple,51.4,82.3
www.ironhacks.com,www.ironhacks.com,http://www.ironhacks.com/preview/csalfonsol/webapp_phase4/index.html,http://www.ironhacks.com/preview/dcastanedar/webapp_phase4/index.html,simple,10.8,100.0
www.ironhacks.com,www.ironhacks.com,http://www.ironhacks.com/preview/csalfonsol/webapp_phase4/index.html,http://www.ironhacks.com/preview/dieguischa/webapp_phase4/index.html,simple,49.0,100.0
www.ironhacks.com,www.ironhacks.com,http://www.ironhacks.com/preview/csalfonsol/webapp_phase4/index.html,http://www.ironhacks.com/preview/jaasuarezvi/webapp_phase4/index.html,simple,49.0,100.0
www.ironhacks.com,www.ironhacks.com,http://www.ironhacks.com/preview/csalfonsol/webapp_phase4/index.html,http://www.ironhacks.com/preview/jdsolanos/webapp_phase4/index.html,simple,56.8,77.9
www.ironhacks.com,www.ironhacks.com,http://www.ironhacks.com/preview/csalfonsol/webapp_phase4/index.html,http://www.ironhacks.com/preview/tres-xxx/webapp_phase4/index.html,simple,49.0,100.0
www.ironhacks.com,www.ironhacks.com,http://www.ironhacks.com/preview/csalfonsol/webapp_phase4/index.html,http://www.ironhacks.com/preview/trickyjuggler/webapp_phase4/index.html,simple,56.2,79.2
www.ironhacks.com,www.ironhacks.com,http://www.ironhacks.com/preview/daapinzonch/webapp_phase4/index.html,http://www.ironhacks.com/preview/dcastanedar/webapp_phase4/index.html,simple,91.9,100.0
www.ironhacks.com,www.ironhacks.com,http://www.ironhacks.com/preview/daapinzonch/webapp_phase4/index.html,http://www.ironhacks.com/preview/dieguischa/webapp_phase4/index.html,simple,90.8,100.0
www.ironhacks.com,www.ironhacks.com,http://www.ironhacks.com/preview/daapinzonch/webapp_phase4/index.html,http://www.ironhacks.com/preview/jaasuarezvi/webapp_phase4/index.html,simple,90.8,100.0
www.ironhacks.com,www.ironhacks.com,http://www.ironhacks.com/preview/daapinzonch/webapp_phase4/index.html,http://www.ironhacks.com/preview/jdsolanos/webapp_phase4/index.html,simple,77.4,93.0
www.ironhacks.com,www.ironhacks.com,http://www.ironhacks.com/preview/daapinzonch/webapp_phase4/index.html,http://www.ironhacks.com/preview/tres-xxx/webapp_phase4/index.html,simple,90.8,100.0
www.ironhacks.com,www.ironhacks.com,http://www.ironhacks.com/preview/daapinzonch/webapp_phase4/index.html,http://www.ironhacks.com/preview/trickyjuggler/webapp_phase4/index.html,simple,74.9,91.3
www.ironhacks.com,www.ironhacks.com,http://www.ironhacks.com/preview/dcastanedar/webapp_phase4/index.html,http://www.ironhacks.com/preview/dieguischa/webapp_phase4/index.html,simple,64.2,100.0
www.ironhacks.com,www.ironhacks.com,http://www.ironhacks.com/preview/dcastanedar/webapp_phase4/index.html,http://www.ironhacks.com/preview/jaasuarezvi/webapp_phase4/index.html,simple,64.2,100.0
www.ironhacks.com,www.ironhacks.com,http://www.ironhacks.com/preview/dcastanedar/webapp_phase4/index.html,http://www.ironhacks.com/preview/jdsolanos/webapp_phase4/index.html,simple,9.4,100.0
www.ironhacks.com,www.ironhacks.com,http://www.ironhacks.com/preview/dcastanedar/webapp_phase4/index.html,http://www.ironhacks.com/preview/tres-xxx/webapp_phase4/index.html,simple,64.2,100.0
www.ironhacks.com,www.ironhacks.com,http://www.ironhacks.com/preview/dcastanedar/webapp_phase4/index.html,http://www.ironhacks.com/preview/trickyjuggler/webapp_phase4/index.html,simple,11.3,100.0
www.ironhacks.com,www.ironhacks.com,http://www.ironhacks.com/preview/dieguischa/webapp_phase4/index.html,http://www.ironhacks.com/preview/jaasuarezvi/webapp_phase4/index.html,simple,100.0,100.0
www.ironhacks.com,www.ironhacks.com,http://www.ironhacks.com/preview/dieguischa/webapp_phase4/index.html,http://www.ironhacks.com/preview/jdsolanos/webapp_phase4/index.html,simple,33.7,100.0
www.ironhacks.com,www.ironhacks.com,http://www.ironhacks.com/preview/dieguischa/webapp_phase4/index.html,http://www.ironhacks.com/preview/tres-xxx/webapp_phase4/index.html,simple,100.0,100.0
www.ironhacks.com,www.ironhacks.com,http://www.ironhacks.com/preview/dieguischa/webapp_phase4/index.html,http://www.ironhacks.com/preview/trickyjuggler/webapp_phase4/index.html,simple,64.2,100.0
www.ironhacks.com,www.ironhacks.com,http://www.ironhacks.com/preview/jaasuarezvi/webapp_phase4/index.html,http://www.ironhacks.com/preview/jdsolanos/webapp_phase4/index.html,simple,33.7,100.0
www.ironhacks.com,www.ironhacks.com,http://www.ironhacks.com/preview/jaasuarezvi/webapp_phase4/index.html,http://www.ironhacks.com/preview/tres-xxx/webapp_phase4/index.html,simple,100.0,100.0
www.ironhacks.com,www.ironhacks.com,http://www.ironhacks.com/preview/jaasuarezvi/webapp_phase4/index.html,http://www.ironhacks.com/preview/trickyjuggler/webapp_phase4/index.html,simple,64.2,100.0
www.ironhacks.com,www.ironhacks.com,http://www.ironhacks.com/preview/jdsolanos/webapp_phase4/index.html,http://www.ironhacks.com/preview/tres-xxx/webapp_phase4/index.html,simple,33.7,100.0
www.ironhacks.com,www.ironhacks.com,http://www.ironhacks.com/preview/jdsolanos/webapp_phase4/index.html,http://www.ironhacks.com/preview/trickyjuggler/webapp_phase4/index.html,simple,91.4,85.4
www.ironhacks.com,www.ironhacks.com,http://www.ironhacks.com/preview/tres-xxx/webapp_phase4/index.html,http://www.ironhacks.com/preview/trickyjuggler/webapp_phase4/index.html,simple,64.2,100.0